path,symbol_id,latex,user_id
../../hasy-data/v2-00016.png,31,A,8071
../../hasy-data/v2-00017.png,31,A,9505
../../hasy-data/v2-00018.png,31,A,16925
../../hasy-data/v2-00019.png,31,A,16925
../../hasy-data/v2-00020.png,31,A,16925
../../hasy-data/v2-00021.png,31,A,16925
../../hasy-data/v2-00029.png,32,B,10
../../hasy-data/v2-00050.png,34,D,9283
../../hasy-data/v2-00051.png,34,D,16925
../../hasy-data/v2-00114.png,41,K,8486
../../hasy-data/v2-00232.png,56,Z,17324
../../hasy-data/v2-00427.png,77,7,8324
../../hasy-data/v2-00603.png,81,\pi,16925
../../hasy-data/v2-00604.png,81,\pi,16925
../../hasy-data/v2-00605.png,81,\pi,16925
../../hasy-data/v2-00606.png,81,\pi,16925
../../hasy-data/v2-00607.png,81,\pi,16925s
../../hasy-data/v2-17074.png,31,A,34
../../hasy-data/v2-17075.png,31,A,46
../../hasy-data/v2-17076.png,31,A,47
../../hasy-data/v2-17077.png,31,A,48
../../hasy-data/v2-17078.png,31,A,46
../../hasy-data/v2-17079.png,31,A,50
../../hasy-data/v2-17080.png,31,A,59
../../hasy-data/v2-17081.png,31,A,10
../../hasy-data/v2-17082.png,31,A,10
../../hasy-data/v2-17083.png,31,A,43
../../hasy-data/v2-17084.png,31,A,43
../../hasy-data/v2-17085.png,31,A,43
../../hasy-data/v2-17086.png,31,A,43
../../hasy-data/v2-17087.png,31,A,43
../../hasy-data/v2-17088.png,31,A,43
../../hasy-data/v2-17089.png,31,A,43
../../hasy-data/v2-17090.png,31,A,43
../../hasy-data/v2-17091.png,31,A,10
../../hasy-data/v2-17092.png,31,A,10
../../hasy-data/v2-17093.png,31,A,10
../../hasy-data/v2-17094.png,31,A,180
../../hasy-data/v2-17095.png,31,A,10
../../hasy-data/v2-17096.png,31,A,10
../../hasy-data/v2-17097.png,31,A,10
../../hasy-data/v2-17098.png,31,A,1661
../../hasy-data/v2-17099.png,31,A,1661
../../hasy-data/v2-17100.png,31,A,1710
../../hasy-data/v2-17101.png,31,A,3328
../../hasy-data/v2-17102.png,31,A,3328
../../hasy-data/v2-17103.png,31,A,4435
../../hasy-data/v2-17104.png,31,A,5877
../../hasy-data/v2-17105.png,31,A,5944
../../hasy-data/v2-17106.png,31,A,5981
../../hasy-data/v2-17107.png,31,A,5981
../../hasy-data/v2-17108.png,31,A,5981
../../hasy-data/v2-17109.png,31,A,5981
../../hasy-data/v2-17110.png,31,A,5981
../../hasy-data/v2-17111.png,31,A,5981
../../hasy-data/v2-17112.png,31,A,5981
../../hasy-data/v2-17113.png,31,A,5981
../../hasy-data/v2-17114.png,31,A,5981
../../hasy-data/v2-17115.png,31,A,5981
../../hasy-data/v2-17116.png,31,A,5981
../../hasy-data/v2-17117.png,31,A,5981
../../hasy-data/v2-17118.png,31,A,5981
../../hasy-data/v2-17119.png,31,A,5981
../../hasy-data/v2-17120.png,31,A,5981
../../hasy-data/v2-17121.png,31,A,5981
../../hasy-data/v2-17122.png,31,A,5981
../../hasy-data/v2-17123.png,31,A,5981
../../hasy-data/v2-17124.png,31,A,5981
../../hasy-data/v2-17125.png,31,A,5981
../../hasy-data/v2-17126.png,31,A,5981
../../hasy-data/v2-17127.png,31,A,5981
../../hasy-data/v2-17128.png,31,A,5981
../../hasy-data/v2-17129.png,31,A,5981
../../hasy-data/v2-17130.png,31,A,5981
../../hasy-data/v2-17131.png,31,A,5981
../../hasy-data/v2-17132.png,31,A,5981
../../hasy-data/v2-17133.png,31,A,5981
../../hasy-data/v2-17134.png,31,A,5981
../../hasy-data/v2-17135.png,31,A,5981
../../hasy-data/v2-17136.png,31,A,5981
../../hasy-data/v2-17137.png,31,A,5981
../../hasy-data/v2-17138.png,31,A,5981
../../hasy-data/v2-17139.png,31,A,5981
../../hasy-data/v2-17140.png,31,A,5981
../../hasy-data/v2-17141.png,31,A,5981
../../hasy-data/v2-17142.png,31,A,5981
../../hasy-data/v2-17143.png,31,A,5981
../../hasy-data/v2-17144.png,31,A,5981
../../hasy-data/v2-17145.png,31,A,5981
../../hasy-data/v2-17146.png,31,A,5981
../../hasy-data/v2-17147.png,31,A,5981
../../hasy-data/v2-17148.png,31,A,5981
../../hasy-data/v2-17149.png,31,A,5981
../../hasy-data/v2-17150.png,31,A,5981
../../hasy-data/v2-17151.png,31,A,5981
../../hasy-data/v2-17152.png,31,A,5981
../../hasy-data/v2-17153.png,31,A,4142
../../hasy-data/v2-17154.png,31,A,6188
../../hasy-data/v2-17155.png,31,A,5879
../../hasy-data/v2-17156.png,31,A,6567
../../hasy-data/v2-17157.png,31,A,6483
../../hasy-data/v2-17158.png,31,A,6672
../../hasy-data/v2-17159.png,31,A,6933
../../hasy-data/v2-17160.png,31,A,7052
../../hasy-data/v2-17161.png,31,A,7052
../../hasy-data/v2-17162.png,31,A,7052
../../hasy-data/v2-17163.png,31,A,1696
../../hasy-data/v2-17164.png,31,A,1696
../../hasy-data/v2-17165.png,31,A,7940
../../hasy-data/v2-17166.png,31,A,7940
../../hasy-data/v2-17167.png,31,A,7940
../../hasy-data/v2-17168.png,31,A,8099
../../hasy-data/v2-17169.png,31,A,8099
../../hasy-data/v2-17170.png,31,A,8261
../../hasy-data/v2-17171.png,31,A,8261
../../hasy-data/v2-17172.png,31,A,8261
../../hasy-data/v2-17173.png,31,A,8348
../../hasy-data/v2-17174.png,31,A,8348
../../hasy-data/v2-17175.png,31,A,8457
../../hasy-data/v2-17176.png,31,A,8457
../../hasy-data/v2-17177.png,31,A,8486
../../hasy-data/v2-17178.png,31,A,8633
../../hasy-data/v2-17179.png,31,A,9017
../../hasy-data/v2-17180.png,31,A,9283
../../hasy-data/v2-17181.png,31,A,9283
../../hasy-data/v2-17182.png,31,A,9505
../../hasy-data/v2-17183.png,31,A,9505
../../hasy-data/v2-17184.png,31,A,5879
../../hasy-data/v2-17185.png,31,A,5879
../../hasy-data/v2-17186.png,31,A,16925
../../hasy-data/v2-17187.png,31,A,16925
../../hasy-data/v2-17188.png,31,A,16925
../../hasy-data/v2-17189.png,31,A,16925
../../hasy-data/v2-17190.png,31,A,16925
../../hasy-data/v2-17191.png,31,A,16925
../../hasy-data/v2-17192.png,31,A,16925
../../hasy-data/v2-17193.png,31,A,16925
../../hasy-data/v2-17194.png,31,A,16925
../../hasy-data/v2-17195.png,31,A,16925
../../hasy-data/v2-17196.png,31,A,16925
../../hasy-data/v2-17197.png,31,A,16925
../../hasy-data/v2-17198.png,31,A,16925
../../hasy-data/v2-17199.png,31,A,33080
../../hasy-data/v2-17200.png,31,A,10
../../hasy-data/v2-17201.png,31,A,4142
../../hasy-data/v2-17202.png,31,A,59154
../../hasy-data/v2-17203.png,31,A,10
../../hasy-data/v2-17204.png,31,A,97301
../../hasy-data/v2-17205.png,31,A,101296
../../hasy-data/v2-17206.png,31,A,116471
../../hasy-data/v2-17207.png,31,A,117123
../../hasy-data/v2-17208.png,31,A,117684
../../hasy-data/v2-17209.png,31,A,117684
../../hasy-data/v2-17210.png,31,A,125926
../../hasy-data/v2-17211.png,32,B,15
../../hasy-data/v2-17212.png,32,B,48
../../hasy-data/v2-17213.png,32,B,59
../../hasy-data/v2-17214.png,32,B,1710
../../hasy-data/v2-17215.png,32,B,4435
../../hasy-data/v2-17216.png,32,B,5877
../../hasy-data/v2-17217.png,32,B,4142
../../hasy-data/v2-17218.png,32,B,6188
../../hasy-data/v2-17219.png,32,B,5879
../../hasy-data/v2-17220.png,32,B,6498
../../hasy-data/v2-17221.png,32,B,6567
../../hasy-data/v2-17222.png,32,B,6483
../../hasy-data/v2-17223.png,32,B,6483
../../hasy-data/v2-17224.png,32,B,6483
../../hasy-data/v2-17225.png,32,B,6643
../../hasy-data/v2-17226.png,32,B,6662
../../hasy-data/v2-17227.png,32,B,6672
../../hasy-data/v2-17228.png,32,B,6483
../../hasy-data/v2-17229.png,32,B,6483
../../hasy-data/v2-17230.png,32,B,6483
../../hasy-data/v2-17231.png,32,B,5879
../../hasy-data/v2-17232.png,32,B,7052
../../hasy-data/v2-17233.png,32,B,7637
../../hasy-data/v2-17234.png,32,B,1696
../../hasy-data/v2-17235.png,32,B,7841
../../hasy-data/v2-17236.png,32,B,7841
../../hasy-data/v2-17237.png,32,B,7841
../../hasy-data/v2-17238.png,32,B,7841
../../hasy-data/v2-17239.png,32,B,7841
../../hasy-data/v2-17240.png,32,B,7841
../../hasy-data/v2-17241.png,32,B,7841
../../hasy-data/v2-17242.png,32,B,7841
../../hasy-data/v2-17243.png,32,B,7841
../../hasy-data/v2-17244.png,32,B,7841
../../hasy-data/v2-17245.png,32,B,7841
../../hasy-data/v2-17246.png,32,B,7841
../../hasy-data/v2-17247.png,32,B,10
../../hasy-data/v2-17248.png,32,B,10
../../hasy-data/v2-17249.png,32,B,10
../../hasy-data/v2-17250.png,32,B,8457
../../hasy-data/v2-17251.png,32,B,8486
../../hasy-data/v2-17252.png,32,B,8633
../../hasy-data/v2-17253.png,32,B,9017
../../hasy-data/v2-17254.png,32,B,9283
../../hasy-data/v2-17255.png,32,B,9505
../../hasy-data/v2-17256.png,32,B,16925
../../hasy-data/v2-17257.png,32,B,16925
../../hasy-data/v2-17258.png,32,B,16925
../../hasy-data/v2-17259.png,32,B,59154
../../hasy-data/v2-17260.png,32,B,101298
../../hasy-data/v2-17261.png,32,B,116471
../../hasy-data/v2-17262.png,32,B,125926
../../hasy-data/v2-17263.png,32,B,128674
../../hasy-data/v2-17264.png,33,C,10
../../hasy-data/v2-17265.png,33,C,10
../../hasy-data/v2-17266.png,33,C,10
../../hasy-data/v2-17267.png,33,C,10
../../hasy-data/v2-17268.png,33,C,10
../../hasy-data/v2-17269.png,33,C,10
../../hasy-data/v2-17270.png,33,C,10
../../hasy-data/v2-17271.png,33,C,10
../../hasy-data/v2-17272.png,33,C,10
../../hasy-data/v2-17273.png,33,C,10
../../hasy-data/v2-17274.png,33,C,10
../../hasy-data/v2-17275.png,33,C,10
../../hasy-data/v2-17276.png,33,C,10
../../hasy-data/v2-17277.png,33,C,10
../../hasy-data/v2-17278.png,33,C,15
../../hasy-data/v2-17279.png,33,C,15
../../hasy-data/v2-17280.png,33,C,10
../../hasy-data/v2-17281.png,33,C,10
../../hasy-data/v2-17282.png,33,C,10
../../hasy-data/v2-17283.png,33,C,10
../../hasy-data/v2-17284.png,33,C,10
../../hasy-data/v2-17285.png,33,C,10
../../hasy-data/v2-17286.png,33,C,10
../../hasy-data/v2-17287.png,33,C,10
../../hasy-data/v2-17288.png,33,C,10
../../hasy-data/v2-17289.png,33,C,10
../../hasy-data/v2-17290.png,33,C,10
../../hasy-data/v2-17291.png,33,C,10
../../hasy-data/v2-17292.png,33,C,10
../../hasy-data/v2-17293.png,33,C,10
../../hasy-data/v2-17294.png,33,C,10
../../hasy-data/v2-17295.png,33,C,10
../../hasy-data/v2-17296.png,33,C,10
../../hasy-data/v2-17297.png,33,C,10
../../hasy-data/v2-17298.png,33,C,10
../../hasy-data/v2-17299.png,33,C,10
../../hasy-data/v2-17300.png,33,C,10
../../hasy-data/v2-17301.png,33,C,10
../../hasy-data/v2-17302.png,33,C,10
../../hasy-data/v2-17303.png,33,C,10
../../hasy-data/v2-17304.png,33,C,10
../../hasy-data/v2-17305.png,33,C,10
../../hasy-data/v2-17306.png,33,C,10
../../hasy-data/v2-17307.png,33,C,10
../../hasy-data/v2-17308.png,33,C,10
../../hasy-data/v2-17309.png,33,C,10
../../hasy-data/v2-17310.png,33,C,10
../../hasy-data/v2-17311.png,33,C,10
../../hasy-data/v2-17312.png,33,C,10
../../hasy-data/v2-17313.png,33,C,10
../../hasy-data/v2-17314.png,33,C,10
../../hasy-data/v2-17315.png,33,C,10
../../hasy-data/v2-17316.png,33,C,23
../../hasy-data/v2-17317.png,33,C,10
../../hasy-data/v2-17318.png,33,C,10
../../hasy-data/v2-17319.png,33,C,34
../../hasy-data/v2-17320.png,33,C,35
../../hasy-data/v2-17321.png,33,C,40
../../hasy-data/v2-17322.png,33,C,35
../../hasy-data/v2-17323.png,33,C,35
../../hasy-data/v2-17324.png,33,C,35
../../hasy-data/v2-17325.png,33,C,35
../../hasy-data/v2-17326.png,33,C,35
../../hasy-data/v2-17327.png,33,C,35
../../hasy-data/v2-17328.png,33,C,35
../../hasy-data/v2-17329.png,33,C,35
../../hasy-data/v2-17330.png,33,C,35
../../hasy-data/v2-17331.png,33,C,35
../../hasy-data/v2-17332.png,33,C,35
../../hasy-data/v2-17333.png,33,C,35
../../hasy-data/v2-17334.png,33,C,35
../../hasy-data/v2-17335.png,33,C,35
../../hasy-data/v2-17336.png,33,C,35
../../hasy-data/v2-17337.png,33,C,35
../../hasy-data/v2-17338.png,33,C,35
../../hasy-data/v2-17339.png,33,C,35
../../hasy-data/v2-17340.png,33,C,35
../../hasy-data/v2-17341.png,33,C,35
../../hasy-data/v2-17342.png,33,C,35
../../hasy-data/v2-17343.png,33,C,35
../../hasy-data/v2-17344.png,33,C,35
../../hasy-data/v2-17345.png,33,C,35
../../hasy-data/v2-17346.png,33,C,35
../../hasy-data/v2-17347.png,33,C,35
../../hasy-data/v2-17348.png,33,C,35
../../hasy-data/v2-17349.png,33,C,44
../../hasy-data/v2-17350.png,33,C,46
../../hasy-data/v2-17351.png,33,C,48
../../hasy-data/v2-17352.png,33,C,59
../../hasy-data/v2-17353.png,33,C,92
../../hasy-data/v2-17354.png,33,C,1710
../../hasy-data/v2-17355.png,33,C,3530
../../hasy-data/v2-17356.png,33,C,4435
../../hasy-data/v2-17357.png,33,C,5877
../../hasy-data/v2-17358.png,33,C,5944
../../hasy-data/v2-17359.png,33,C,4142
../../hasy-data/v2-17360.png,33,C,6188
../../hasy-data/v2-17361.png,33,C,5879
../../hasy-data/v2-17362.png,33,C,6567
../../hasy-data/v2-17363.png,33,C,6483
../../hasy-data/v2-17364.png,33,C,6672
../../hasy-data/v2-17365.png,33,C,10
../../hasy-data/v2-17366.png,33,C,7052
../../hasy-data/v2-17367.png,33,C,1696
../../hasy-data/v2-17368.png,33,C,8486
../../hasy-data/v2-17369.png,33,C,8633
../../hasy-data/v2-17370.png,33,C,9017
../../hasy-data/v2-17371.png,33,C,9283
../../hasy-data/v2-17372.png,33,C,13499
../../hasy-data/v2-17373.png,33,C,13499
../../hasy-data/v2-17374.png,33,C,13499
../../hasy-data/v2-17375.png,33,C,13499
../../hasy-data/v2-17376.png,33,C,16925
../../hasy-data/v2-17377.png,33,C,16925
../../hasy-data/v2-17378.png,33,C,16925
../../hasy-data/v2-17379.png,33,C,16925
../../hasy-data/v2-17380.png,33,C,59154
../../hasy-data/v2-17381.png,33,C,101299
../../hasy-data/v2-17382.png,33,C,116471
../../hasy-data/v2-17383.png,33,C,125926
../../hasy-data/v2-17384.png,34,D,48
../../hasy-data/v2-17385.png,34,D,50
../../hasy-data/v2-17386.png,34,D,59
../../hasy-data/v2-17387.png,34,D,43
../../hasy-data/v2-17388.png,34,D,1710
../../hasy-data/v2-17389.png,34,D,5877
../../hasy-data/v2-17390.png,34,D,5879
../../hasy-data/v2-17391.png,34,D,6567
../../hasy-data/v2-17392.png,34,D,6567
../../hasy-data/v2-17393.png,34,D,6643
../../hasy-data/v2-17394.png,34,D,6662
../../hasy-data/v2-17395.png,34,D,6672
../../hasy-data/v2-17396.png,34,D,6958
../../hasy-data/v2-17397.png,34,D,6483
../../hasy-data/v2-17398.png,34,D,7045
../../hasy-data/v2-17399.png,34,D,7052
../../hasy-data/v2-17400.png,34,D,1696
../../hasy-data/v2-17401.png,34,D,8082
../../hasy-data/v2-17402.png,34,D,10
../../hasy-data/v2-17403.png,34,D,8457
../../hasy-data/v2-17404.png,34,D,8486
../../hasy-data/v2-17405.png,34,D,8486
../../hasy-data/v2-17406.png,34,D,8633
../../hasy-data/v2-17407.png,34,D,9224
../../hasy-data/v2-17408.png,34,D,9505
../../hasy-data/v2-17409.png,34,D,50
../../hasy-data/v2-17410.png,34,D,15
../../hasy-data/v2-17411.png,34,D,8486
../../hasy-data/v2-17412.png,34,D,8486
../../hasy-data/v2-17413.png,34,D,8486
../../hasy-data/v2-17414.png,34,D,8486
../../hasy-data/v2-17415.png,34,D,8486
../../hasy-data/v2-17416.png,34,D,16925
../../hasy-data/v2-17417.png,34,D,10
../../hasy-data/v2-17418.png,34,D,10
../../hasy-data/v2-17419.png,34,D,10
../../hasy-data/v2-17420.png,34,D,10
../../hasy-data/v2-17421.png,34,D,10
../../hasy-data/v2-17422.png,34,D,10
../../hasy-data/v2-17423.png,34,D,10
../../hasy-data/v2-17424.png,34,D,10
../../hasy-data/v2-17425.png,34,D,10
../../hasy-data/v2-17426.png,34,D,10
../../hasy-data/v2-17427.png,34,D,10
../../hasy-data/v2-17428.png,34,D,59154
../../hasy-data/v2-17429.png,34,D,96167
../../hasy-data/v2-17430.png,34,D,101301
../../hasy-data/v2-17431.png,34,D,116471
../../hasy-data/v2-17432.png,34,D,125926
../../hasy-data/v2-17433.png,34,D,126638
../../hasy-data/v2-17434.png,35,E,48
../../hasy-data/v2-17435.png,35,E,50
../../hasy-data/v2-17436.png,35,E,59
../../hasy-data/v2-17437.png,35,E,229
../../hasy-data/v2-17438.png,35,E,3320
../../hasy-data/v2-17439.png,35,E,4435
../../hasy-data/v2-17440.png,35,E,5822
../../hasy-data/v2-17441.png,35,E,5877
../../hasy-data/v2-17442.png,35,E,4142
../../hasy-data/v2-17443.png,35,E,6188
../../hasy-data/v2-17444.png,35,E,6483
../../hasy-data/v2-17445.png,35,E,6640
../../hasy-data/v2-17446.png,35,E,6643
../../hasy-data/v2-17447.png,35,E,6662
../../hasy-data/v2-17448.png,35,E,7052
../../hasy-data/v2-17449.png,35,E,10
../../hasy-data/v2-17450.png,35,E,1696
../../hasy-data/v2-17451.png,35,E,8457
../../hasy-data/v2-17452.png,35,E,8486
../../hasy-data/v2-17453.png,35,E,8633
../../hasy-data/v2-17454.png,35,E,9017
../../hasy-data/v2-17455.png,35,E,9283
../../hasy-data/v2-17456.png,35,E,16925
../../hasy-data/v2-17457.png,35,E,16925
../../hasy-data/v2-17458.png,35,E,10
../../hasy-data/v2-17459.png,35,E,10
../../hasy-data/v2-17460.png,35,E,10
../../hasy-data/v2-17461.png,35,E,10
../../hasy-data/v2-17462.png,35,E,10
../../hasy-data/v2-17463.png,35,E,10
../../hasy-data/v2-17464.png,35,E,10
../../hasy-data/v2-17465.png,35,E,10
../../hasy-data/v2-17466.png,35,E,10
../../hasy-data/v2-17467.png,35,E,10
../../hasy-data/v2-17468.png,35,E,10
../../hasy-data/v2-17469.png,35,E,10
../../hasy-data/v2-17470.png,35,E,10
../../hasy-data/v2-17471.png,35,E,10
../../hasy-data/v2-17472.png,35,E,10
../../hasy-data/v2-17473.png,35,E,10
../../hasy-data/v2-17474.png,35,E,10
../../hasy-data/v2-17475.png,35,E,10
../../hasy-data/v2-17476.png,35,E,10
../../hasy-data/v2-17477.png,35,E,10
../../hasy-data/v2-17478.png,35,E,59154
../../hasy-data/v2-17479.png,35,E,101304
../../hasy-data/v2-17480.png,35,E,116471
../../hasy-data/v2-17481.png,35,E,125926
../../hasy-data/v2-17482.png,36,F,46
../../hasy-data/v2-17483.png,36,F,50
../../hasy-data/v2-17484.png,36,F,59
../../hasy-data/v2-17485.png,36,F,3320
../../hasy-data/v2-17486.png,36,F,3320
../../hasy-data/v2-17487.png,36,F,5275
../../hasy-data/v2-17488.png,36,F,5877
../../hasy-data/v2-17489.png,36,F,5944
../../hasy-data/v2-17490.png,36,F,4142
../../hasy-data/v2-17491.png,36,F,6188
../../hasy-data/v2-17492.png,36,F,5879
../../hasy-data/v2-17493.png,36,F,6498
../../hasy-data/v2-17494.png,36,F,6567
../../hasy-data/v2-17495.png,36,F,6483
../../hasy-data/v2-17496.png,36,F,6483
../../hasy-data/v2-17497.png,36,F,6640
../../hasy-data/v2-17498.png,36,F,6662
../../hasy-data/v2-17499.png,36,F,6672
../../hasy-data/v2-17500.png,36,F,7052
../../hasy-data/v2-17501.png,36,F,7052
../../hasy-data/v2-17502.png,36,F,7052
../../hasy-data/v2-17503.png,36,F,7052
../../hasy-data/v2-17504.png,36,F,7052
../../hasy-data/v2-17505.png,36,F,7052
../../hasy-data/v2-17506.png,36,F,7052
../../hasy-data/v2-17507.png,36,F,7052
../../hasy-data/v2-17508.png,36,F,7052
../../hasy-data/v2-17509.png,36,F,7052
../../hasy-data/v2-17510.png,36,F,7052
../../hasy-data/v2-17511.png,36,F,1696
../../hasy-data/v2-17512.png,36,F,8457
../../hasy-data/v2-17513.png,36,F,8486
../../hasy-data/v2-17514.png,36,F,9017
../../hasy-data/v2-17515.png,36,F,9283
../../hasy-data/v2-17516.png,36,F,9505
../../hasy-data/v2-17517.png,36,F,10
../../hasy-data/v2-17518.png,36,F,10
../../hasy-data/v2-17519.png,36,F,10
../../hasy-data/v2-17520.png,36,F,10
../../hasy-data/v2-17521.png,36,F,10
../../hasy-data/v2-17522.png,36,F,10
../../hasy-data/v2-17523.png,36,F,10
../../hasy-data/v2-17524.png,36,F,10
../../hasy-data/v2-17525.png,36,F,10
../../hasy-data/v2-17526.png,36,F,10
../../hasy-data/v2-17527.png,36,F,10
../../hasy-data/v2-17528.png,36,F,59154
../../hasy-data/v2-17529.png,36,F,101307
../../hasy-data/v2-17530.png,36,F,116471
../../hasy-data/v2-17531.png,36,F,125926
../../hasy-data/v2-17532.png,37,G,10
../../hasy-data/v2-17533.png,37,G,10
../../hasy-data/v2-17534.png,37,G,15
../../hasy-data/v2-17535.png,37,G,10
../../hasy-data/v2-17536.png,37,G,10
../../hasy-data/v2-17537.png,37,G,10
../../hasy-data/v2-17538.png,37,G,10
../../hasy-data/v2-17539.png,37,G,10
../../hasy-data/v2-17540.png,37,G,10
../../hasy-data/v2-17541.png,37,G,10
../../hasy-data/v2-17542.png,37,G,10
../../hasy-data/v2-17543.png,37,G,10
../../hasy-data/v2-17544.png,37,G,10
../../hasy-data/v2-17545.png,37,G,10
../../hasy-data/v2-17546.png,37,G,10
../../hasy-data/v2-17547.png,37,G,10
../../hasy-data/v2-17548.png,37,G,10
../../hasy-data/v2-17549.png,37,G,10
../../hasy-data/v2-17550.png,37,G,10
../../hasy-data/v2-17551.png,37,G,10
../../hasy-data/v2-17552.png,37,G,10
../../hasy-data/v2-17553.png,37,G,10
../../hasy-data/v2-17554.png,37,G,10
../../hasy-data/v2-17555.png,37,G,10
../../hasy-data/v2-17556.png,37,G,10
../../hasy-data/v2-17557.png,37,G,10
../../hasy-data/v2-17558.png,37,G,10
../../hasy-data/v2-17559.png,37,G,10
../../hasy-data/v2-17560.png,37,G,10
../../hasy-data/v2-17561.png,37,G,10
../../hasy-data/v2-17562.png,37,G,10
../../hasy-data/v2-17563.png,37,G,10
../../hasy-data/v2-17564.png,37,G,10
../../hasy-data/v2-17565.png,37,G,10
../../hasy-data/v2-17566.png,37,G,10
../../hasy-data/v2-17567.png,37,G,10
../../hasy-data/v2-17568.png,37,G,10
../../hasy-data/v2-17569.png,37,G,10
../../hasy-data/v2-17570.png,37,G,10
../../hasy-data/v2-17571.png,37,G,10
../../hasy-data/v2-17572.png,37,G,10
../../hasy-data/v2-17573.png,37,G,10
../../hasy-data/v2-17574.png,37,G,10
../../hasy-data/v2-17575.png,37,G,10
../../hasy-data/v2-17576.png,37,G,10
../../hasy-data/v2-17577.png,37,G,10
../../hasy-data/v2-17578.png,37,G,10
../../hasy-data/v2-17579.png,37,G,10
../../hasy-data/v2-17580.png,37,G,10
../../hasy-data/v2-17581.png,37,G,10
../../hasy-data/v2-17582.png,37,G,10
../../hasy-data/v2-17583.png,37,G,10
../../hasy-data/v2-17584.png,37,G,10
../../hasy-data/v2-17585.png,37,G,10
../../hasy-data/v2-17586.png,37,G,10
../../hasy-data/v2-17587.png,37,G,10
../../hasy-data/v2-17588.png,37,G,23
../../hasy-data/v2-17589.png,37,G,34
../../hasy-data/v2-17590.png,37,G,40
../../hasy-data/v2-17591.png,37,G,35
../../hasy-data/v2-17592.png,37,G,44
../../hasy-data/v2-17593.png,37,G,44
../../hasy-data/v2-17594.png,37,G,46
../../hasy-data/v2-17595.png,37,G,48
../../hasy-data/v2-17596.png,37,G,50
../../hasy-data/v2-17597.png,37,G,58
../../hasy-data/v2-17598.png,37,G,59
../../hasy-data/v2-17599.png,37,G,43
../../hasy-data/v2-17600.png,37,G,1710
../../hasy-data/v2-17601.png,37,G,4435
../../hasy-data/v2-17602.png,37,G,4435
../../hasy-data/v2-17603.png,37,G,5877
../../hasy-data/v2-17604.png,37,G,5944
../../hasy-data/v2-17605.png,37,G,4142
../../hasy-data/v2-17606.png,37,G,6188
../../hasy-data/v2-17607.png,37,G,5879
../../hasy-data/v2-17608.png,37,G,6567
../../hasy-data/v2-17609.png,37,G,6483
../../hasy-data/v2-17610.png,37,G,6483
../../hasy-data/v2-17611.png,37,G,6643
../../hasy-data/v2-17612.png,37,G,6662
../../hasy-data/v2-17613.png,37,G,6662
../../hasy-data/v2-17614.png,37,G,6672
../../hasy-data/v2-17615.png,37,G,6672
../../hasy-data/v2-17616.png,37,G,7052
../../hasy-data/v2-17617.png,37,G,7052
../../hasy-data/v2-17618.png,37,G,7052
../../hasy-data/v2-17619.png,37,G,7052
../../hasy-data/v2-17620.png,37,G,7052
../../hasy-data/v2-17621.png,37,G,7052
../../hasy-data/v2-17622.png,37,G,7052
../../hasy-data/v2-17623.png,37,G,7052
../../hasy-data/v2-17624.png,37,G,7713
../../hasy-data/v2-17625.png,37,G,1696
../../hasy-data/v2-17626.png,37,G,8457
../../hasy-data/v2-17627.png,37,G,8486
../../hasy-data/v2-17628.png,37,G,8633
../../hasy-data/v2-17629.png,37,G,6483
../../hasy-data/v2-17630.png,37,G,9283
../../hasy-data/v2-17631.png,37,G,9505
../../hasy-data/v2-17632.png,37,G,16925
../../hasy-data/v2-17633.png,37,G,59154
../../hasy-data/v2-17634.png,37,G,101308
../../hasy-data/v2-17635.png,37,G,101309
../../hasy-data/v2-17636.png,37,G,116471
../../hasy-data/v2-17637.png,37,G,125926
../../hasy-data/v2-17638.png,38,H,10
../../hasy-data/v2-17639.png,38,H,10
../../hasy-data/v2-17640.png,38,H,50
../../hasy-data/v2-17641.png,38,H,59
../../hasy-data/v2-17642.png,38,H,1710
../../hasy-data/v2-17643.png,38,H,4435
../../hasy-data/v2-17644.png,38,H,5877
../../hasy-data/v2-17645.png,38,H,5970
../../hasy-data/v2-17646.png,38,H,4142
../../hasy-data/v2-17647.png,38,H,6188
../../hasy-data/v2-17648.png,38,H,5879
../../hasy-data/v2-17649.png,38,H,6567
../../hasy-data/v2-17650.png,38,H,6567
../../hasy-data/v2-17651.png,38,H,6483
../../hasy-data/v2-17652.png,38,H,6662
../../hasy-data/v2-17653.png,38,H,6672
../../hasy-data/v2-17654.png,38,H,8082
../../hasy-data/v2-17655.png,38,H,8071
../../hasy-data/v2-17656.png,38,H,8324
../../hasy-data/v2-17657.png,38,H,8457
../../hasy-data/v2-17658.png,38,H,8486
../../hasy-data/v2-17659.png,38,H,8633
../../hasy-data/v2-17660.png,38,H,8633
../../hasy-data/v2-17661.png,38,H,9017
../../hasy-data/v2-17662.png,38,H,9283
../../hasy-data/v2-17663.png,38,H,9505
../../hasy-data/v2-17664.png,38,H,50
../../hasy-data/v2-17665.png,38,H,15
../../hasy-data/v2-17666.png,38,H,15
../../hasy-data/v2-17667.png,38,H,16925
../../hasy-data/v2-17668.png,38,H,16925
../../hasy-data/v2-17669.png,38,H,10
../../hasy-data/v2-17670.png,38,H,10
../../hasy-data/v2-17671.png,38,H,10
../../hasy-data/v2-17672.png,38,H,10
../../hasy-data/v2-17673.png,38,H,10
../../hasy-data/v2-17674.png,38,H,10
../../hasy-data/v2-17675.png,38,H,10
../../hasy-data/v2-17676.png,38,H,10
../../hasy-data/v2-17677.png,38,H,10
../../hasy-data/v2-17678.png,38,H,10
../../hasy-data/v2-17679.png,38,H,10
../../hasy-data/v2-17680.png,38,H,10
../../hasy-data/v2-17681.png,38,H,10
../../hasy-data/v2-17682.png,38,H,10
../../hasy-data/v2-17683.png,38,H,10
../../hasy-data/v2-17684.png,38,H,10
../../hasy-data/v2-17685.png,38,H,10
../../hasy-data/v2-17686.png,38,H,10
../../hasy-data/v2-17687.png,38,H,10
../../hasy-data/v2-17688.png,38,H,10
../../hasy-data/v2-17689.png,38,H,10
../../hasy-data/v2-17690.png,38,H,10
../../hasy-data/v2-17691.png,38,H,59154
../../hasy-data/v2-17692.png,38,H,101312
../../hasy-data/v2-17693.png,38,H,116471
../../hasy-data/v2-17694.png,38,H,125926
../../hasy-data/v2-17695.png,39,I,10
../../hasy-data/v2-17696.png,39,I,10
../../hasy-data/v2-17697.png,39,I,10
../../hasy-data/v2-17698.png,39,I,23
../../hasy-data/v2-17699.png,39,I,34
../../hasy-data/v2-17700.png,39,I,40
../../hasy-data/v2-17701.png,39,I,35
../../hasy-data/v2-17702.png,39,I,48
../../hasy-data/v2-17703.png,39,I,10
../../hasy-data/v2-17704.png,39,I,10
../../hasy-data/v2-17705.png,39,I,10
../../hasy-data/v2-17706.png,39,I,10
../../hasy-data/v2-17707.png,39,I,10
../../hasy-data/v2-17708.png,39,I,50
../../hasy-data/v2-17709.png,39,I,10
../../hasy-data/v2-17710.png,39,I,10
../../hasy-data/v2-17711.png,39,I,10
../../hasy-data/v2-17712.png,39,I,10
../../hasy-data/v2-17713.png,39,I,10
../../hasy-data/v2-17714.png,39,I,10
../../hasy-data/v2-17715.png,39,I,10
../../hasy-data/v2-17716.png,39,I,10
../../hasy-data/v2-17717.png,39,I,10
../../hasy-data/v2-17718.png,39,I,10
../../hasy-data/v2-17719.png,39,I,10
../../hasy-data/v2-17720.png,39,I,10
../../hasy-data/v2-17721.png,39,I,10
../../hasy-data/v2-17722.png,39,I,10
../../hasy-data/v2-17723.png,39,I,10
../../hasy-data/v2-17724.png,39,I,10
../../hasy-data/v2-17725.png,39,I,10
../../hasy-data/v2-17726.png,39,I,10
../../hasy-data/v2-17727.png,39,I,10
../../hasy-data/v2-17728.png,39,I,10
../../hasy-data/v2-17729.png,39,I,10
../../hasy-data/v2-17730.png,39,I,10
../../hasy-data/v2-17731.png,39,I,10
../../hasy-data/v2-17732.png,39,I,10
../../hasy-data/v2-17733.png,39,I,10
../../hasy-data/v2-17734.png,39,I,10
../../hasy-data/v2-17735.png,39,I,10
../../hasy-data/v2-17736.png,39,I,10
../../hasy-data/v2-17737.png,39,I,10
../../hasy-data/v2-17738.png,39,I,10
../../hasy-data/v2-17739.png,39,I,10
../../hasy-data/v2-17740.png,39,I,10
../../hasy-data/v2-17741.png,39,I,10
../../hasy-data/v2-17742.png,39,I,10
../../hasy-data/v2-17743.png,39,I,10
../../hasy-data/v2-17744.png,39,I,10
../../hasy-data/v2-17745.png,39,I,10
../../hasy-data/v2-17746.png,39,I,10
../../hasy-data/v2-17747.png,39,I,10
../../hasy-data/v2-17748.png,39,I,59
../../hasy-data/v2-17749.png,39,I,1710
../../hasy-data/v2-17750.png,39,I,4435
../../hasy-data/v2-17751.png,39,I,5877
../../hasy-data/v2-17752.png,39,I,5944
../../hasy-data/v2-17753.png,39,I,4142
../../hasy-data/v2-17754.png,39,I,6188
../../hasy-data/v2-17755.png,39,I,5879
../../hasy-data/v2-17756.png,39,I,6567
../../hasy-data/v2-17757.png,39,I,6567
../../hasy-data/v2-17758.png,39,I,6483
../../hasy-data/v2-17759.png,39,I,6643
../../hasy-data/v2-17760.png,39,I,6662
../../hasy-data/v2-17761.png,39,I,6672
../../hasy-data/v2-17762.png,39,I,7001
../../hasy-data/v2-17763.png,39,I,6672
../../hasy-data/v2-17764.png,39,I,7713
../../hasy-data/v2-17765.png,39,I,1696
../../hasy-data/v2-17766.png,39,I,8486
../../hasy-data/v2-17767.png,39,I,8633
../../hasy-data/v2-17768.png,39,I,9017
../../hasy-data/v2-17769.png,39,I,9153
../../hasy-data/v2-17770.png,39,I,9283
../../hasy-data/v2-17771.png,39,I,9505
../../hasy-data/v2-17772.png,39,I,15
../../hasy-data/v2-17773.png,39,I,8486
../../hasy-data/v2-17774.png,39,I,8486
../../hasy-data/v2-17775.png,39,I,8486
../../hasy-data/v2-17776.png,39,I,8486
../../hasy-data/v2-17777.png,39,I,8486
../../hasy-data/v2-17778.png,39,I,15
../../hasy-data/v2-17779.png,39,I,16925
../../hasy-data/v2-17780.png,39,I,16925
../../hasy-data/v2-17781.png,39,I,59154
../../hasy-data/v2-17782.png,39,I,101315
../../hasy-data/v2-17783.png,39,I,116471
../../hasy-data/v2-17784.png,39,I,125926
../../hasy-data/v2-17785.png,40,J,10
../../hasy-data/v2-17786.png,40,J,10
../../hasy-data/v2-17787.png,40,J,10
../../hasy-data/v2-17788.png,40,J,15
../../hasy-data/v2-17789.png,40,J,10
../../hasy-data/v2-17790.png,40,J,10
../../hasy-data/v2-17791.png,40,J,10
../../hasy-data/v2-17792.png,40,J,35
../../hasy-data/v2-17793.png,40,J,44
../../hasy-data/v2-17794.png,40,J,48
../../hasy-data/v2-17795.png,40,J,46
../../hasy-data/v2-17796.png,40,J,50
../../hasy-data/v2-17797.png,40,J,10
../../hasy-data/v2-17798.png,40,J,10
../../hasy-data/v2-17799.png,40,J,10
../../hasy-data/v2-17800.png,40,J,10
../../hasy-data/v2-17801.png,40,J,10
../../hasy-data/v2-17802.png,40,J,10
../../hasy-data/v2-17803.png,40,J,10
../../hasy-data/v2-17804.png,40,J,10
../../hasy-data/v2-17805.png,40,J,10
../../hasy-data/v2-17806.png,40,J,10
../../hasy-data/v2-17807.png,40,J,10
../../hasy-data/v2-17808.png,40,J,10
../../hasy-data/v2-17809.png,40,J,10
../../hasy-data/v2-17810.png,40,J,10
../../hasy-data/v2-17811.png,40,J,10
../../hasy-data/v2-17812.png,40,J,10
../../hasy-data/v2-17813.png,40,J,10
../../hasy-data/v2-17814.png,40,J,10
../../hasy-data/v2-17815.png,40,J,10
../../hasy-data/v2-17816.png,40,J,10
../../hasy-data/v2-17817.png,40,J,10
../../hasy-data/v2-17818.png,40,J,10
../../hasy-data/v2-17819.png,40,J,10
../../hasy-data/v2-17820.png,40,J,10
../../hasy-data/v2-17821.png,40,J,10
../../hasy-data/v2-17822.png,40,J,10
../../hasy-data/v2-17823.png,40,J,10
../../hasy-data/v2-17824.png,40,J,10
../../hasy-data/v2-17825.png,40,J,10
../../hasy-data/v2-17826.png,40,J,10
../../hasy-data/v2-17827.png,40,J,10
../../hasy-data/v2-17828.png,40,J,10
../../hasy-data/v2-17829.png,40,J,10
../../hasy-data/v2-17830.png,40,J,10
../../hasy-data/v2-17831.png,40,J,10
../../hasy-data/v2-17832.png,40,J,10
../../hasy-data/v2-17833.png,40,J,10
../../hasy-data/v2-17834.png,40,J,10
../../hasy-data/v2-17835.png,40,J,10
../../hasy-data/v2-17836.png,40,J,10
../../hasy-data/v2-17837.png,40,J,59
../../hasy-data/v2-17838.png,40,J,1709
../../hasy-data/v2-17839.png,40,J,1710
../../hasy-data/v2-17840.png,40,J,4435
../../hasy-data/v2-17841.png,40,J,5877
../../hasy-data/v2-17842.png,40,J,10
../../hasy-data/v2-17843.png,40,J,4142
../../hasy-data/v2-17844.png,40,J,6188
../../hasy-data/v2-17845.png,40,J,5879
../../hasy-data/v2-17846.png,40,J,6567
../../hasy-data/v2-17847.png,40,J,6483
../../hasy-data/v2-17848.png,40,J,6662
../../hasy-data/v2-17849.png,40,J,6662
../../hasy-data/v2-17850.png,40,J,6672
../../hasy-data/v2-17851.png,40,J,6933
../../hasy-data/v2-17852.png,40,J,6483
../../hasy-data/v2-17853.png,40,J,7045
../../hasy-data/v2-17854.png,40,J,1696
../../hasy-data/v2-17855.png,40,J,8457
../../hasy-data/v2-17856.png,40,J,8486
../../hasy-data/v2-17857.png,40,J,8633
../../hasy-data/v2-17858.png,40,J,6483
../../hasy-data/v2-17859.png,40,J,9017
../../hasy-data/v2-17860.png,40,J,15
../../hasy-data/v2-17861.png,40,J,15
../../hasy-data/v2-17862.png,40,J,9218
../../hasy-data/v2-17863.png,40,J,9218
../../hasy-data/v2-17864.png,40,J,9218
../../hasy-data/v2-17865.png,40,J,9218
../../hasy-data/v2-17866.png,40,J,9218
../../hasy-data/v2-17867.png,40,J,9499
../../hasy-data/v2-17868.png,40,J,9505
../../hasy-data/v2-17869.png,40,J,50
../../hasy-data/v2-17870.png,40,J,50
../../hasy-data/v2-17871.png,40,J,50
../../hasy-data/v2-17872.png,40,J,14751
../../hasy-data/v2-17873.png,40,J,59154
../../hasy-data/v2-17874.png,40,J,96130
../../hasy-data/v2-17875.png,40,J,101316
../../hasy-data/v2-17876.png,40,J,116471
../../hasy-data/v2-17877.png,40,J,125926
../../hasy-data/v2-17878.png,41,K,48
../../hasy-data/v2-17879.png,41,K,10
../../hasy-data/v2-17880.png,41,K,10
../../hasy-data/v2-17881.png,41,K,10
../../hasy-data/v2-17882.png,41,K,10
../../hasy-data/v2-17883.png,41,K,50
../../hasy-data/v2-17884.png,41,K,10
../../hasy-data/v2-17885.png,41,K,10
../../hasy-data/v2-17886.png,41,K,10
../../hasy-data/v2-17887.png,41,K,10
../../hasy-data/v2-17888.png,41,K,10
../../hasy-data/v2-17889.png,41,K,10
../../hasy-data/v2-17890.png,41,K,10
../../hasy-data/v2-17891.png,41,K,10
../../hasy-data/v2-17892.png,41,K,10
../../hasy-data/v2-17893.png,41,K,10
../../hasy-data/v2-17894.png,41,K,10
../../hasy-data/v2-17895.png,41,K,10
../../hasy-data/v2-17896.png,41,K,10
../../hasy-data/v2-17897.png,41,K,10
../../hasy-data/v2-17898.png,41,K,10
../../hasy-data/v2-17899.png,41,K,10
../../hasy-data/v2-17900.png,41,K,10
../../hasy-data/v2-17901.png,41,K,10
../../hasy-data/v2-17902.png,41,K,10
../../hasy-data/v2-17903.png,41,K,10
../../hasy-data/v2-17904.png,41,K,10
../../hasy-data/v2-17905.png,41,K,10
../../hasy-data/v2-17906.png,41,K,10
../../hasy-data/v2-17907.png,41,K,10
../../hasy-data/v2-17908.png,41,K,10
../../hasy-data/v2-17909.png,41,K,10
../../hasy-data/v2-17910.png,41,K,10
../../hasy-data/v2-17911.png,41,K,10
../../hasy-data/v2-17912.png,41,K,10
../../hasy-data/v2-17913.png,41,K,10
../../hasy-data/v2-17914.png,41,K,10
../../hasy-data/v2-17915.png,41,K,10
../../hasy-data/v2-17916.png,41,K,10
../../hasy-data/v2-17917.png,41,K,10
../../hasy-data/v2-17918.png,41,K,10
../../hasy-data/v2-17919.png,41,K,10
../../hasy-data/v2-17920.png,41,K,10
../../hasy-data/v2-17921.png,41,K,10
../../hasy-data/v2-17922.png,41,K,10
../../hasy-data/v2-17923.png,41,K,10
../../hasy-data/v2-17924.png,41,K,59
../../hasy-data/v2-17925.png,41,K,1709
../../hasy-data/v2-17926.png,41,K,1710
../../hasy-data/v2-17927.png,41,K,4435
../../hasy-data/v2-17928.png,41,K,5877
../../hasy-data/v2-17929.png,41,K,6188
../../hasy-data/v2-17930.png,41,K,6288
../../hasy-data/v2-17931.png,41,K,5879
../../hasy-data/v2-17932.png,41,K,6567
../../hasy-data/v2-17933.png,41,K,6483
../../hasy-data/v2-17934.png,41,K,6640
../../hasy-data/v2-17935.png,41,K,6643
../../hasy-data/v2-17936.png,41,K,6662
../../hasy-data/v2-17937.png,41,K,6483
../../hasy-data/v2-17938.png,41,K,7045
../../hasy-data/v2-17939.png,41,K,1696
../../hasy-data/v2-17940.png,41,K,8457
../../hasy-data/v2-17941.png,41,K,8486
../../hasy-data/v2-17942.png,41,K,8633
../../hasy-data/v2-17943.png,41,K,8633
../../hasy-data/v2-17944.png,41,K,9017
../../hasy-data/v2-17945.png,41,K,9283
../../hasy-data/v2-17946.png,41,K,9499
../../hasy-data/v2-17947.png,41,K,9505
../../hasy-data/v2-17948.png,41,K,50
../../hasy-data/v2-17949.png,41,K,50
../../hasy-data/v2-17950.png,41,K,50
../../hasy-data/v2-17951.png,41,K,50
../../hasy-data/v2-17952.png,41,K,15
../../hasy-data/v2-17953.png,41,K,8486
../../hasy-data/v2-17954.png,41,K,8486
../../hasy-data/v2-17955.png,41,K,8486
../../hasy-data/v2-17956.png,41,K,8486
../../hasy-data/v2-17957.png,41,K,8486
../../hasy-data/v2-17958.png,41,K,8486
../../hasy-data/v2-17959.png,41,K,59154
../../hasy-data/v2-17960.png,41,K,101318
../../hasy-data/v2-17961.png,41,K,116471
../../hasy-data/v2-17962.png,41,K,125926
../../hasy-data/v2-17964.png,42,L,10
../../hasy-data/v2-17965.png,42,L,15
../../hasy-data/v2-17966.png,42,L,10
../../hasy-data/v2-17967.png,42,L,23
../../hasy-data/v2-17968.png,42,L,34
../../hasy-data/v2-17969.png,42,L,35
../../hasy-data/v2-17970.png,42,L,44
../../hasy-data/v2-17971.png,42,L,46
../../hasy-data/v2-17972.png,42,L,48
../../hasy-data/v2-17973.png,42,L,10
../../hasy-data/v2-17974.png,42,L,10
../../hasy-data/v2-17975.png,42,L,10
../../hasy-data/v2-17976.png,42,L,10
../../hasy-data/v2-17977.png,42,L,10
../../hasy-data/v2-17978.png,42,L,10
../../hasy-data/v2-17979.png,42,L,10
../../hasy-data/v2-17980.png,42,L,10
../../hasy-data/v2-17981.png,42,L,10
../../hasy-data/v2-17982.png,42,L,10
../../hasy-data/v2-17983.png,42,L,10
../../hasy-data/v2-17984.png,42,L,10
../../hasy-data/v2-17985.png,42,L,10
../../hasy-data/v2-17986.png,42,L,10
../../hasy-data/v2-17987.png,42,L,10
../../hasy-data/v2-17988.png,42,L,10
../../hasy-data/v2-17989.png,42,L,10
../../hasy-data/v2-17990.png,42,L,10
../../hasy-data/v2-17991.png,42,L,10
../../hasy-data/v2-17992.png,42,L,10
../../hasy-data/v2-17993.png,42,L,10
../../hasy-data/v2-17994.png,42,L,10
../../hasy-data/v2-17995.png,42,L,10
../../hasy-data/v2-17996.png,42,L,10
../../hasy-data/v2-17997.png,42,L,10
../../hasy-data/v2-17998.png,42,L,10
../../hasy-data/v2-17999.png,42,L,10
../../hasy-data/v2-18000.png,42,L,10
../../hasy-data/v2-18001.png,42,L,10
../../hasy-data/v2-18002.png,42,L,10
../../hasy-data/v2-18003.png,42,L,10
../../hasy-data/v2-18004.png,42,L,10
../../hasy-data/v2-18005.png,42,L,10
../../hasy-data/v2-18006.png,42,L,10
../../hasy-data/v2-18007.png,42,L,10
../../hasy-data/v2-18008.png,42,L,10
../../hasy-data/v2-18009.png,42,L,10
../../hasy-data/v2-18010.png,42,L,10
../../hasy-data/v2-18011.png,42,L,10
../../hasy-data/v2-18012.png,42,L,10
../../hasy-data/v2-18013.png,42,L,10
../../hasy-data/v2-18014.png,42,L,1710
../../hasy-data/v2-18015.png,42,L,3328
../../hasy-data/v2-18016.png,42,L,3328
../../hasy-data/v2-18017.png,42,L,4435
../../hasy-data/v2-18018.png,42,L,5877
../../hasy-data/v2-18019.png,42,L,4142
../../hasy-data/v2-18020.png,42,L,6188
../../hasy-data/v2-18021.png,42,L,6288
../../hasy-data/v2-18022.png,42,L,5879
../../hasy-data/v2-18023.png,42,L,6567
../../hasy-data/v2-18024.png,42,L,6567
../../hasy-data/v2-18025.png,42,L,6483
../../hasy-data/v2-18026.png,42,L,6662
../../hasy-data/v2-18027.png,42,L,6662
../../hasy-data/v2-18028.png,42,L,6672
../../hasy-data/v2-18029.png,42,L,6899
../../hasy-data/v2-18030.png,42,L,6483
../../hasy-data/v2-18031.png,42,L,7045
../../hasy-data/v2-18032.png,42,L,10
../../hasy-data/v2-18033.png,42,L,8082
../../hasy-data/v2-18034.png,42,L,8457
../../hasy-data/v2-18035.png,42,L,8486
../../hasy-data/v2-18036.png,42,L,6483
../../hasy-data/v2-18037.png,42,L,8633
../../hasy-data/v2-18038.png,42,L,9017
../../hasy-data/v2-18039.png,42,L,15
../../hasy-data/v2-18040.png,42,L,9153
../../hasy-data/v2-18041.png,42,L,9283
../../hasy-data/v2-18042.png,42,L,9499
../../hasy-data/v2-18043.png,42,L,9505
../../hasy-data/v2-18044.png,42,L,8486
../../hasy-data/v2-18045.png,42,L,8486
../../hasy-data/v2-18046.png,42,L,8486
../../hasy-data/v2-18047.png,42,L,8486
../../hasy-data/v2-18048.png,42,L,8486
../../hasy-data/v2-18049.png,42,L,8486
../../hasy-data/v2-18050.png,42,L,8486
../../hasy-data/v2-18051.png,42,L,8486
../../hasy-data/v2-18052.png,42,L,8486
../../hasy-data/v2-18053.png,42,L,15
../../hasy-data/v2-18054.png,42,L,16925
../../hasy-data/v2-18055.png,42,L,16925
../../hasy-data/v2-18056.png,42,L,16925
../../hasy-data/v2-18057.png,42,L,16925
../../hasy-data/v2-18058.png,42,L,16925
../../hasy-data/v2-18059.png,42,L,59154
../../hasy-data/v2-18060.png,42,L,101319
../../hasy-data/v2-18061.png,42,L,116471
../../hasy-data/v2-18062.png,42,L,125926
../../hasy-data/v2-18063.png,43,M,10
../../hasy-data/v2-18064.png,43,M,10
../../hasy-data/v2-18065.png,43,M,10
../../hasy-data/v2-18066.png,43,M,15
../../hasy-data/v2-18067.png,43,M,15
../../hasy-data/v2-18068.png,43,M,15
../../hasy-data/v2-18069.png,43,M,15
../../hasy-data/v2-18070.png,43,M,15
../../hasy-data/v2-18071.png,43,M,10
../../hasy-data/v2-18072.png,43,M,10
../../hasy-data/v2-18073.png,43,M,10
../../hasy-data/v2-18074.png,43,M,10
../../hasy-data/v2-18075.png,43,M,10
../../hasy-data/v2-18076.png,43,M,10
../../hasy-data/v2-18077.png,43,M,10
../../hasy-data/v2-18078.png,43,M,10
../../hasy-data/v2-18079.png,43,M,10
../../hasy-data/v2-18080.png,43,M,10
../../hasy-data/v2-18081.png,43,M,10
../../hasy-data/v2-18082.png,43,M,10
../../hasy-data/v2-18083.png,43,M,10
../../hasy-data/v2-18084.png,43,M,10
../../hasy-data/v2-18085.png,43,M,10
../../hasy-data/v2-18086.png,43,M,10
../../hasy-data/v2-18087.png,43,M,10
../../hasy-data/v2-18088.png,43,M,10
../../hasy-data/v2-18089.png,43,M,10
../../hasy-data/v2-18090.png,43,M,10
../../hasy-data/v2-18091.png,43,M,10
../../hasy-data/v2-18092.png,43,M,10
../../hasy-data/v2-18093.png,43,M,10
../../hasy-data/v2-18094.png,43,M,10
../../hasy-data/v2-18095.png,43,M,10
../../hasy-data/v2-18096.png,43,M,10
../../hasy-data/v2-18097.png,43,M,10
../../hasy-data/v2-18098.png,43,M,10
../../hasy-data/v2-18099.png,43,M,10
../../hasy-data/v2-18100.png,43,M,10
../../hasy-data/v2-18101.png,43,M,10
../../hasy-data/v2-18102.png,43,M,10
../../hasy-data/v2-18103.png,43,M,10
../../hasy-data/v2-18104.png,43,M,10
../../hasy-data/v2-18105.png,43,M,10
../../hasy-data/v2-18106.png,43,M,10
../../hasy-data/v2-18107.png,43,M,10
../../hasy-data/v2-18108.png,43,M,10
../../hasy-data/v2-18109.png,43,M,10
../../hasy-data/v2-18110.png,43,M,10
../../hasy-data/v2-18111.png,43,M,10
../../hasy-data/v2-18112.png,43,M,10
../../hasy-data/v2-18113.png,43,M,10
../../hasy-data/v2-18114.png,43,M,10
../../hasy-data/v2-18115.png,43,M,23
../../hasy-data/v2-18116.png,43,M,34
../../hasy-data/v2-18117.png,43,M,40
../../hasy-data/v2-18118.png,43,M,35
../../hasy-data/v2-18119.png,43,M,44
../../hasy-data/v2-18120.png,43,M,46
../../hasy-data/v2-18121.png,43,M,48
../../hasy-data/v2-18122.png,43,M,59
../../hasy-data/v2-18123.png,43,M,1710
../../hasy-data/v2-18124.png,43,M,4435
../../hasy-data/v2-18125.png,43,M,5755
../../hasy-data/v2-18126.png,43,M,5877
../../hasy-data/v2-18127.png,43,M,4142
../../hasy-data/v2-18128.png,43,M,6084
../../hasy-data/v2-18129.png,43,M,6188
../../hasy-data/v2-18130.png,43,M,6288
../../hasy-data/v2-18131.png,43,M,6348
../../hasy-data/v2-18132.png,43,M,5879
../../hasy-data/v2-18133.png,43,M,6567
../../hasy-data/v2-18134.png,43,M,6483
../../hasy-data/v2-18135.png,43,M,6662
../../hasy-data/v2-18136.png,43,M,6672
../../hasy-data/v2-18137.png,43,M,5879
../../hasy-data/v2-18138.png,43,M,5879
../../hasy-data/v2-18139.png,43,M,7045
../../hasy-data/v2-18140.png,43,M,7052
../../hasy-data/v2-18141.png,43,M,7052
../../hasy-data/v2-18142.png,43,M,7052
../../hasy-data/v2-18143.png,43,M,7713
../../hasy-data/v2-18144.png,43,M,10
../../hasy-data/v2-18145.png,43,M,1696
../../hasy-data/v2-18146.png,43,M,7841
../../hasy-data/v2-18147.png,43,M,7841
../../hasy-data/v2-18148.png,43,M,7841
../../hasy-data/v2-18149.png,43,M,7841
../../hasy-data/v2-18150.png,43,M,7841
../../hasy-data/v2-18151.png,43,M,7841
../../hasy-data/v2-18152.png,43,M,7841
../../hasy-data/v2-18153.png,43,M,7841
../../hasy-data/v2-18154.png,43,M,7841
../../hasy-data/v2-18155.png,43,M,7841
../../hasy-data/v2-18156.png,43,M,7841
../../hasy-data/v2-18157.png,43,M,7841
../../hasy-data/v2-18158.png,43,M,7841
../../hasy-data/v2-18159.png,43,M,8457
../../hasy-data/v2-18160.png,43,M,8486
../../hasy-data/v2-18161.png,43,M,8633
../../hasy-data/v2-18162.png,43,M,9017
../../hasy-data/v2-18163.png,43,M,9505
../../hasy-data/v2-18164.png,43,M,16925
../../hasy-data/v2-18165.png,43,M,16925
../../hasy-data/v2-18166.png,43,M,16925
../../hasy-data/v2-18167.png,43,M,59154
../../hasy-data/v2-18168.png,43,M,101320
../../hasy-data/v2-18169.png,43,M,116471
../../hasy-data/v2-18170.png,43,M,125926
../../hasy-data/v2-18171.png,44,N,10
../../hasy-data/v2-18172.png,44,N,10
../../hasy-data/v2-18173.png,44,N,10
../../hasy-data/v2-18174.png,44,N,15
../../hasy-data/v2-18175.png,44,N,10
../../hasy-data/v2-18176.png,44,N,23
../../hasy-data/v2-18177.png,44,N,34
../../hasy-data/v2-18178.png,44,N,44
../../hasy-data/v2-18179.png,44,N,48
../../hasy-data/v2-18180.png,44,N,50
../../hasy-data/v2-18181.png,44,N,10
../../hasy-data/v2-18182.png,44,N,10
../../hasy-data/v2-18183.png,44,N,10
../../hasy-data/v2-18184.png,44,N,10
../../hasy-data/v2-18185.png,44,N,10
../../hasy-data/v2-18186.png,44,N,10
../../hasy-data/v2-18187.png,44,N,10
../../hasy-data/v2-18188.png,44,N,10
../../hasy-data/v2-18189.png,44,N,10
../../hasy-data/v2-18190.png,44,N,10
../../hasy-data/v2-18191.png,44,N,43
../../hasy-data/v2-18192.png,44,N,10
../../hasy-data/v2-18193.png,44,N,10
../../hasy-data/v2-18194.png,44,N,10
../../hasy-data/v2-18195.png,44,N,10
../../hasy-data/v2-18196.png,44,N,10
../../hasy-data/v2-18197.png,44,N,10
../../hasy-data/v2-18198.png,44,N,10
../../hasy-data/v2-18199.png,44,N,10
../../hasy-data/v2-18200.png,44,N,10
../../hasy-data/v2-18201.png,44,N,10
../../hasy-data/v2-18202.png,44,N,10
../../hasy-data/v2-18203.png,44,N,10
../../hasy-data/v2-18204.png,44,N,10
../../hasy-data/v2-18205.png,44,N,1710
../../hasy-data/v2-18206.png,44,N,4435
../../hasy-data/v2-18207.png,44,N,5877
../../hasy-data/v2-18208.png,44,N,4142
../../hasy-data/v2-18209.png,44,N,6188
../../hasy-data/v2-18210.png,44,N,6288
../../hasy-data/v2-18211.png,44,N,5879
../../hasy-data/v2-18212.png,44,N,10
../../hasy-data/v2-18213.png,44,N,10
../../hasy-data/v2-18214.png,44,N,10
../../hasy-data/v2-18215.png,44,N,10
../../hasy-data/v2-18216.png,44,N,10
../../hasy-data/v2-18217.png,44,N,10
../../hasy-data/v2-18218.png,44,N,6567
../../hasy-data/v2-18219.png,44,N,6567
../../hasy-data/v2-18220.png,44,N,6483
../../hasy-data/v2-18221.png,44,N,6483
../../hasy-data/v2-18222.png,44,N,6483
../../hasy-data/v2-18223.png,44,N,6672
../../hasy-data/v2-18224.png,44,N,7052
../../hasy-data/v2-18225.png,44,N,7052
../../hasy-data/v2-18226.png,44,N,7052
../../hasy-data/v2-18227.png,44,N,7052
../../hasy-data/v2-18228.png,44,N,7052
../../hasy-data/v2-18229.png,44,N,7052
../../hasy-data/v2-18230.png,44,N,7052
../../hasy-data/v2-18231.png,44,N,7052
../../hasy-data/v2-18232.png,44,N,7052
../../hasy-data/v2-18233.png,44,N,7052
../../hasy-data/v2-18234.png,44,N,7052
../../hasy-data/v2-18235.png,44,N,7637
../../hasy-data/v2-18236.png,44,N,7713
../../hasy-data/v2-18237.png,44,N,1696
../../hasy-data/v2-18238.png,44,N,8082
../../hasy-data/v2-18239.png,44,N,8071
../../hasy-data/v2-18240.png,44,N,8457
../../hasy-data/v2-18241.png,44,N,8486
../../hasy-data/v2-18242.png,44,N,8486
../../hasy-data/v2-18243.png,44,N,8633
../../hasy-data/v2-18244.png,44,N,8633
../../hasy-data/v2-18245.png,44,N,9017
../../hasy-data/v2-18246.png,44,N,9283
../../hasy-data/v2-18247.png,44,N,9505
../../hasy-data/v2-18248.png,44,N,50
../../hasy-data/v2-18249.png,44,N,50
../../hasy-data/v2-18250.png,44,N,8486
../../hasy-data/v2-18251.png,44,N,8486
../../hasy-data/v2-18252.png,44,N,8486
../../hasy-data/v2-18253.png,44,N,8486
../../hasy-data/v2-18254.png,44,N,8486
../../hasy-data/v2-18255.png,44,N,8486
../../hasy-data/v2-18256.png,44,N,8486
../../hasy-data/v2-18257.png,44,N,8486
../../hasy-data/v2-18258.png,44,N,8486
../../hasy-data/v2-18259.png,44,N,8486
../../hasy-data/v2-18260.png,44,N,16925
../../hasy-data/v2-18261.png,44,N,59154
../../hasy-data/v2-18262.png,44,N,101321
../../hasy-data/v2-18263.png,44,N,116471
../../hasy-data/v2-18264.png,44,N,125926
../../hasy-data/v2-18265.png,45,O,10
../../hasy-data/v2-18266.png,45,O,10
../../hasy-data/v2-18267.png,45,O,10
../../hasy-data/v2-18268.png,45,O,10
../../hasy-data/v2-18269.png,45,O,15
../../hasy-data/v2-18270.png,45,O,10
../../hasy-data/v2-18271.png,45,O,10
../../hasy-data/v2-18272.png,45,O,10
../../hasy-data/v2-18273.png,45,O,10
../../hasy-data/v2-18274.png,45,O,10
../../hasy-data/v2-18275.png,45,O,10
../../hasy-data/v2-18276.png,45,O,10
../../hasy-data/v2-18277.png,45,O,10
../../hasy-data/v2-18278.png,45,O,10
../../hasy-data/v2-18279.png,45,O,10
../../hasy-data/v2-18280.png,45,O,10
../../hasy-data/v2-18281.png,45,O,10
../../hasy-data/v2-18282.png,45,O,10
../../hasy-data/v2-18283.png,45,O,10
../../hasy-data/v2-18284.png,45,O,10
../../hasy-data/v2-18285.png,45,O,10
../../hasy-data/v2-18286.png,45,O,10
../../hasy-data/v2-18287.png,45,O,23
../../hasy-data/v2-18288.png,45,O,25
../../hasy-data/v2-18289.png,45,O,10
../../hasy-data/v2-18290.png,45,O,10
../../hasy-data/v2-18291.png,45,O,34
../../hasy-data/v2-18292.png,45,O,40
../../hasy-data/v2-18293.png,45,O,35
../../hasy-data/v2-18294.png,45,O,48
../../hasy-data/v2-18295.png,45,O,46
../../hasy-data/v2-18296.png,45,O,50
../../hasy-data/v2-18297.png,45,O,59
../../hasy-data/v2-18298.png,45,O,10
../../hasy-data/v2-18299.png,45,O,10
../../hasy-data/v2-18300.png,45,O,1710
../../hasy-data/v2-18301.png,45,O,4435
../../hasy-data/v2-18302.png,45,O,5877
../../hasy-data/v2-18303.png,45,O,4142
../../hasy-data/v2-18304.png,45,O,6188
../../hasy-data/v2-18305.png,45,O,6288
../../hasy-data/v2-18306.png,45,O,5879
../../hasy-data/v2-18307.png,45,O,10
../../hasy-data/v2-18308.png,45,O,10
../../hasy-data/v2-18309.png,45,O,10
../../hasy-data/v2-18310.png,45,O,10
../../hasy-data/v2-18311.png,45,O,10
../../hasy-data/v2-18312.png,45,O,10
../../hasy-data/v2-18313.png,45,O,6567
../../hasy-data/v2-18314.png,45,O,6483
../../hasy-data/v2-18315.png,45,O,6643
../../hasy-data/v2-18316.png,45,O,6672
../../hasy-data/v2-18317.png,45,O,6483
../../hasy-data/v2-18318.png,45,O,7045
../../hasy-data/v2-18319.png,45,O,10
../../hasy-data/v2-18320.png,45,O,1696
../../hasy-data/v2-18321.png,45,O,8082
../../hasy-data/v2-18322.png,45,O,8205
../../hasy-data/v2-18323.png,45,O,8071
../../hasy-data/v2-18324.png,45,O,8457
../../hasy-data/v2-18325.png,45,O,8466
../../hasy-data/v2-18326.png,45,O,8486
../../hasy-data/v2-18327.png,45,O,8633
../../hasy-data/v2-18328.png,45,O,8633
../../hasy-data/v2-18329.png,45,O,9017
../../hasy-data/v2-18330.png,45,O,9283
../../hasy-data/v2-18331.png,45,O,9505
../../hasy-data/v2-18332.png,45,O,15
../../hasy-data/v2-18333.png,45,O,15
../../hasy-data/v2-18334.png,45,O,11986
../../hasy-data/v2-18335.png,45,O,59154
../../hasy-data/v2-18336.png,45,O,101322
../../hasy-data/v2-18337.png,45,O,116471
../../hasy-data/v2-18338.png,45,O,125926
../../hasy-data/v2-18339.png,45,O,126638
../../hasy-data/v2-18340.png,46,P,10
../../hasy-data/v2-18341.png,46,P,10
../../hasy-data/v2-18342.png,46,P,48
../../hasy-data/v2-18343.png,46,P,50
../../hasy-data/v2-18344.png,46,P,10
../../hasy-data/v2-18345.png,46,P,10
../../hasy-data/v2-18346.png,46,P,10
../../hasy-data/v2-18347.png,46,P,10
../../hasy-data/v2-18348.png,46,P,10
../../hasy-data/v2-18349.png,46,P,10
../../hasy-data/v2-18350.png,46,P,10
../../hasy-data/v2-18351.png,46,P,10
../../hasy-data/v2-18352.png,46,P,10
../../hasy-data/v2-18353.png,46,P,10
../../hasy-data/v2-18354.png,46,P,10
../../hasy-data/v2-18355.png,46,P,10
../../hasy-data/v2-18356.png,46,P,10
../../hasy-data/v2-18357.png,46,P,10
../../hasy-data/v2-18358.png,46,P,10
../../hasy-data/v2-18359.png,46,P,10
../../hasy-data/v2-18360.png,46,P,10
../../hasy-data/v2-18361.png,46,P,10
../../hasy-data/v2-18362.png,46,P,10
../../hasy-data/v2-18363.png,46,P,10
../../hasy-data/v2-18364.png,46,P,59
../../hasy-data/v2-18365.png,46,P,1710
../../hasy-data/v2-18366.png,46,P,4142
../../hasy-data/v2-18367.png,46,P,4435
../../hasy-data/v2-18368.png,46,P,5877
../../hasy-data/v2-18369.png,46,P,6188
../../hasy-data/v2-18370.png,46,P,6288
../../hasy-data/v2-18371.png,46,P,5879
../../hasy-data/v2-18372.png,46,P,10
../../hasy-data/v2-18373.png,46,P,10
../../hasy-data/v2-18374.png,46,P,10
../../hasy-data/v2-18375.png,46,P,10
../../hasy-data/v2-18376.png,46,P,10
../../hasy-data/v2-18377.png,46,P,10
../../hasy-data/v2-18378.png,46,P,10
../../hasy-data/v2-18379.png,46,P,10
../../hasy-data/v2-18380.png,46,P,10
../../hasy-data/v2-18381.png,46,P,10
../../hasy-data/v2-18382.png,46,P,6567
../../hasy-data/v2-18383.png,46,P,6483
../../hasy-data/v2-18384.png,46,P,6643
../../hasy-data/v2-18385.png,46,P,6662
../../hasy-data/v2-18386.png,46,P,6672
../../hasy-data/v2-18387.png,46,P,1696
../../hasy-data/v2-18388.png,46,P,7957
../../hasy-data/v2-18389.png,46,P,8082
../../hasy-data/v2-18390.png,46,P,8457
../../hasy-data/v2-18391.png,46,P,8486
../../hasy-data/v2-18392.png,46,P,8633
../../hasy-data/v2-18393.png,46,P,8633
../../hasy-data/v2-18394.png,46,P,9017
../../hasy-data/v2-18395.png,46,P,15
../../hasy-data/v2-18396.png,46,P,9153
../../hasy-data/v2-18397.png,46,P,9505
../../hasy-data/v2-18398.png,46,P,8486
../../hasy-data/v2-18399.png,46,P,8486
../../hasy-data/v2-18400.png,46,P,59154
../../hasy-data/v2-18401.png,46,P,101324
../../hasy-data/v2-18402.png,46,P,116471
../../hasy-data/v2-18403.png,46,P,125926
../../hasy-data/v2-18404.png,47,Q,48
../../hasy-data/v2-18405.png,47,Q,50
../../hasy-data/v2-18406.png,47,Q,10
../../hasy-data/v2-18407.png,47,Q,10
../../hasy-data/v2-18408.png,47,Q,10
../../hasy-data/v2-18409.png,47,Q,10
../../hasy-data/v2-18410.png,47,Q,10
../../hasy-data/v2-18411.png,47,Q,10
../../hasy-data/v2-18412.png,47,Q,59
../../hasy-data/v2-18413.png,47,Q,1710
../../hasy-data/v2-18414.png,47,Q,5877
../../hasy-data/v2-18415.png,47,Q,4142
../../hasy-data/v2-18416.png,47,Q,6188
../../hasy-data/v2-18417.png,47,Q,6288
../../hasy-data/v2-18418.png,47,Q,5879
../../hasy-data/v2-18419.png,47,Q,10
../../hasy-data/v2-18420.png,47,Q,10
../../hasy-data/v2-18421.png,47,Q,10
../../hasy-data/v2-18422.png,47,Q,10
../../hasy-data/v2-18423.png,47,Q,10
../../hasy-data/v2-18424.png,47,Q,10
../../hasy-data/v2-18425.png,47,Q,10
../../hasy-data/v2-18426.png,47,Q,10
../../hasy-data/v2-18427.png,47,Q,10
../../hasy-data/v2-18428.png,47,Q,10
../../hasy-data/v2-18429.png,47,Q,10
../../hasy-data/v2-18430.png,47,Q,10
../../hasy-data/v2-18431.png,47,Q,10
../../hasy-data/v2-18432.png,47,Q,10
../../hasy-data/v2-18433.png,47,Q,10
../../hasy-data/v2-18434.png,47,Q,10
../../hasy-data/v2-18435.png,47,Q,10
../../hasy-data/v2-18436.png,47,Q,10
../../hasy-data/v2-18437.png,47,Q,10
../../hasy-data/v2-18438.png,47,Q,10
../../hasy-data/v2-18439.png,47,Q,10
../../hasy-data/v2-18440.png,47,Q,10
../../hasy-data/v2-18441.png,47,Q,6567
../../hasy-data/v2-18442.png,47,Q,6567
../../hasy-data/v2-18443.png,47,Q,6567
../../hasy-data/v2-18444.png,47,Q,6483
../../hasy-data/v2-18445.png,47,Q,6483
../../hasy-data/v2-18446.png,47,Q,6643
../../hasy-data/v2-18447.png,47,Q,6662
../../hasy-data/v2-18448.png,47,Q,6672
../../hasy-data/v2-18449.png,47,Q,1696
../../hasy-data/v2-18450.png,47,Q,8082
../../hasy-data/v2-18451.png,47,Q,8071
../../hasy-data/v2-18452.png,47,Q,8486
../../hasy-data/v2-18453.png,47,Q,8633
../../hasy-data/v2-18454.png,47,Q,8633
../../hasy-data/v2-18455.png,47,Q,8633
../../hasy-data/v2-18456.png,47,Q,6483
../../hasy-data/v2-18457.png,47,Q,15
../../hasy-data/v2-18458.png,47,Q,9499
../../hasy-data/v2-18459.png,47,Q,9505
../../hasy-data/v2-18460.png,47,Q,59154
../../hasy-data/v2-18461.png,47,Q,101326
../../hasy-data/v2-18462.png,47,Q,116471
../../hasy-data/v2-18463.png,47,Q,125926
../../hasy-data/v2-18464.png,48,R,10
../../hasy-data/v2-18465.png,48,R,10
../../hasy-data/v2-18466.png,48,R,23
../../hasy-data/v2-18467.png,48,R,48
../../hasy-data/v2-18468.png,48,R,46
../../hasy-data/v2-18469.png,48,R,50
../../hasy-data/v2-18470.png,48,R,10
../../hasy-data/v2-18471.png,48,R,10
../../hasy-data/v2-18472.png,48,R,10
../../hasy-data/v2-18473.png,48,R,10
../../hasy-data/v2-18474.png,48,R,10
../../hasy-data/v2-18475.png,48,R,10
../../hasy-data/v2-18476.png,48,R,10
../../hasy-data/v2-18477.png,48,R,10
../../hasy-data/v2-18478.png,48,R,10
../../hasy-data/v2-18479.png,48,R,59
../../hasy-data/v2-18480.png,48,R,1710
../../hasy-data/v2-18481.png,48,R,4435
../../hasy-data/v2-18482.png,48,R,5877
../../hasy-data/v2-18483.png,48,R,10
../../hasy-data/v2-18484.png,48,R,6188
../../hasy-data/v2-18485.png,48,R,5879
../../hasy-data/v2-18486.png,48,R,10
../../hasy-data/v2-18487.png,48,R,10
../../hasy-data/v2-18488.png,48,R,10
../../hasy-data/v2-18489.png,48,R,10
../../hasy-data/v2-18490.png,48,R,10
../../hasy-data/v2-18491.png,48,R,10
../../hasy-data/v2-18492.png,48,R,10
../../hasy-data/v2-18493.png,48,R,10
../../hasy-data/v2-18494.png,48,R,10
../../hasy-data/v2-18495.png,48,R,10
../../hasy-data/v2-18496.png,48,R,10
../../hasy-data/v2-18497.png,48,R,10
../../hasy-data/v2-18498.png,48,R,10
../../hasy-data/v2-18499.png,48,R,10
../../hasy-data/v2-18500.png,48,R,10
../../hasy-data/v2-18501.png,48,R,10
../../hasy-data/v2-18502.png,48,R,10
../../hasy-data/v2-18503.png,48,R,10
../../hasy-data/v2-18504.png,48,R,10
../../hasy-data/v2-18505.png,48,R,10
../../hasy-data/v2-18506.png,48,R,10
../../hasy-data/v2-18507.png,48,R,10
../../hasy-data/v2-18508.png,48,R,6567
../../hasy-data/v2-18509.png,48,R,6483
../../hasy-data/v2-18510.png,48,R,6483
../../hasy-data/v2-18511.png,48,R,6483
../../hasy-data/v2-18512.png,48,R,6662
../../hasy-data/v2-18513.png,48,R,6672
../../hasy-data/v2-18514.png,48,R,6903
../../hasy-data/v2-18515.png,48,R,7001
../../hasy-data/v2-18516.png,48,R,7052
../../hasy-data/v2-18517.png,48,R,7957
../../hasy-data/v2-18518.png,48,R,8082
../../hasy-data/v2-18519.png,48,R,8457
../../hasy-data/v2-18520.png,48,R,8486
../../hasy-data/v2-18521.png,48,R,8633
../../hasy-data/v2-18522.png,48,R,9017
../../hasy-data/v2-18523.png,48,R,9281
../../hasy-data/v2-18524.png,48,R,9283
../../hasy-data/v2-18525.png,48,R,9505
../../hasy-data/v2-18526.png,48,R,50
../../hasy-data/v2-18527.png,48,R,15
../../hasy-data/v2-18528.png,48,R,15
../../hasy-data/v2-18529.png,48,R,15
../../hasy-data/v2-18530.png,48,R,15
../../hasy-data/v2-18531.png,48,R,16925
../../hasy-data/v2-18532.png,48,R,16925
../../hasy-data/v2-18533.png,48,R,16925
../../hasy-data/v2-18534.png,48,R,59154
../../hasy-data/v2-18535.png,48,R,101328
../../hasy-data/v2-18536.png,48,R,116471
../../hasy-data/v2-18537.png,48,R,125926
../../hasy-data/v2-18538.png,49,S,10
../../hasy-data/v2-18539.png,49,S,10
../../hasy-data/v2-18540.png,49,S,15
../../hasy-data/v2-18541.png,49,S,10
../../hasy-data/v2-18542.png,49,S,23
../../hasy-data/v2-18543.png,49,S,34
../../hasy-data/v2-18544.png,49,S,40
../../hasy-data/v2-18545.png,49,S,35
../../hasy-data/v2-18546.png,49,S,44
../../hasy-data/v2-18547.png,49,S,48
../../hasy-data/v2-18548.png,49,S,50
../../hasy-data/v2-18549.png,49,S,10
../../hasy-data/v2-18550.png,49,S,10
../../hasy-data/v2-18551.png,49,S,10
../../hasy-data/v2-18552.png,49,S,10
../../hasy-data/v2-18553.png,49,S,10
../../hasy-data/v2-18554.png,49,S,10
../../hasy-data/v2-18555.png,49,S,10
../../hasy-data/v2-18556.png,49,S,10
../../hasy-data/v2-18557.png,49,S,10
../../hasy-data/v2-18558.png,49,S,59
../../hasy-data/v2-18559.png,49,S,1710
../../hasy-data/v2-18560.png,49,S,4435
../../hasy-data/v2-18561.png,49,S,5877
../../hasy-data/v2-18562.png,49,S,6188
../../hasy-data/v2-18563.png,49,S,5879
../../hasy-data/v2-18564.png,49,S,6567
../../hasy-data/v2-18565.png,49,S,6483
../../hasy-data/v2-18566.png,49,S,6483
../../hasy-data/v2-18567.png,49,S,6662
../../hasy-data/v2-18568.png,49,S,6672
../../hasy-data/v2-18569.png,49,S,6483
../../hasy-data/v2-18570.png,49,S,1696
../../hasy-data/v2-18571.png,49,S,3320
../../hasy-data/v2-18572.png,49,S,8457
../../hasy-data/v2-18573.png,49,S,8486
../../hasy-data/v2-18574.png,49,S,8633
../../hasy-data/v2-18575.png,49,S,8633
../../hasy-data/v2-18576.png,49,S,9017
../../hasy-data/v2-18577.png,49,S,9153
../../hasy-data/v2-18578.png,49,S,9283
../../hasy-data/v2-18579.png,49,S,9505
../../hasy-data/v2-18580.png,49,S,50
../../hasy-data/v2-18581.png,49,S,15
../../hasy-data/v2-18582.png,49,S,15
../../hasy-data/v2-18583.png,49,S,8486
../../hasy-data/v2-18584.png,49,S,16925
../../hasy-data/v2-18585.png,49,S,16925
../../hasy-data/v2-18586.png,49,S,16925
../../hasy-data/v2-18587.png,49,S,16925
../../hasy-data/v2-18588.png,49,S,16925
../../hasy-data/v2-18589.png,49,S,46126
../../hasy-data/v2-18590.png,49,S,59154
../../hasy-data/v2-18591.png,49,S,101329
../../hasy-data/v2-18592.png,49,S,116471
../../hasy-data/v2-18593.png,49,S,125926
../../hasy-data/v2-18594.png,50,T,48
../../hasy-data/v2-18595.png,50,T,46
../../hasy-data/v2-18596.png,50,T,50
../../hasy-data/v2-18597.png,50,T,10
../../hasy-data/v2-18598.png,50,T,10
../../hasy-data/v2-18599.png,50,T,10
../../hasy-data/v2-18600.png,50,T,10
../../hasy-data/v2-18601.png,50,T,10
../../hasy-data/v2-18602.png,50,T,10
../../hasy-data/v2-18603.png,50,T,10
../../hasy-data/v2-18604.png,50,T,10
../../hasy-data/v2-18605.png,50,T,59
../../hasy-data/v2-18606.png,50,T,1710
../../hasy-data/v2-18607.png,50,T,3328
../../hasy-data/v2-18608.png,50,T,3406
../../hasy-data/v2-18609.png,50,T,4435
../../hasy-data/v2-18610.png,50,T,5559
../../hasy-data/v2-18611.png,50,T,5877
../../hasy-data/v2-18612.png,50,T,4142
../../hasy-data/v2-18613.png,50,T,6188
../../hasy-data/v2-18614.png,50,T,6288
../../hasy-data/v2-18615.png,50,T,5879
../../hasy-data/v2-18616.png,50,T,6567
../../hasy-data/v2-18617.png,50,T,6483
../../hasy-data/v2-18618.png,50,T,6483
../../hasy-data/v2-18619.png,50,T,6662
../../hasy-data/v2-18620.png,50,T,6662
../../hasy-data/v2-18621.png,50,T,6672
../../hasy-data/v2-18622.png,50,T,6672
../../hasy-data/v2-18623.png,50,T,6483
../../hasy-data/v2-18624.png,50,T,7045
../../hasy-data/v2-18625.png,50,T,7052
../../hasy-data/v2-18626.png,50,T,1696
../../hasy-data/v2-18627.png,50,T,8457
../../hasy-data/v2-18628.png,50,T,8486
../../hasy-data/v2-18629.png,50,T,8633
../../hasy-data/v2-18630.png,50,T,8633
../../hasy-data/v2-18631.png,50,T,9017
../../hasy-data/v2-18632.png,50,T,15
../../hasy-data/v2-18633.png,50,T,9283
../../hasy-data/v2-18634.png,50,T,9499
../../hasy-data/v2-18635.png,50,T,50
../../hasy-data/v2-18636.png,50,T,10
../../hasy-data/v2-18637.png,50,T,10
../../hasy-data/v2-18638.png,50,T,10
../../hasy-data/v2-18639.png,50,T,59154
../../hasy-data/v2-18640.png,50,T,101306
../../hasy-data/v2-18641.png,50,T,101331
../../hasy-data/v2-18642.png,50,T,116471
../../hasy-data/v2-18643.png,50,T,125926
../../hasy-data/v2-18644.png,51,U,10
../../hasy-data/v2-18645.png,51,U,10
../../hasy-data/v2-18646.png,51,U,15
../../hasy-data/v2-18647.png,51,U,10
../../hasy-data/v2-18648.png,51,U,23
../../hasy-data/v2-18649.png,51,U,34
../../hasy-data/v2-18650.png,51,U,40
../../hasy-data/v2-18651.png,51,U,44
../../hasy-data/v2-18652.png,51,U,48
../../hasy-data/v2-18653.png,51,U,46
../../hasy-data/v2-18654.png,51,U,50
../../hasy-data/v2-18655.png,51,U,10
../../hasy-data/v2-18656.png,51,U,10
../../hasy-data/v2-18657.png,51,U,10
../../hasy-data/v2-18658.png,51,U,10
../../hasy-data/v2-18659.png,51,U,10
../../hasy-data/v2-18660.png,51,U,10
../../hasy-data/v2-18661.png,51,U,10
../../hasy-data/v2-18662.png,51,U,10
../../hasy-data/v2-18663.png,51,U,10
../../hasy-data/v2-18664.png,51,U,10
../../hasy-data/v2-18665.png,51,U,1710
../../hasy-data/v2-18666.png,51,U,4435
../../hasy-data/v2-18667.png,51,U,5877
../../hasy-data/v2-18668.png,51,U,4142
../../hasy-data/v2-18669.png,51,U,6188
../../hasy-data/v2-18670.png,51,U,6288
../../hasy-data/v2-18671.png,51,U,5879
../../hasy-data/v2-18672.png,51,U,6483
../../hasy-data/v2-18673.png,51,U,6483
../../hasy-data/v2-18674.png,51,U,6643
../../hasy-data/v2-18675.png,51,U,6662
../../hasy-data/v2-18676.png,51,U,6672
../../hasy-data/v2-18677.png,51,U,5879
../../hasy-data/v2-18678.png,51,U,7052
../../hasy-data/v2-18679.png,51,U,7713
../../hasy-data/v2-18680.png,51,U,1696
../../hasy-data/v2-18681.png,51,U,8082
../../hasy-data/v2-18682.png,51,U,8457
../../hasy-data/v2-18683.png,51,U,8486
../../hasy-data/v2-18684.png,51,U,8633
../../hasy-data/v2-18685.png,51,U,8633
../../hasy-data/v2-18686.png,51,U,8633
../../hasy-data/v2-18687.png,51,U,9017
../../hasy-data/v2-18688.png,51,U,15
../../hasy-data/v2-18689.png,51,U,9283
../../hasy-data/v2-18690.png,51,U,9505
../../hasy-data/v2-18691.png,51,U,50
../../hasy-data/v2-18692.png,51,U,15
../../hasy-data/v2-18693.png,51,U,15
../../hasy-data/v2-18694.png,51,U,59154
../../hasy-data/v2-18695.png,51,U,116471
../../hasy-data/v2-18696.png,51,U,125926
../../hasy-data/v2-18697.png,52,V,10
../../hasy-data/v2-18698.png,52,V,10
../../hasy-data/v2-18699.png,52,V,10
../../hasy-data/v2-18700.png,52,V,23
../../hasy-data/v2-18701.png,52,V,34
../../hasy-data/v2-18702.png,52,V,40
../../hasy-data/v2-18703.png,52,V,35
../../hasy-data/v2-18704.png,52,V,44
../../hasy-data/v2-18705.png,52,V,46
../../hasy-data/v2-18706.png,52,V,48
../../hasy-data/v2-18707.png,52,V,50
../../hasy-data/v2-18708.png,52,V,10
../../hasy-data/v2-18709.png,52,V,10
../../hasy-data/v2-18710.png,52,V,10
../../hasy-data/v2-18711.png,52,V,10
../../hasy-data/v2-18712.png,52,V,10
../../hasy-data/v2-18713.png,52,V,10
../../hasy-data/v2-18714.png,52,V,10
../../hasy-data/v2-18715.png,52,V,10
../../hasy-data/v2-18716.png,52,V,10
../../hasy-data/v2-18717.png,52,V,10
../../hasy-data/v2-18718.png,52,V,59
../../hasy-data/v2-18719.png,52,V,1710
../../hasy-data/v2-18720.png,52,V,4435
../../hasy-data/v2-18721.png,52,V,5877
../../hasy-data/v2-18722.png,52,V,4142
../../hasy-data/v2-18723.png,52,V,6188
../../hasy-data/v2-18724.png,52,V,6288
../../hasy-data/v2-18725.png,52,V,5879
../../hasy-data/v2-18726.png,52,V,6567
../../hasy-data/v2-18727.png,52,V,6483
../../hasy-data/v2-18728.png,52,V,6643
../../hasy-data/v2-18729.png,52,V,6672
../../hasy-data/v2-18730.png,52,V,5879
../../hasy-data/v2-18731.png,52,V,1696
../../hasy-data/v2-18732.png,52,V,8486
../../hasy-data/v2-18733.png,52,V,8633
../../hasy-data/v2-18734.png,52,V,9283
../../hasy-data/v2-18735.png,52,V,9505
../../hasy-data/v2-18736.png,52,V,15
../../hasy-data/v2-18737.png,52,V,16925
../../hasy-data/v2-18738.png,52,V,16925
../../hasy-data/v2-18739.png,52,V,16925
../../hasy-data/v2-18740.png,52,V,10
../../hasy-data/v2-18741.png,52,V,10
../../hasy-data/v2-18742.png,52,V,10
../../hasy-data/v2-18743.png,52,V,10
../../hasy-data/v2-18744.png,52,V,59154
../../hasy-data/v2-18745.png,52,V,116471
../../hasy-data/v2-18746.png,52,V,125926
../../hasy-data/v2-18748.png,53,W,10
../../hasy-data/v2-18749.png,53,W,10
../../hasy-data/v2-18750.png,53,W,15
../../hasy-data/v2-18751.png,53,W,10
../../hasy-data/v2-18752.png,53,W,10
../../hasy-data/v2-18753.png,53,W,10
../../hasy-data/v2-18754.png,53,W,10
../../hasy-data/v2-18755.png,53,W,10
../../hasy-data/v2-18756.png,53,W,23
../../hasy-data/v2-18757.png,53,W,34
../../hasy-data/v2-18758.png,53,W,35
../../hasy-data/v2-18759.png,53,W,44
../../hasy-data/v2-18760.png,53,W,48
../../hasy-data/v2-18761.png,53,W,46
../../hasy-data/v2-18762.png,53,W,50
../../hasy-data/v2-18763.png,53,W,10
../../hasy-data/v2-18764.png,53,W,10
../../hasy-data/v2-18765.png,53,W,10
../../hasy-data/v2-18766.png,53,W,10
../../hasy-data/v2-18767.png,53,W,10
../../hasy-data/v2-18768.png,53,W,10
../../hasy-data/v2-18769.png,53,W,10
../../hasy-data/v2-18770.png,53,W,10
../../hasy-data/v2-18771.png,53,W,10
../../hasy-data/v2-18772.png,53,W,59
../../hasy-data/v2-18773.png,53,W,1710
../../hasy-data/v2-18774.png,53,W,3328
../../hasy-data/v2-18775.png,53,W,4435
../../hasy-data/v2-18776.png,53,W,5877
../../hasy-data/v2-18777.png,53,W,4142
../../hasy-data/v2-18778.png,53,W,6188
../../hasy-data/v2-18779.png,53,W,6288
../../hasy-data/v2-18780.png,53,W,5879
../../hasy-data/v2-18781.png,53,W,6567
../../hasy-data/v2-18782.png,53,W,6483
../../hasy-data/v2-18783.png,53,W,6483
../../hasy-data/v2-18784.png,53,W,6483
../../hasy-data/v2-18785.png,53,W,6662
../../hasy-data/v2-18786.png,53,W,6672
../../hasy-data/v2-18787.png,53,W,7637
../../hasy-data/v2-18788.png,53,W,1696
../../hasy-data/v2-18789.png,53,W,8082
../../hasy-data/v2-18790.png,53,W,8457
../../hasy-data/v2-18791.png,53,W,8486
../../hasy-data/v2-18792.png,53,W,8633
../../hasy-data/v2-18793.png,53,W,9017
../../hasy-data/v2-18794.png,53,W,15
../../hasy-data/v2-18795.png,53,W,9505
../../hasy-data/v2-18796.png,53,W,50
../../hasy-data/v2-18797.png,53,W,50
../../hasy-data/v2-18798.png,53,W,50
../../hasy-data/v2-18799.png,53,W,59154
../../hasy-data/v2-18800.png,53,W,116471
../../hasy-data/v2-18801.png,53,W,117378
../../hasy-data/v2-18802.png,53,W,125926
../../hasy-data/v2-18803.png,54,X,46
../../hasy-data/v2-18804.png,54,X,50
../../hasy-data/v2-18805.png,54,X,10
../../hasy-data/v2-18806.png,54,X,10
../../hasy-data/v2-18807.png,54,X,10
../../hasy-data/v2-18808.png,54,X,10
../../hasy-data/v2-18809.png,54,X,10
../../hasy-data/v2-18810.png,54,X,10
../../hasy-data/v2-18811.png,54,X,10
../../hasy-data/v2-18812.png,54,X,10
../../hasy-data/v2-18813.png,54,X,10
../../hasy-data/v2-18814.png,54,X,59
../../hasy-data/v2-18815.png,54,X,1710
../../hasy-data/v2-18816.png,54,X,4435
../../hasy-data/v2-18817.png,54,X,5877
../../hasy-data/v2-18818.png,54,X,5879
../../hasy-data/v2-18819.png,54,X,4142
../../hasy-data/v2-18820.png,54,X,6188
../../hasy-data/v2-18821.png,54,X,6288
../../hasy-data/v2-18822.png,54,X,6567
../../hasy-data/v2-18823.png,54,X,6483
../../hasy-data/v2-18824.png,54,X,6662
../../hasy-data/v2-18825.png,54,X,6672
../../hasy-data/v2-18826.png,54,X,8324
../../hasy-data/v2-18827.png,54,X,8457
../../hasy-data/v2-18828.png,54,X,8486
../../hasy-data/v2-18829.png,54,X,8633
../../hasy-data/v2-18830.png,54,X,8633
../../hasy-data/v2-18831.png,54,X,9017
../../hasy-data/v2-18832.png,54,X,9153
../../hasy-data/v2-18833.png,54,X,9283
../../hasy-data/v2-18834.png,54,X,9505
../../hasy-data/v2-18835.png,54,X,15
../../hasy-data/v2-18836.png,54,X,15
../../hasy-data/v2-18837.png,54,X,16925
../../hasy-data/v2-18838.png,54,X,10
../../hasy-data/v2-18839.png,54,X,10
../../hasy-data/v2-18840.png,54,X,10
../../hasy-data/v2-18841.png,54,X,10
../../hasy-data/v2-18842.png,54,X,10
../../hasy-data/v2-18843.png,54,X,10
../../hasy-data/v2-18844.png,54,X,10
../../hasy-data/v2-18845.png,54,X,10
../../hasy-data/v2-18846.png,54,X,10
../../hasy-data/v2-18847.png,54,X,10
../../hasy-data/v2-18848.png,54,X,59154
../../hasy-data/v2-18849.png,54,X,116471
../../hasy-data/v2-18850.png,54,X,125926
../../hasy-data/v2-18851.png,55,Y,10
../../hasy-data/v2-18852.png,55,Y,34
../../hasy-data/v2-18853.png,55,Y,48
../../hasy-data/v2-18854.png,55,Y,50
../../hasy-data/v2-18855.png,55,Y,10
../../hasy-data/v2-18856.png,55,Y,10
../../hasy-data/v2-18857.png,55,Y,10
../../hasy-data/v2-18858.png,55,Y,10
../../hasy-data/v2-18859.png,55,Y,10
../../hasy-data/v2-18860.png,55,Y,10
../../hasy-data/v2-18861.png,55,Y,10
../../hasy-data/v2-18862.png,55,Y,59
../../hasy-data/v2-18863.png,55,Y,1710
../../hasy-data/v2-18864.png,55,Y,4435
../../hasy-data/v2-18865.png,55,Y,5877
../../hasy-data/v2-18866.png,55,Y,10
../../hasy-data/v2-18867.png,55,Y,6188
../../hasy-data/v2-18868.png,55,Y,6288
../../hasy-data/v2-18869.png,55,Y,5879
../../hasy-data/v2-18870.png,55,Y,6567
../../hasy-data/v2-18871.png,55,Y,6483
../../hasy-data/v2-18872.png,55,Y,6483
../../hasy-data/v2-18873.png,55,Y,6483
../../hasy-data/v2-18874.png,55,Y,6662
../../hasy-data/v2-18875.png,55,Y,6662
../../hasy-data/v2-18876.png,55,Y,6672
../../hasy-data/v2-18877.png,55,Y,7637
../../hasy-data/v2-18878.png,55,Y,1696
../../hasy-data/v2-18879.png,55,Y,8457
../../hasy-data/v2-18880.png,55,Y,8466
../../hasy-data/v2-18881.png,55,Y,8486
../../hasy-data/v2-18882.png,55,Y,9283
../../hasy-data/v2-18883.png,55,Y,9505
../../hasy-data/v2-18884.png,55,Y,15
../../hasy-data/v2-18885.png,55,Y,15
../../hasy-data/v2-18886.png,55,Y,5879
../../hasy-data/v2-18887.png,55,Y,17292
../../hasy-data/v2-18888.png,55,Y,10
../../hasy-data/v2-18889.png,55,Y,10
../../hasy-data/v2-18890.png,55,Y,10
../../hasy-data/v2-18891.png,55,Y,10
../../hasy-data/v2-18892.png,55,Y,10
../../hasy-data/v2-18893.png,55,Y,10
../../hasy-data/v2-18894.png,55,Y,10
../../hasy-data/v2-18895.png,55,Y,10
../../hasy-data/v2-18896.png,55,Y,10
../../hasy-data/v2-18897.png,55,Y,8633
../../hasy-data/v2-18898.png,55,Y,59154
../../hasy-data/v2-18899.png,55,Y,116471
../../hasy-data/v2-18900.png,55,Y,125926
../../hasy-data/v2-18901.png,56,Z,10
../../hasy-data/v2-18902.png,56,Z,10
../../hasy-data/v2-18903.png,56,Z,10
../../hasy-data/v2-18904.png,56,Z,40
../../hasy-data/v2-18905.png,56,Z,35
../../hasy-data/v2-18906.png,56,Z,48
../../hasy-data/v2-18907.png,56,Z,46
../../hasy-data/v2-18908.png,56,Z,10
../../hasy-data/v2-18909.png,56,Z,10
../../hasy-data/v2-18910.png,56,Z,10
../../hasy-data/v2-18911.png,56,Z,10
../../hasy-data/v2-18912.png,56,Z,10
../../hasy-data/v2-18913.png,56,Z,10
../../hasy-data/v2-18914.png,56,Z,10
../../hasy-data/v2-18915.png,56,Z,10
../../hasy-data/v2-18916.png,56,Z,1710
../../hasy-data/v2-18917.png,56,Z,4435
../../hasy-data/v2-18918.png,56,Z,5877
../../hasy-data/v2-18919.png,56,Z,4142
../../hasy-data/v2-18920.png,56,Z,6188
../../hasy-data/v2-18921.png,56,Z,6288
../../hasy-data/v2-18922.png,56,Z,5879
../../hasy-data/v2-18923.png,56,Z,6567
../../hasy-data/v2-18924.png,56,Z,6483
../../hasy-data/v2-18925.png,56,Z,6662
../../hasy-data/v2-18926.png,56,Z,6672
../../hasy-data/v2-18927.png,56,Z,6899
../../hasy-data/v2-18928.png,56,Z,5879
../../hasy-data/v2-18929.png,56,Z,5879
../../hasy-data/v2-18930.png,56,Z,1696
../../hasy-data/v2-18931.png,56,Z,7841
../../hasy-data/v2-18932.png,56,Z,3320
../../hasy-data/v2-18933.png,56,Z,10
../../hasy-data/v2-18934.png,56,Z,6483
../../hasy-data/v2-18935.png,56,Z,8457
../../hasy-data/v2-18936.png,56,Z,8486
../../hasy-data/v2-18937.png,56,Z,8633
../../hasy-data/v2-18938.png,56,Z,8633
../../hasy-data/v2-18939.png,56,Z,9017
../../hasy-data/v2-18940.png,56,Z,9224
../../hasy-data/v2-18941.png,56,Z,9281
../../hasy-data/v2-18942.png,56,Z,9283
../../hasy-data/v2-18943.png,56,Z,9499
../../hasy-data/v2-18944.png,56,Z,9505
../../hasy-data/v2-18945.png,56,Z,15
../../hasy-data/v2-18946.png,56,Z,15
../../hasy-data/v2-18947.png,56,Z,15
../../hasy-data/v2-18948.png,56,Z,15
../../hasy-data/v2-18949.png,56,Z,15
../../hasy-data/v2-18950.png,56,Z,16925
../../hasy-data/v2-18951.png,56,Z,17262
../../hasy-data/v2-18952.png,56,Z,17262
../../hasy-data/v2-18953.png,56,Z,16925
../../hasy-data/v2-18954.png,56,Z,19912
../../hasy-data/v2-18955.png,56,Z,59154
../../hasy-data/v2-18956.png,56,Z,116471
../../hasy-data/v2-18957.png,56,Z,125926
../../hasy-data/v2-19913.png,70,0,15
../../hasy-data/v2-19914.png,70,0,10
../../hasy-data/v2-19915.png,70,0,10
../../hasy-data/v2-19916.png,70,0,10
../../hasy-data/v2-19917.png,70,0,28
../../hasy-data/v2-19918.png,70,0,30
../../hasy-data/v2-19919.png,70,0,34
../../hasy-data/v2-19920.png,70,0,32
../../hasy-data/v2-19921.png,70,0,35
../../hasy-data/v2-19922.png,70,0,40
../../hasy-data/v2-19923.png,70,0,44
../../hasy-data/v2-19924.png,70,0,46
../../hasy-data/v2-19925.png,70,0,47
../../hasy-data/v2-19926.png,70,0,48
../../hasy-data/v2-19927.png,70,0,10
../../hasy-data/v2-19928.png,70,0,10
../../hasy-data/v2-19929.png,70,0,10
../../hasy-data/v2-19930.png,70,0,10
../../hasy-data/v2-19931.png,70,0,10
../../hasy-data/v2-19932.png,70,0,10
../../hasy-data/v2-19933.png,70,0,10
../../hasy-data/v2-19934.png,70,0,10
../../hasy-data/v2-19935.png,70,0,10
../../hasy-data/v2-19936.png,70,0,10
../../hasy-data/v2-19937.png,70,0,10
../../hasy-data/v2-19938.png,70,0,10
../../hasy-data/v2-19939.png,70,0,10
../../hasy-data/v2-19940.png,70,0,10
../../hasy-data/v2-19941.png,70,0,10
../../hasy-data/v2-19942.png,70,0,10
../../hasy-data/v2-19943.png,70,0,10
../../hasy-data/v2-19944.png,70,0,10
../../hasy-data/v2-19945.png,70,0,10
../../hasy-data/v2-19946.png,70,0,10
../../hasy-data/v2-19947.png,70,0,10
../../hasy-data/v2-19948.png,70,0,10
../../hasy-data/v2-19949.png,70,0,10
../../hasy-data/v2-19950.png,70,0,10
../../hasy-data/v2-19951.png,70,0,10
../../hasy-data/v2-19952.png,70,0,10
../../hasy-data/v2-19953.png,70,0,10
../../hasy-data/v2-19954.png,70,0,10
../../hasy-data/v2-19955.png,70,0,10
../../hasy-data/v2-19956.png,70,0,10
../../hasy-data/v2-19957.png,70,0,10
../../hasy-data/v2-19958.png,70,0,10
../../hasy-data/v2-19959.png,70,0,10
../../hasy-data/v2-19960.png,70,0,10
../../hasy-data/v2-19961.png,70,0,10
../../hasy-data/v2-19962.png,70,0,10
../../hasy-data/v2-19963.png,70,0,10
../../hasy-data/v2-19964.png,70,0,10
../../hasy-data/v2-19965.png,70,0,10
../../hasy-data/v2-19966.png,70,0,10
../../hasy-data/v2-19967.png,70,0,10
../../hasy-data/v2-19968.png,70,0,10
../../hasy-data/v2-19969.png,70,0,10
../../hasy-data/v2-19970.png,70,0,10
../../hasy-data/v2-19971.png,70,0,10
../../hasy-data/v2-19972.png,70,0,10
../../hasy-data/v2-19973.png,70,0,10
../../hasy-data/v2-19974.png,70,0,10
../../hasy-data/v2-19975.png,70,0,10
../../hasy-data/v2-19976.png,70,0,10
../../hasy-data/v2-19977.png,70,0,10
../../hasy-data/v2-19978.png,70,0,10
../../hasy-data/v2-19979.png,70,0,10
../../hasy-data/v2-19980.png,70,0,10
../../hasy-data/v2-19981.png,70,0,10
../../hasy-data/v2-19982.png,70,0,10
../../hasy-data/v2-19983.png,70,0,10
../../hasy-data/v2-19984.png,70,0,50
../../hasy-data/v2-19985.png,70,0,53
../../hasy-data/v2-19986.png,70,0,55
../../hasy-data/v2-19987.png,70,0,59
../../hasy-data/v2-19988.png,70,0,1692
../../hasy-data/v2-19989.png,70,0,1696
../../hasy-data/v2-19990.png,70,0,1710
../../hasy-data/v2-19991.png,70,0,3620
../../hasy-data/v2-19992.png,70,0,4033
../../hasy-data/v2-19993.png,70,0,4142
../../hasy-data/v2-19994.png,70,0,4142
../../hasy-data/v2-19995.png,70,0,4435
../../hasy-data/v2-19996.png,70,0,5572
../../hasy-data/v2-19997.png,70,0,5579
../../hasy-data/v2-19998.png,70,0,5822
../../hasy-data/v2-19999.png,70,0,5852
../../hasy-data/v2-20000.png,70,0,5877
../../hasy-data/v2-20001.png,70,0,5959
../../hasy-data/v2-20002.png,70,0,5864
../../hasy-data/v2-20003.png,70,0,6188
../../hasy-data/v2-20004.png,70,0,6411
../../hasy-data/v2-20005.png,70,0,6477
../../hasy-data/v2-20006.png,70,0,6483
../../hasy-data/v2-20007.png,70,0,6567
../../hasy-data/v2-20008.png,70,0,6565
../../hasy-data/v2-20009.png,70,0,6672
../../hasy-data/v2-20010.png,70,0,6744
../../hasy-data/v2-20011.png,70,0,6899
../../hasy-data/v2-20012.png,70,0,7001
../../hasy-data/v2-20013.png,70,0,7052
../../hasy-data/v2-20014.png,70,0,6958
../../hasy-data/v2-20015.png,70,0,7957
../../hasy-data/v2-20016.png,70,0,8324
../../hasy-data/v2-20017.png,70,0,8457
../../hasy-data/v2-20018.png,70,0,8633
../../hasy-data/v2-20019.png,70,0,8754
../../hasy-data/v2-20020.png,70,0,9017
../../hasy-data/v2-20021.png,70,0,9283
../../hasy-data/v2-20022.png,70,0,9505
../../hasy-data/v2-20023.png,70,0,53841
../../hasy-data/v2-20024.png,70,0,59154
../../hasy-data/v2-20025.png,70,0,92768
../../hasy-data/v2-20026.png,70,0,101338
../../hasy-data/v2-20027.png,70,0,116471
../../hasy-data/v2-20028.png,70,0,117684
../../hasy-data/v2-20029.png,70,0,124511
../../hasy-data/v2-20030.png,70,0,124916
../../hasy-data/v2-20031.png,70,0,125926
../../hasy-data/v2-20032.png,71,1,10
../../hasy-data/v2-20033.png,71,1,10
../../hasy-data/v2-20034.png,71,1,15
../../hasy-data/v2-20035.png,71,1,15
../../hasy-data/v2-20036.png,71,1,10
../../hasy-data/v2-20037.png,71,1,10
../../hasy-data/v2-20038.png,71,1,10
../../hasy-data/v2-20039.png,71,1,23
../../hasy-data/v2-20040.png,71,1,26
../../hasy-data/v2-20041.png,71,1,10
../../hasy-data/v2-20042.png,71,1,10
../../hasy-data/v2-20043.png,71,1,10
../../hasy-data/v2-20044.png,71,1,10
../../hasy-data/v2-20045.png,71,1,30
../../hasy-data/v2-20046.png,71,1,31
../../hasy-data/v2-20047.png,71,1,34
../../hasy-data/v2-20048.png,71,1,32
../../hasy-data/v2-20049.png,71,1,35
../../hasy-data/v2-20050.png,71,1,46
../../hasy-data/v2-20051.png,71,1,47
../../hasy-data/v2-20052.png,71,1,48
../../hasy-data/v2-20053.png,71,1,10
../../hasy-data/v2-20054.png,71,1,50
../../hasy-data/v2-20055.png,71,1,53
../../hasy-data/v2-20056.png,71,1,55
../../hasy-data/v2-20057.png,71,1,10
../../hasy-data/v2-20058.png,71,1,10
../../hasy-data/v2-20059.png,71,1,10
../../hasy-data/v2-20060.png,71,1,10
../../hasy-data/v2-20061.png,71,1,10
../../hasy-data/v2-20062.png,71,1,10
../../hasy-data/v2-20063.png,71,1,10
../../hasy-data/v2-20064.png,71,1,59
../../hasy-data/v2-20065.png,71,1,1692
../../hasy-data/v2-20066.png,71,1,1710
../../hasy-data/v2-20067.png,71,1,3620
../../hasy-data/v2-20068.png,71,1,4142
../../hasy-data/v2-20069.png,71,1,4435
../../hasy-data/v2-20070.png,71,1,5572
../../hasy-data/v2-20071.png,71,1,5579
../../hasy-data/v2-20072.png,71,1,5822
../../hasy-data/v2-20073.png,71,1,5877
../../hasy-data/v2-20074.png,71,1,5879
../../hasy-data/v2-20075.png,71,1,5959
../../hasy-data/v2-20076.png,71,1,5864
../../hasy-data/v2-20077.png,71,1,1696
../../hasy-data/v2-20078.png,71,1,6188
../../hasy-data/v2-20079.png,71,1,6411
../../hasy-data/v2-20080.png,71,1,6477
../../hasy-data/v2-20081.png,71,1,6483
../../hasy-data/v2-20082.png,71,1,6567
../../hasy-data/v2-20083.png,71,1,6565
../../hasy-data/v2-20084.png,71,1,6567
../../hasy-data/v2-20085.png,71,1,6640
../../hasy-data/v2-20086.png,71,1,6662
../../hasy-data/v2-20087.png,71,1,6662
../../hasy-data/v2-20088.png,71,1,6672
../../hasy-data/v2-20089.png,71,1,6745
../../hasy-data/v2-20090.png,71,1,6899
../../hasy-data/v2-20091.png,71,1,6483
../../hasy-data/v2-20092.png,71,1,7045
../../hasy-data/v2-20093.png,71,1,7052
../../hasy-data/v2-20094.png,71,1,10
../../hasy-data/v2-20095.png,71,1,6958
../../hasy-data/v2-20096.png,71,1,7957
../../hasy-data/v2-20097.png,71,1,7841
../../hasy-data/v2-20098.png,71,1,8082
../../hasy-data/v2-20099.png,71,1,10
../../hasy-data/v2-20100.png,71,1,8071
../../hasy-data/v2-20101.png,71,1,8324
../../hasy-data/v2-20102.png,71,1,8457
../../hasy-data/v2-20103.png,71,1,8486
../../hasy-data/v2-20104.png,71,1,8486
../../hasy-data/v2-20105.png,71,1,8633
../../hasy-data/v2-20106.png,71,1,8633
../../hasy-data/v2-20107.png,71,1,8754
../../hasy-data/v2-20108.png,71,1,9017
../../hasy-data/v2-20109.png,71,1,9017
../../hasy-data/v2-20110.png,71,1,15
../../hasy-data/v2-20111.png,71,1,9153
../../hasy-data/v2-20112.png,71,1,9224
../../hasy-data/v2-20113.png,71,1,9283
../../hasy-data/v2-20114.png,71,1,9339
../../hasy-data/v2-20115.png,71,1,9505
../../hasy-data/v2-20116.png,71,1,15
../../hasy-data/v2-20117.png,71,1,8486
../../hasy-data/v2-20118.png,71,1,8486
../../hasy-data/v2-20119.png,71,1,8486
../../hasy-data/v2-20120.png,71,1,8486
../../hasy-data/v2-20121.png,71,1,8486
../../hasy-data/v2-20122.png,71,1,8486
../../hasy-data/v2-20123.png,71,1,8486
../../hasy-data/v2-20124.png,71,1,8486
../../hasy-data/v2-20125.png,71,1,16925
../../hasy-data/v2-20126.png,71,1,21606
../../hasy-data/v2-20127.png,71,1,53841
../../hasy-data/v2-20128.png,71,1,59154
../../hasy-data/v2-20129.png,71,1,92020
../../hasy-data/v2-20130.png,71,1,92768
../../hasy-data/v2-20131.png,71,1,101339
../../hasy-data/v2-20132.png,71,1,101354
../../hasy-data/v2-20133.png,71,1,116471
../../hasy-data/v2-20134.png,71,1,117684
../../hasy-data/v2-20135.png,71,1,124511
../../hasy-data/v2-20136.png,71,1,124916
../../hasy-data/v2-20137.png,71,1,125926
../../hasy-data/v2-20139.png,72,2,15
../../hasy-data/v2-20140.png,72,2,10
../../hasy-data/v2-20141.png,72,2,10
../../hasy-data/v2-20142.png,72,2,10
../../hasy-data/v2-20143.png,72,2,10
../../hasy-data/v2-20144.png,72,2,23
../../hasy-data/v2-20145.png,72,2,26
../../hasy-data/v2-20146.png,72,2,28
../../hasy-data/v2-20147.png,72,2,27
../../hasy-data/v2-20148.png,72,2,30
../../hasy-data/v2-20149.png,72,2,30
../../hasy-data/v2-20150.png,72,2,31
../../hasy-data/v2-20151.png,72,2,34
../../hasy-data/v2-20152.png,72,2,32
../../hasy-data/v2-20153.png,72,2,35
../../hasy-data/v2-20154.png,72,2,40
../../hasy-data/v2-20155.png,72,2,44
../../hasy-data/v2-20156.png,72,2,46
../../hasy-data/v2-20157.png,72,2,46
../../hasy-data/v2-20158.png,72,2,47
../../hasy-data/v2-20159.png,72,2,48
../../hasy-data/v2-20160.png,72,2,10
../../hasy-data/v2-20161.png,72,2,50
../../hasy-data/v2-20162.png,72,2,55
../../hasy-data/v2-20163.png,72,2,10
../../hasy-data/v2-20164.png,72,2,10
../../hasy-data/v2-20165.png,72,2,10
../../hasy-data/v2-20166.png,72,2,10
../../hasy-data/v2-20167.png,72,2,10
../../hasy-data/v2-20168.png,72,2,10
../../hasy-data/v2-20169.png,72,2,10
../../hasy-data/v2-20170.png,72,2,10
../../hasy-data/v2-20171.png,72,2,10
../../hasy-data/v2-20172.png,72,2,10
../../hasy-data/v2-20173.png,72,2,10
../../hasy-data/v2-20174.png,72,2,10
../../hasy-data/v2-20175.png,72,2,59
../../hasy-data/v2-20176.png,72,2,62
../../hasy-data/v2-20177.png,72,2,517
../../hasy-data/v2-20178.png,72,2,1692
../../hasy-data/v2-20179.png,72,2,1710
../../hasy-data/v2-20180.png,72,2,3620
../../hasy-data/v2-20181.png,72,2,4033
../../hasy-data/v2-20182.png,72,2,4142
../../hasy-data/v2-20183.png,72,2,5572
../../hasy-data/v2-20184.png,72,2,5579
../../hasy-data/v2-20185.png,72,2,5822
../../hasy-data/v2-20186.png,72,2,5852
../../hasy-data/v2-20187.png,72,2,5852
../../hasy-data/v2-20188.png,72,2,5877
../../hasy-data/v2-20189.png,72,2,5895
../../hasy-data/v2-20190.png,72,2,5959
../../hasy-data/v2-20191.png,72,2,5864
../../hasy-data/v2-20192.png,72,2,1696
../../hasy-data/v2-20193.png,72,2,6188
../../hasy-data/v2-20194.png,72,2,6411
../../hasy-data/v2-20195.png,72,2,6565
../../hasy-data/v2-20196.png,72,2,6567
../../hasy-data/v2-20197.png,72,2,6662
../../hasy-data/v2-20198.png,72,2,6672
../../hasy-data/v2-20199.png,72,2,6746
../../hasy-data/v2-20200.png,72,2,6899
../../hasy-data/v2-20201.png,72,2,6902
../../hasy-data/v2-20202.png,72,2,7001
../../hasy-data/v2-20203.png,72,2,7045
../../hasy-data/v2-20204.png,72,2,7052
../../hasy-data/v2-20205.png,72,2,6958
../../hasy-data/v2-20206.png,72,2,7957
../../hasy-data/v2-20207.png,72,2,8324
../../hasy-data/v2-20208.png,72,2,8457
../../hasy-data/v2-20209.png,72,2,8486
../../hasy-data/v2-20210.png,72,2,8633
../../hasy-data/v2-20211.png,72,2,8633
../../hasy-data/v2-20212.png,72,2,8633
../../hasy-data/v2-20213.png,72,2,8754
../../hasy-data/v2-20214.png,72,2,9017
../../hasy-data/v2-20215.png,72,2,15
../../hasy-data/v2-20216.png,72,2,9153
../../hasy-data/v2-20217.png,72,2,9224
../../hasy-data/v2-20218.png,72,2,10
../../hasy-data/v2-20219.png,72,2,10
../../hasy-data/v2-20220.png,72,2,9283
../../hasy-data/v2-20221.png,72,2,9505
../../hasy-data/v2-20222.png,72,2,50
../../hasy-data/v2-20223.png,72,2,50
../../hasy-data/v2-20224.png,72,2,8486
../../hasy-data/v2-20225.png,72,2,8486
../../hasy-data/v2-20226.png,72,2,8486
../../hasy-data/v2-20227.png,72,2,8486
../../hasy-data/v2-20228.png,72,2,8486
../../hasy-data/v2-20229.png,72,2,8486
../../hasy-data/v2-20230.png,72,2,8486
../../hasy-data/v2-20231.png,72,2,8486
../../hasy-data/v2-20232.png,72,2,8486
../../hasy-data/v2-20233.png,72,2,8486
../../hasy-data/v2-20234.png,72,2,8486
../../hasy-data/v2-20235.png,72,2,16925
../../hasy-data/v2-20236.png,72,2,16925
../../hasy-data/v2-20237.png,72,2,21606
../../hasy-data/v2-20238.png,72,2,53841
../../hasy-data/v2-20239.png,72,2,59154
../../hasy-data/v2-20240.png,72,2,66562
../../hasy-data/v2-20241.png,72,2,92768
../../hasy-data/v2-20242.png,72,2,101336
../../hasy-data/v2-20243.png,72,2,101340
../../hasy-data/v2-20244.png,72,2,101341
../../hasy-data/v2-20245.png,72,2,116471
../../hasy-data/v2-20246.png,72,2,117684
../../hasy-data/v2-20247.png,72,2,124511
../../hasy-data/v2-20248.png,72,2,124916
../../hasy-data/v2-20249.png,72,2,125926
../../hasy-data/v2-20250.png,73,3,10
../../hasy-data/v2-20251.png,73,3,15
../../hasy-data/v2-20252.png,73,3,10
../../hasy-data/v2-20253.png,73,3,10
../../hasy-data/v2-20254.png,73,3,10
../../hasy-data/v2-20255.png,73,3,10
../../hasy-data/v2-20256.png,73,3,23
../../hasy-data/v2-20257.png,73,3,10
../../hasy-data/v2-20258.png,73,3,10
../../hasy-data/v2-20259.png,73,3,10
../../hasy-data/v2-20260.png,73,3,10
../../hasy-data/v2-20261.png,73,3,10
../../hasy-data/v2-20262.png,73,3,26
../../hasy-data/v2-20263.png,73,3,28
../../hasy-data/v2-20264.png,73,3,30
../../hasy-data/v2-20265.png,73,3,30
../../hasy-data/v2-20266.png,73,3,31
../../hasy-data/v2-20267.png,73,3,34
../../hasy-data/v2-20268.png,73,3,32
../../hasy-data/v2-20269.png,73,3,35
../../hasy-data/v2-20270.png,73,3,40
../../hasy-data/v2-20271.png,73,3,44
../../hasy-data/v2-20272.png,73,3,46
../../hasy-data/v2-20273.png,73,3,47
../../hasy-data/v2-20274.png,73,3,48
../../hasy-data/v2-20275.png,73,3,50
../../hasy-data/v2-20276.png,73,3,55
../../hasy-data/v2-20277.png,73,3,10
../../hasy-data/v2-20278.png,73,3,10
../../hasy-data/v2-20279.png,73,3,10
../../hasy-data/v2-20280.png,73,3,10
../../hasy-data/v2-20281.png,73,3,10
../../hasy-data/v2-20282.png,73,3,10
../../hasy-data/v2-20283.png,73,3,59
../../hasy-data/v2-20284.png,73,3,10
../../hasy-data/v2-20285.png,73,3,517
../../hasy-data/v2-20286.png,73,3,4142
../../hasy-data/v2-20287.png,73,3,4435
../../hasy-data/v2-20288.png,73,3,5572
../../hasy-data/v2-20289.png,73,3,5579
../../hasy-data/v2-20290.png,73,3,5822
../../hasy-data/v2-20291.png,73,3,5852
../../hasy-data/v2-20292.png,73,3,5877
../../hasy-data/v2-20293.png,73,3,5879
../../hasy-data/v2-20294.png,73,3,5959
../../hasy-data/v2-20295.png,73,3,5864
../../hasy-data/v2-20296.png,73,3,10
../../hasy-data/v2-20297.png,73,3,1696
../../hasy-data/v2-20298.png,73,3,6188
../../hasy-data/v2-20299.png,73,3,6483
../../hasy-data/v2-20300.png,73,3,6567
../../hasy-data/v2-20301.png,73,3,6565
../../hasy-data/v2-20302.png,73,3,6483
../../hasy-data/v2-20303.png,73,3,6643
../../hasy-data/v2-20304.png,73,3,6662
../../hasy-data/v2-20305.png,73,3,6672
../../hasy-data/v2-20306.png,73,3,6747
../../hasy-data/v2-20307.png,73,3,6899
../../hasy-data/v2-20308.png,73,3,6902
../../hasy-data/v2-20309.png,73,3,7001
../../hasy-data/v2-20310.png,73,3,5879
../../hasy-data/v2-20311.png,73,3,7045
../../hasy-data/v2-20312.png,73,3,7052
../../hasy-data/v2-20313.png,73,3,7637
../../hasy-data/v2-20314.png,73,3,6958
../../hasy-data/v2-20315.png,73,3,7957
../../hasy-data/v2-20316.png,73,3,8082
../../hasy-data/v2-20317.png,73,3,8324
../../hasy-data/v2-20318.png,73,3,6483
../../hasy-data/v2-20319.png,73,3,6483
../../hasy-data/v2-20320.png,73,3,6483
../../hasy-data/v2-20321.png,73,3,6483
../../hasy-data/v2-20322.png,73,3,6483
../../hasy-data/v2-20323.png,73,3,6483
../../hasy-data/v2-20324.png,73,3,6483
../../hasy-data/v2-20325.png,73,3,6483
../../hasy-data/v2-20326.png,73,3,6483
../../hasy-data/v2-20327.png,73,3,6483
../../hasy-data/v2-20328.png,73,3,6483
../../hasy-data/v2-20329.png,73,3,6483
../../hasy-data/v2-20330.png,73,3,6483
../../hasy-data/v2-20331.png,73,3,8071
../../hasy-data/v2-20332.png,73,3,8486
../../hasy-data/v2-20333.png,73,3,8633
../../hasy-data/v2-20334.png,73,3,8633
../../hasy-data/v2-20335.png,73,3,9017
../../hasy-data/v2-20336.png,73,3,15
../../hasy-data/v2-20337.png,73,3,9153
../../hasy-data/v2-20338.png,73,3,15
../../hasy-data/v2-20339.png,73,3,15
../../hasy-data/v2-20340.png,73,3,9224
../../hasy-data/v2-20341.png,73,3,9283
../../hasy-data/v2-20342.png,73,3,9505
../../hasy-data/v2-20343.png,73,3,16925
../../hasy-data/v2-20344.png,73,3,16925
../../hasy-data/v2-20345.png,73,3,16925
../../hasy-data/v2-20346.png,73,3,16925
../../hasy-data/v2-20347.png,73,3,16925
../../hasy-data/v2-20348.png,73,3,16925
../../hasy-data/v2-20349.png,73,3,53841
../../hasy-data/v2-20350.png,73,3,59154
../../hasy-data/v2-20351.png,73,3,88494
../../hasy-data/v2-20352.png,73,3,92768
../../hasy-data/v2-20353.png,73,3,101342
../../hasy-data/v2-20354.png,73,3,116471
../../hasy-data/v2-20355.png,73,3,124511
../../hasy-data/v2-20356.png,73,3,124916
../../hasy-data/v2-20357.png,73,3,125926
../../hasy-data/v2-20358.png,74,4,46
../../hasy-data/v2-20359.png,74,4,47
../../hasy-data/v2-20360.png,74,4,48
../../hasy-data/v2-20361.png,74,4,50
../../hasy-data/v2-20362.png,74,4,55
../../hasy-data/v2-20363.png,74,4,59
../../hasy-data/v2-20364.png,74,4,517
../../hasy-data/v2-20365.png,74,4,1626
../../hasy-data/v2-20366.png,74,4,1710
../../hasy-data/v2-20367.png,74,4,4033
../../hasy-data/v2-20368.png,74,4,4142
../../hasy-data/v2-20369.png,74,4,4435
../../hasy-data/v2-20370.png,74,4,5572
../../hasy-data/v2-20371.png,74,4,5822
../../hasy-data/v2-20372.png,74,4,5852
../../hasy-data/v2-20373.png,74,4,5877
../../hasy-data/v2-20374.png,74,4,5879
../../hasy-data/v2-20375.png,74,4,5864
../../hasy-data/v2-20376.png,74,4,1696
../../hasy-data/v2-20377.png,74,4,6188
../../hasy-data/v2-20378.png,74,4,6483
../../hasy-data/v2-20379.png,74,4,6567
../../hasy-data/v2-20380.png,74,4,6565
../../hasy-data/v2-20381.png,74,4,6483
../../hasy-data/v2-20382.png,74,4,6483
../../hasy-data/v2-20383.png,74,4,6483
../../hasy-data/v2-20384.png,74,4,6662
../../hasy-data/v2-20385.png,74,4,6672
../../hasy-data/v2-20386.png,74,4,6748
../../hasy-data/v2-20387.png,74,4,6899
../../hasy-data/v2-20388.png,74,4,6902
../../hasy-data/v2-20389.png,74,4,5879
../../hasy-data/v2-20390.png,74,4,7052
../../hasy-data/v2-20391.png,74,4,6958
../../hasy-data/v2-20392.png,74,4,7957
../../hasy-data/v2-20393.png,74,4,8324
../../hasy-data/v2-20394.png,74,4,8071
../../hasy-data/v2-20395.png,74,4,8457
../../hasy-data/v2-20396.png,74,4,6483
../../hasy-data/v2-20397.png,74,4,6483
../../hasy-data/v2-20398.png,74,4,8633
../../hasy-data/v2-20399.png,74,4,8754
../../hasy-data/v2-20400.png,74,4,9017
../../hasy-data/v2-20401.png,74,4,9283
../../hasy-data/v2-20402.png,74,4,9505
../../hasy-data/v2-20403.png,74,4,21606
../../hasy-data/v2-20404.png,74,4,53841
../../hasy-data/v2-20405.png,74,4,59154
../../hasy-data/v2-20406.png,74,4,92768
../../hasy-data/v2-20407.png,74,4,101344
../../hasy-data/v2-20408.png,74,4,116471
../../hasy-data/v2-20409.png,74,4,124511
../../hasy-data/v2-20410.png,74,4,124916
../../hasy-data/v2-20411.png,74,4,125926
../../hasy-data/v2-20412.png,75,5,23
../../hasy-data/v2-20413.png,75,5,28
../../hasy-data/v2-20414.png,75,5,35
../../hasy-data/v2-20415.png,75,5,40
../../hasy-data/v2-20416.png,75,5,46
../../hasy-data/v2-20417.png,75,5,47
../../hasy-data/v2-20418.png,75,5,48
../../hasy-data/v2-20419.png,75,5,50
../../hasy-data/v2-20420.png,75,5,53
../../hasy-data/v2-20421.png,75,5,55
../../hasy-data/v2-20422.png,75,5,10
../../hasy-data/v2-20423.png,75,5,10
../../hasy-data/v2-20424.png,75,5,10
../../hasy-data/v2-20425.png,75,5,10
../../hasy-data/v2-20426.png,75,5,10
../../hasy-data/v2-20427.png,75,5,10
../../hasy-data/v2-20428.png,75,5,10
../../hasy-data/v2-20429.png,75,5,10
../../hasy-data/v2-20430.png,75,5,10
../../hasy-data/v2-20431.png,75,5,59
../../hasy-data/v2-20432.png,75,5,43
../../hasy-data/v2-20433.png,75,5,517
../../hasy-data/v2-20434.png,75,5,1710
../../hasy-data/v2-20435.png,75,5,4033
../../hasy-data/v2-20436.png,75,5,4142
../../hasy-data/v2-20437.png,75,5,4435
../../hasy-data/v2-20438.png,75,5,5572
../../hasy-data/v2-20439.png,75,5,5822
../../hasy-data/v2-20440.png,75,5,5852
../../hasy-data/v2-20441.png,75,5,5877
../../hasy-data/v2-20442.png,75,5,5879
../../hasy-data/v2-20443.png,75,5,5959
../../hasy-data/v2-20444.png,75,5,5864
../../hasy-data/v2-20445.png,75,5,1696
../../hasy-data/v2-20446.png,75,5,6483
../../hasy-data/v2-20447.png,75,5,6095
../../hasy-data/v2-20448.png,75,5,6567
../../hasy-data/v2-20449.png,75,5,6565
../../hasy-data/v2-20450.png,75,5,6643
../../hasy-data/v2-20451.png,75,5,6662
../../hasy-data/v2-20452.png,75,5,6672
../../hasy-data/v2-20453.png,75,5,6899
../../hasy-data/v2-20454.png,75,5,7045
../../hasy-data/v2-20455.png,75,5,7052
../../hasy-data/v2-20456.png,75,5,7713
../../hasy-data/v2-20457.png,75,5,6958
../../hasy-data/v2-20458.png,75,5,8175
../../hasy-data/v2-20459.png,75,5,8324
../../hasy-data/v2-20460.png,75,5,8071
../../hasy-data/v2-20461.png,75,5,8457
../../hasy-data/v2-20462.png,75,5,8486
../../hasy-data/v2-20463.png,75,5,8633
../../hasy-data/v2-20464.png,75,5,8754
../../hasy-data/v2-20465.png,75,5,9224
../../hasy-data/v2-20466.png,75,5,9283
../../hasy-data/v2-20467.png,75,5,9505
../../hasy-data/v2-20468.png,75,5,50
../../hasy-data/v2-20469.png,75,5,50
../../hasy-data/v2-20470.png,75,5,15
../../hasy-data/v2-20471.png,75,5,15
../../hasy-data/v2-20472.png,75,5,15
../../hasy-data/v2-20473.png,75,5,5879
../../hasy-data/v2-20474.png,75,5,16925
../../hasy-data/v2-20475.png,75,5,59154
../../hasy-data/v2-20476.png,75,5,92768
../../hasy-data/v2-20477.png,75,5,101346
../../hasy-data/v2-20478.png,75,5,116471
../../hasy-data/v2-20479.png,75,5,124511
../../hasy-data/v2-20480.png,75,5,124916
../../hasy-data/v2-20481.png,75,5,125926
../../hasy-data/v2-20482.png,76,6,10
../../hasy-data/v2-20483.png,76,6,15
../../hasy-data/v2-20484.png,76,6,10
../../hasy-data/v2-20485.png,76,6,23
../../hasy-data/v2-20486.png,76,6,26
../../hasy-data/v2-20487.png,76,6,28
../../hasy-data/v2-20488.png,76,6,30
../../hasy-data/v2-20489.png,76,6,31
../../hasy-data/v2-20490.png,76,6,34
../../hasy-data/v2-20491.png,76,6,32
../../hasy-data/v2-20492.png,76,6,35
../../hasy-data/v2-20493.png,76,6,44
../../hasy-data/v2-20494.png,76,6,46
../../hasy-data/v2-20495.png,76,6,48
../../hasy-data/v2-20496.png,76,6,50
../../hasy-data/v2-20497.png,76,6,55
../../hasy-data/v2-20498.png,76,6,10
../../hasy-data/v2-20499.png,76,6,10
../../hasy-data/v2-20500.png,76,6,10
../../hasy-data/v2-20501.png,76,6,10
../../hasy-data/v2-20502.png,76,6,10
../../hasy-data/v2-20503.png,76,6,10
../../hasy-data/v2-20504.png,76,6,10
../../hasy-data/v2-20505.png,76,6,10
../../hasy-data/v2-20506.png,76,6,59
../../hasy-data/v2-20507.png,76,6,1710
../../hasy-data/v2-20508.png,76,6,4033
../../hasy-data/v2-20509.png,76,6,4142
../../hasy-data/v2-20510.png,76,6,4435
../../hasy-data/v2-20511.png,76,6,5572
../../hasy-data/v2-20512.png,76,6,5579
../../hasy-data/v2-20513.png,76,6,5822
../../hasy-data/v2-20514.png,76,6,5852
../../hasy-data/v2-20515.png,76,6,5877
../../hasy-data/v2-20516.png,76,6,5879
../../hasy-data/v2-20517.png,76,6,5959
../../hasy-data/v2-20518.png,76,6,5864
../../hasy-data/v2-20519.png,76,6,1696
../../hasy-data/v2-20520.png,76,6,6188
../../hasy-data/v2-20521.png,76,6,6483
../../hasy-data/v2-20522.png,76,6,10
../../hasy-data/v2-20523.png,76,6,10
../../hasy-data/v2-20524.png,76,6,10
../../hasy-data/v2-20525.png,76,6,10
../../hasy-data/v2-20526.png,76,6,10
../../hasy-data/v2-20527.png,76,6,6567
../../hasy-data/v2-20528.png,76,6,6565
../../hasy-data/v2-20529.png,76,6,6483
../../hasy-data/v2-20530.png,76,6,6643
../../hasy-data/v2-20531.png,76,6,6662
../../hasy-data/v2-20532.png,76,6,6672
../../hasy-data/v2-20533.png,76,6,6750
../../hasy-data/v2-20534.png,76,6,6899
../../hasy-data/v2-20535.png,76,6,6902
../../hasy-data/v2-20536.png,76,6,7052
../../hasy-data/v2-20537.png,76,6,6958
../../hasy-data/v2-20538.png,76,6,7957
../../hasy-data/v2-20539.png,76,6,3320
../../hasy-data/v2-20540.png,76,6,8071
../../hasy-data/v2-20541.png,76,6,8324
../../hasy-data/v2-20542.png,76,6,8457
../../hasy-data/v2-20543.png,76,6,8486
../../hasy-data/v2-20544.png,76,6,8633
../../hasy-data/v2-20545.png,76,6,6483
../../hasy-data/v2-20546.png,76,6,8754
../../hasy-data/v2-20547.png,76,6,9017
../../hasy-data/v2-20548.png,76,6,9153
../../hasy-data/v2-20549.png,76,6,9224
../../hasy-data/v2-20550.png,76,6,10
../../hasy-data/v2-20551.png,76,6,10
../../hasy-data/v2-20552.png,76,6,10
../../hasy-data/v2-20553.png,76,6,10
../../hasy-data/v2-20554.png,76,6,10
../../hasy-data/v2-20555.png,76,6,10
../../hasy-data/v2-20556.png,76,6,9283
../../hasy-data/v2-20557.png,76,6,9505
../../hasy-data/v2-20558.png,76,6,50
../../hasy-data/v2-20559.png,76,6,15
../../hasy-data/v2-20560.png,76,6,15
../../hasy-data/v2-20561.png,76,6,15
../../hasy-data/v2-20562.png,76,6,16925
../../hasy-data/v2-20563.png,76,6,21606
../../hasy-data/v2-20564.png,76,6,53841
../../hasy-data/v2-20565.png,76,6,59154
../../hasy-data/v2-20566.png,76,6,92768
../../hasy-data/v2-20567.png,76,6,101347
../../hasy-data/v2-20568.png,76,6,116471
../../hasy-data/v2-20569.png,76,6,124511
../../hasy-data/v2-20570.png,76,6,124916
../../hasy-data/v2-20571.png,76,6,125926
../../hasy-data/v2-20572.png,77,7,40
../../hasy-data/v2-20573.png,77,7,46
../../hasy-data/v2-20574.png,77,7,48
../../hasy-data/v2-20575.png,77,7,50
../../hasy-data/v2-20576.png,77,7,53
../../hasy-data/v2-20577.png,77,7,55
../../hasy-data/v2-20578.png,77,7,10
../../hasy-data/v2-20579.png,77,7,10
../../hasy-data/v2-20580.png,77,7,10
../../hasy-data/v2-20581.png,77,7,10
../../hasy-data/v2-20582.png,77,7,10
../../hasy-data/v2-20583.png,77,7,10
../../hasy-data/v2-20584.png,77,7,10
../../hasy-data/v2-20585.png,77,7,10
../../hasy-data/v2-20586.png,77,7,10
../../hasy-data/v2-20587.png,77,7,10
../../hasy-data/v2-20588.png,77,7,59
../../hasy-data/v2-20589.png,77,7,517
../../hasy-data/v2-20590.png,77,7,1710
../../hasy-data/v2-20591.png,77,7,4142
../../hasy-data/v2-20592.png,77,7,4435
../../hasy-data/v2-20593.png,77,7,5567
../../hasy-data/v2-20594.png,77,7,5572
../../hasy-data/v2-20595.png,77,7,5822
../../hasy-data/v2-20596.png,77,7,5852
../../hasy-data/v2-20597.png,77,7,5879
../../hasy-data/v2-20598.png,77,7,5959
../../hasy-data/v2-20599.png,77,7,5864
../../hasy-data/v2-20600.png,77,7,1696
../../hasy-data/v2-20601.png,77,7,6188
../../hasy-data/v2-20602.png,77,7,6483
../../hasy-data/v2-20603.png,77,7,6567
../../hasy-data/v2-20604.png,77,7,6565
../../hasy-data/v2-20605.png,77,7,6483
../../hasy-data/v2-20606.png,77,7,6662
../../hasy-data/v2-20607.png,77,7,6672
../../hasy-data/v2-20608.png,77,7,6751
../../hasy-data/v2-20609.png,77,7,6899
../../hasy-data/v2-20610.png,77,7,6902
../../hasy-data/v2-20611.png,77,7,7001
../../hasy-data/v2-20612.png,77,7,7052
../../hasy-data/v2-20613.png,77,7,7957
../../hasy-data/v2-20614.png,77,7,8071
../../hasy-data/v2-20615.png,77,7,8457
../../hasy-data/v2-20616.png,77,7,8486
../../hasy-data/v2-20617.png,77,7,8633
../../hasy-data/v2-20618.png,77,7,8633
../../hasy-data/v2-20619.png,77,7,8754
../../hasy-data/v2-20620.png,77,7,9017
../../hasy-data/v2-20621.png,77,7,9153
../../hasy-data/v2-20622.png,77,7,15
../../hasy-data/v2-20623.png,77,7,9224
../../hasy-data/v2-20624.png,77,7,9283
../../hasy-data/v2-20625.png,77,7,9505
../../hasy-data/v2-20626.png,77,7,50
../../hasy-data/v2-20627.png,77,7,15
../../hasy-data/v2-20628.png,77,7,14751
../../hasy-data/v2-20629.png,77,7,21606
../../hasy-data/v2-20630.png,77,7,53841
../../hasy-data/v2-20631.png,77,7,59154
../../hasy-data/v2-20632.png,77,7,92768
../../hasy-data/v2-20633.png,77,7,101349
../../hasy-data/v2-20634.png,77,7,116471
../../hasy-data/v2-20635.png,77,7,124511
../../hasy-data/v2-20636.png,77,7,124916
../../hasy-data/v2-20637.png,77,7,125926
../../hasy-data/v2-20639.png,78,8,15
../../hasy-data/v2-20640.png,78,8,10
../../hasy-data/v2-20641.png,78,8,10
../../hasy-data/v2-20642.png,78,8,26
../../hasy-data/v2-20643.png,78,8,27
../../hasy-data/v2-20644.png,78,8,30
../../hasy-data/v2-20645.png,78,8,31
../../hasy-data/v2-20646.png,78,8,32
../../hasy-data/v2-20647.png,78,8,35
../../hasy-data/v2-20648.png,78,8,40
../../hasy-data/v2-20649.png,78,8,44
../../hasy-data/v2-20650.png,78,8,46
../../hasy-data/v2-20651.png,78,8,47
../../hasy-data/v2-20652.png,78,8,48
../../hasy-data/v2-20653.png,78,8,50
../../hasy-data/v2-20654.png,78,8,55
../../hasy-data/v2-20655.png,78,8,10
../../hasy-data/v2-20656.png,78,8,10
../../hasy-data/v2-20657.png,78,8,10
../../hasy-data/v2-20658.png,78,8,10
../../hasy-data/v2-20659.png,78,8,10
../../hasy-data/v2-20660.png,78,8,10
../../hasy-data/v2-20661.png,78,8,10
../../hasy-data/v2-20662.png,78,8,10
../../hasy-data/v2-20663.png,78,8,10
../../hasy-data/v2-20664.png,78,8,10
../../hasy-data/v2-20665.png,78,8,59
../../hasy-data/v2-20666.png,78,8,517
../../hasy-data/v2-20667.png,78,8,1710
../../hasy-data/v2-20668.png,78,8,3328
../../hasy-data/v2-20669.png,78,8,4033
../../hasy-data/v2-20670.png,78,8,4142
../../hasy-data/v2-20671.png,78,8,4435
../../hasy-data/v2-20672.png,78,8,5275
../../hasy-data/v2-20673.png,78,8,5572
../../hasy-data/v2-20674.png,78,8,5579
../../hasy-data/v2-20675.png,78,8,5822
../../hasy-data/v2-20676.png,78,8,5852
../../hasy-data/v2-20677.png,78,8,5877
../../hasy-data/v2-20678.png,78,8,5879
../../hasy-data/v2-20679.png,78,8,5959
../../hasy-data/v2-20680.png,78,8,5864
../../hasy-data/v2-20681.png,78,8,1696
../../hasy-data/v2-20682.png,78,8,6188
../../hasy-data/v2-20683.png,78,8,6483
../../hasy-data/v2-20684.png,78,8,6567
../../hasy-data/v2-20685.png,78,8,6565
../../hasy-data/v2-20686.png,78,8,6483
../../hasy-data/v2-20687.png,78,8,6662
../../hasy-data/v2-20688.png,78,8,6672
../../hasy-data/v2-20689.png,78,8,6752
../../hasy-data/v2-20690.png,78,8,6899
../../hasy-data/v2-20691.png,78,8,6902
../../hasy-data/v2-20692.png,78,8,6483
../../hasy-data/v2-20693.png,78,8,7001
../../hasy-data/v2-20694.png,78,8,7045
../../hasy-data/v2-20695.png,78,8,7052
../../hasy-data/v2-20696.png,78,8,6958
../../hasy-data/v2-20697.png,78,8,7957
../../hasy-data/v2-20698.png,78,8,7957
../../hasy-data/v2-20699.png,78,8,8082
../../hasy-data/v2-20700.png,78,8,3320
../../hasy-data/v2-20701.png,78,8,8071
../../hasy-data/v2-20702.png,78,8,8324
../../hasy-data/v2-20703.png,78,8,8457
../../hasy-data/v2-20704.png,78,8,8633
../../hasy-data/v2-20705.png,78,8,8633
../../hasy-data/v2-20706.png,78,8,9017
../../hasy-data/v2-20707.png,78,8,15
../../hasy-data/v2-20708.png,78,8,9153
../../hasy-data/v2-20709.png,78,8,9283
../../hasy-data/v2-20710.png,78,8,10
../../hasy-data/v2-20711.png,78,8,10
../../hasy-data/v2-20712.png,78,8,10
../../hasy-data/v2-20713.png,78,8,10
../../hasy-data/v2-20714.png,78,8,10
../../hasy-data/v2-20715.png,78,8,10
../../hasy-data/v2-20716.png,78,8,10
../../hasy-data/v2-20717.png,78,8,10
../../hasy-data/v2-20718.png,78,8,10
../../hasy-data/v2-20719.png,78,8,9505
../../hasy-data/v2-20720.png,78,8,50
../../hasy-data/v2-20721.png,78,8,15
../../hasy-data/v2-20722.png,78,8,8486
../../hasy-data/v2-20723.png,78,8,8486
../../hasy-data/v2-20724.png,78,8,8486
../../hasy-data/v2-20725.png,78,8,8486
../../hasy-data/v2-20726.png,78,8,8486
../../hasy-data/v2-20727.png,78,8,8486
../../hasy-data/v2-20728.png,78,8,8486
../../hasy-data/v2-20729.png,78,8,8486
../../hasy-data/v2-20730.png,78,8,8486
../../hasy-data/v2-20731.png,78,8,8486
../../hasy-data/v2-20732.png,78,8,8486
../../hasy-data/v2-20733.png,78,8,8486
../../hasy-data/v2-20734.png,78,8,16925
../../hasy-data/v2-20735.png,78,8,16925
../../hasy-data/v2-20736.png,78,8,16925
../../hasy-data/v2-20737.png,78,8,16925
../../hasy-data/v2-20738.png,78,8,16925
../../hasy-data/v2-20739.png,78,8,21606
../../hasy-data/v2-20740.png,78,8,59154
../../hasy-data/v2-20741.png,78,8,92768
../../hasy-data/v2-20742.png,78,8,101350
../../hasy-data/v2-20743.png,78,8,116471
../../hasy-data/v2-20744.png,78,8,124511
../../hasy-data/v2-20745.png,78,8,124916
../../hasy-data/v2-20746.png,78,8,125926
../../hasy-data/v2-20747.png,79,9,10
../../hasy-data/v2-20748.png,79,9,15
../../hasy-data/v2-20749.png,79,9,23
../../hasy-data/v2-20750.png,79,9,26
../../hasy-data/v2-20751.png,79,9,28
../../hasy-data/v2-20752.png,79,9,27
../../hasy-data/v2-20753.png,79,9,30
../../hasy-data/v2-20754.png,79,9,31
../../hasy-data/v2-20755.png,79,9,34
../../hasy-data/v2-20756.png,79,9,32
../../hasy-data/v2-20757.png,79,9,35
../../hasy-data/v2-20758.png,79,9,40
../../hasy-data/v2-20759.png,79,9,44
../../hasy-data/v2-20760.png,79,9,46
../../hasy-data/v2-20761.png,79,9,47
../../hasy-data/v2-20762.png,79,9,48
../../hasy-data/v2-20763.png,79,9,50
../../hasy-data/v2-20764.png,79,9,53
../../hasy-data/v2-20765.png,79,9,10
../../hasy-data/v2-20766.png,79,9,10
../../hasy-data/v2-20767.png,79,9,10
../../hasy-data/v2-20768.png,79,9,10
../../hasy-data/v2-20769.png,79,9,10
../../hasy-data/v2-20770.png,79,9,10
../../hasy-data/v2-20771.png,79,9,10
../../hasy-data/v2-20772.png,79,9,10
../../hasy-data/v2-20773.png,79,9,10
../../hasy-data/v2-20774.png,79,9,59
../../hasy-data/v2-20775.png,79,9,517
../../hasy-data/v2-20776.png,79,9,655
../../hasy-data/v2-20777.png,79,9,1626
../../hasy-data/v2-20778.png,79,9,1710
../../hasy-data/v2-20779.png,79,9,4033
../../hasy-data/v2-20780.png,79,9,4142
../../hasy-data/v2-20781.png,79,9,4435
../../hasy-data/v2-20782.png,79,9,5572
../../hasy-data/v2-20783.png,79,9,5579
../../hasy-data/v2-20784.png,79,9,5822
../../hasy-data/v2-20785.png,79,9,5852
../../hasy-data/v2-20786.png,79,9,5877
../../hasy-data/v2-20787.png,79,9,5879
../../hasy-data/v2-20788.png,79,9,5959
../../hasy-data/v2-20789.png,79,9,5864
../../hasy-data/v2-20790.png,79,9,1696
../../hasy-data/v2-20791.png,79,9,6483
../../hasy-data/v2-20792.png,79,9,6567
../../hasy-data/v2-20793.png,79,9,6565
../../hasy-data/v2-20794.png,79,9,6483
../../hasy-data/v2-20795.png,79,9,6662
../../hasy-data/v2-20796.png,79,9,6672
../../hasy-data/v2-20797.png,79,9,6753
../../hasy-data/v2-20798.png,79,9,6899
../../hasy-data/v2-20799.png,79,9,6902
../../hasy-data/v2-20800.png,79,9,7001
../../hasy-data/v2-20801.png,79,9,7052
../../hasy-data/v2-20802.png,79,9,6958
../../hasy-data/v2-20803.png,79,9,7957
../../hasy-data/v2-20804.png,79,9,8082
../../hasy-data/v2-20805.png,79,9,3320
../../hasy-data/v2-20806.png,79,9,8324
../../hasy-data/v2-20807.png,79,9,8071
../../hasy-data/v2-20808.png,79,9,8457
../../hasy-data/v2-20809.png,79,9,8633
../../hasy-data/v2-20810.png,79,9,8633
../../hasy-data/v2-20811.png,79,9,8754
../../hasy-data/v2-20812.png,79,9,9224
../../hasy-data/v2-20813.png,79,9,9283
../../hasy-data/v2-20814.png,79,9,9505
../../hasy-data/v2-20815.png,79,9,50
../../hasy-data/v2-20816.png,79,9,50
../../hasy-data/v2-20817.png,79,9,50
../../hasy-data/v2-20818.png,79,9,15
../../hasy-data/v2-20819.png,79,9,59154
../../hasy-data/v2-20820.png,79,9,92768
../../hasy-data/v2-20821.png,79,9,101351
../../hasy-data/v2-20822.png,79,9,101352
../../hasy-data/v2-20823.png,79,9,101356
../../hasy-data/v2-20824.png,79,9,116471
../../hasy-data/v2-20825.png,79,9,124511
../../hasy-data/v2-20826.png,79,9,124916
../../hasy-data/v2-20827.png,79,9,125926
../../hasy-data/v2-20828.png,81,\pi,48
../../hasy-data/v2-20829.png,81,\pi,10
../../hasy-data/v2-20830.png,81,\pi,51
../../hasy-data/v2-20831.png,81,\pi,50
../../hasy-data/v2-20832.png,81,\pi,55
../../hasy-data/v2-20833.png,81,\pi,59
../../hasy-data/v2-20834.png,81,\pi,43
../../hasy-data/v2-20835.png,81,\pi,43
../../hasy-data/v2-20836.png,81,\pi,517
../../hasy-data/v2-20837.png,81,\pi,1366
../../hasy-data/v2-20838.png,81,\pi,3620
../../hasy-data/v2-20839.png,81,\pi,4142
../../hasy-data/v2-20840.png,81,\pi,4142
../../hasy-data/v2-20841.png,81,\pi,4435
../../hasy-data/v2-20842.png,81,\pi,5572
../../hasy-data/v2-20843.png,81,\pi,5852
../../hasy-data/v2-20844.png,81,\pi,5877
../../hasy-data/v2-20845.png,81,\pi,5879
../../hasy-data/v2-20846.png,81,\pi,5864
../../hasy-data/v2-20847.png,81,\pi,6034
../../hasy-data/v2-20848.png,81,\pi,6034
../../hasy-data/v2-20849.png,81,\pi,6034
../../hasy-data/v2-20850.png,81,\pi,1696
../../hasy-data/v2-20851.png,81,\pi,6188
../../hasy-data/v2-20852.png,81,\pi,6262
../../hasy-data/v2-20853.png,81,\pi,6411
../../hasy-data/v2-20854.png,81,\pi,6483
../../hasy-data/v2-20855.png,81,\pi,6567
../../hasy-data/v2-20856.png,81,\pi,6565
../../hasy-data/v2-20857.png,81,\pi,6662
../../hasy-data/v2-20858.png,81,\pi,6683
../../hasy-data/v2-20859.png,81,\pi,6672
../../hasy-data/v2-20860.png,81,\pi,6899
../../hasy-data/v2-20861.png,81,\pi,6902
../../hasy-data/v2-20862.png,81,\pi,6933
../../hasy-data/v2-20863.png,81,\pi,6992
../../hasy-data/v2-20864.png,81,\pi,7052
../../hasy-data/v2-20865.png,81,\pi,7052
../../hasy-data/v2-20866.png,81,\pi,6958
../../hasy-data/v2-20867.png,81,\pi,7957
../../hasy-data/v2-20868.png,81,\pi,8071
../../hasy-data/v2-20869.png,81,\pi,8457
../../hasy-data/v2-20870.png,81,\pi,8486
../../hasy-data/v2-20871.png,81,\pi,8633
../../hasy-data/v2-20872.png,81,\pi,8754
../../hasy-data/v2-20873.png,81,\pi,9017
../../hasy-data/v2-20874.png,81,\pi,6958
../../hasy-data/v2-20875.png,81,\pi,9281
../../hasy-data/v2-20876.png,81,\pi,9283
../../hasy-data/v2-20877.png,81,\pi,9505
../../hasy-data/v2-20878.png,81,\pi,14751
../../hasy-data/v2-20879.png,81,\pi,15814
../../hasy-data/v2-20880.png,81,\pi,16925
../../hasy-data/v2-20881.png,81,\pi,16925
../../hasy-data/v2-20882.png,81,\pi,16925
../../hasy-data/v2-20883.png,81,\pi,16925
../../hasy-data/v2-20884.png,81,\pi,16925
../../hasy-data/v2-20885.png,81,\pi,16925
../../hasy-data/v2-20886.png,81,\pi,16925
../../hasy-data/v2-20887.png,81,\pi,16925
../../hasy-data/v2-20888.png,81,\pi,16925
../../hasy-data/v2-20889.png,81,\pi,16925
../../hasy-data/v2-20890.png,81,\pi,16925
../../hasy-data/v2-20891.png,81,\pi,16925
../../hasy-data/v2-20892.png,81,\pi,16925
../../hasy-data/v2-20893.png,81,\pi,16925
../../hasy-data/v2-20894.png,81,\pi,16925
../../hasy-data/v2-20895.png,81,\pi,16925
../../hasy-data/v2-20896.png,81,\pi,16925
../../hasy-data/v2-20897.png,81,\pi,16925
../../hasy-data/v2-20898.png,81,\pi,16925
../../hasy-data/v2-20899.png,81,\pi,16925
../../hasy-data/v2-20900.png,81,\pi,16925
../../hasy-data/v2-20901.png,81,\pi,16925
../../hasy-data/v2-20902.png,81,\pi,16925
../../hasy-data/v2-20903.png,81,\pi,16925
../../hasy-data/v2-20904.png,81,\pi,16925
../../hasy-data/v2-20905.png,81,\pi,16925
../../hasy-data/v2-20906.png,81,\pi,16925
../../hasy-data/v2-20907.png,81,\pi,16925
../../hasy-data/v2-20908.png,81,\pi,16925
../../hasy-data/v2-20909.png,81,\pi,16925
../../hasy-data/v2-20910.png,81,\pi,16925
../../hasy-data/v2-20911.png,81,\pi,16925
../../hasy-data/v2-20912.png,81,\pi,16925
../../hasy-data/v2-20913.png,81,\pi,16925
../../hasy-data/v2-20914.png,81,\pi,16925
../../hasy-data/v2-20915.png,81,\pi,16925
../../hasy-data/v2-20916.png,81,\pi,16925
../../hasy-data/v2-20917.png,81,\pi,16925
../../hasy-data/v2-20918.png,81,\pi,16925
../../hasy-data/v2-20919.png,81,\pi,16925
../../hasy-data/v2-20920.png,81,\pi,16925
../../hasy-data/v2-20921.png,81,\pi,16925
../../hasy-data/v2-20922.png,81,\pi,16925
../../hasy-data/v2-20923.png,81,\pi,16925
../../hasy-data/v2-20924.png,81,\pi,16925
../../hasy-data/v2-20925.png,81,\pi,16925
../../hasy-data/v2-20926.png,81,\pi,16925
../../hasy-data/v2-20927.png,81,\pi,16925
../../hasy-data/v2-20928.png,81,\pi,16925
../../hasy-data/v2-20929.png,81,\pi,16925
../../hasy-data/v2-20930.png,81,\pi,16925
../../hasy-data/v2-20931.png,81,\pi,16925
../../hasy-data/v2-20932.png,81,\pi,16925
../../hasy-data/v2-20933.png,81,\pi,16925
../../hasy-data/v2-20934.png,81,\pi,16925
../../hasy-data/v2-20935.png,81,\pi,16925
../../hasy-data/v2-20936.png,81,\pi,16925
../../hasy-data/v2-20937.png,81,\pi,16925
../../hasy-data/v2-20938.png,81,\pi,16925
../../hasy-data/v2-20939.png,81,\pi,16925
../../hasy-data/v2-20940.png,81,\pi,16925
../../hasy-data/v2-20941.png,81,\pi,16925
../../hasy-data/v2-20942.png,81,\pi,16925
../../hasy-data/v2-20943.png,81,\pi,16925
../../hasy-data/v2-20944.png,81,\pi,16925
../../hasy-data/v2-20945.png,81,\pi,16925
../../hasy-data/v2-20946.png,81,\pi,16925
../../hasy-data/v2-20947.png,81,\pi,16925
../../hasy-data/v2-20948.png,81,\pi,16925
../../hasy-data/v2-20949.png,81,\pi,16925
../../hasy-data/v2-20950.png,81,\pi,16925
../../hasy-data/v2-20951.png,81,\pi,16925
../../hasy-data/v2-20952.png,81,\pi,16925
../../hasy-data/v2-20953.png,81,\pi,16925
../../hasy-data/v2-20954.png,81,\pi,16925
../../hasy-data/v2-20955.png,81,\pi,16925
../../hasy-data/v2-20956.png,81,\pi,16925
../../hasy-data/v2-20957.png,81,\pi,16925
../../hasy-data/v2-20958.png,81,\pi,16925
../../hasy-data/v2-20959.png,81,\pi,16925
../../hasy-data/v2-20960.png,81,\pi,16925
../../hasy-data/v2-20961.png,81,\pi,16925
../../hasy-data/v2-20962.png,81,\pi,16925
../../hasy-data/v2-20963.png,81,\pi,16925
../../hasy-data/v2-20964.png,81,\pi,16925
../../hasy-data/v2-20965.png,81,\pi,16925
../../hasy-data/v2-20966.png,81,\pi,16925
../../hasy-data/v2-20967.png,81,\pi,16925
../../hasy-data/v2-20968.png,81,\pi,16925
../../hasy-data/v2-20969.png,81,\pi,16925
../../hasy-data/v2-20970.png,81,\pi,16925
../../hasy-data/v2-20971.png,81,\pi,16925
../../hasy-data/v2-20972.png,81,\pi,16925
../../hasy-data/v2-20973.png,81,\pi,16925
../../hasy-data/v2-20974.png,81,\pi,16925
../../hasy-data/v2-20975.png,81,\pi,16925
../../hasy-data/v2-20976.png,81,\pi,16925
../../hasy-data/v2-20977.png,81,\pi,16925
../../hasy-data/v2-20978.png,81,\pi,16925
../../hasy-data/v2-20979.png,81,\pi,16925
../../hasy-data/v2-20980.png,81,\pi,16925
../../hasy-data/v2-20981.png,81,\pi,16925
../../hasy-data/v2-20982.png,81,\pi,16925
../../hasy-data/v2-20983.png,81,\pi,16925
../../hasy-data/v2-20984.png,81,\pi,16925
../../hasy-data/v2-20985.png,81,\pi,16925
../../hasy-data/v2-20986.png,81,\pi,16925
../../hasy-data/v2-20987.png,81,\pi,16925
../../hasy-data/v2-20988.png,81,\pi,16925
../../hasy-data/v2-20989.png,81,\pi,16925
../../hasy-data/v2-20990.png,81,\pi,16925
../../hasy-data/v2-20991.png,81,\pi,16925
../../hasy-data/v2-20992.png,81,\pi,16925
../../hasy-data/v2-20993.png,81,\pi,16925
../../hasy-data/v2-20994.png,81,\pi,16925
../../hasy-data/v2-20995.png,81,\pi,16925
../../hasy-data/v2-20996.png,81,\pi,16925
../../hasy-data/v2-20997.png,81,\pi,16925
../../hasy-data/v2-20998.png,81,\pi,16925
../../hasy-data/v2-20999.png,81,\pi,16925
../../hasy-data/v2-21000.png,81,\pi,16925
../../hasy-data/v2-21001.png,81,\pi,16925
../../hasy-data/v2-21002.png,81,\pi,16925
../../hasy-data/v2-21003.png,81,\pi,16925
../../hasy-data/v2-21004.png,81,\pi,16925
../../hasy-data/v2-21005.png,81,\pi,16925
../../hasy-data/v2-21006.png,81,\pi,16925
../../hasy-data/v2-21007.png,81,\pi,16925
../../hasy-data/v2-21008.png,81,\pi,16925
../../hasy-data/v2-21009.png,81,\pi,16925
../../hasy-data/v2-21010.png,81,\pi,16925
../../hasy-data/v2-21011.png,81,\pi,16925
../../hasy-data/v2-21012.png,81,\pi,16925
../../hasy-data/v2-21013.png,81,\pi,16925
../../hasy-data/v2-21014.png,81,\pi,16925
../../hasy-data/v2-21015.png,81,\pi,16925
../../hasy-data/v2-21016.png,81,\pi,16925
../../hasy-data/v2-21017.png,81,\pi,16925
../../hasy-data/v2-21018.png,81,\pi,16925
../../hasy-data/v2-21019.png,81,\pi,16925
../../hasy-data/v2-21020.png,81,\pi,16925
../../hasy-data/v2-21021.png,81,\pi,16925
../../hasy-data/v2-21022.png,81,\pi,16925
../../hasy-data/v2-21023.png,81,\pi,16925
../../hasy-data/v2-21024.png,81,\pi,16925
../../hasy-data/v2-21025.png,81,\pi,16925
../../hasy-data/v2-21026.png,81,\pi,16925
../../hasy-data/v2-21027.png,81,\pi,16925
../../hasy-data/v2-21028.png,81,\pi,16925
../../hasy-data/v2-21029.png,81,\pi,16925
../../hasy-data/v2-21030.png,81,\pi,16925
../../hasy-data/v2-21031.png,81,\pi,16925
../../hasy-data/v2-21032.png,81,\pi,16925
../../hasy-data/v2-21033.png,81,\pi,16925
../../hasy-data/v2-21034.png,81,\pi,16925
../../hasy-data/v2-21035.png,81,\pi,16925
../../hasy-data/v2-21036.png,81,\pi,16925
../../hasy-data/v2-21037.png,81,\pi,16925
../../hasy-data/v2-21038.png,81,\pi,16925
../../hasy-data/v2-21039.png,81,\pi,16925
../../hasy-data/v2-21040.png,81,\pi,16925
../../hasy-data/v2-21041.png,81,\pi,16925
../../hasy-data/v2-21042.png,81,\pi,16925
../../hasy-data/v2-21043.png,81,\pi,16925
../../hasy-data/v2-21044.png,81,\pi,16925
../../hasy-data/v2-21045.png,81,\pi,16925
../../hasy-data/v2-21046.png,81,\pi,16925
../../hasy-data/v2-21047.png,81,\pi,16925
../../hasy-data/v2-21048.png,81,\pi,16925
../../hasy-data/v2-21049.png,81,\pi,16925
../../hasy-data/v2-21050.png,81,\pi,16925
../../hasy-data/v2-21051.png,81,\pi,16925
../../hasy-data/v2-21052.png,81,\pi,16925
../../hasy-data/v2-21053.png,81,\pi,16925
../../hasy-data/v2-21054.png,81,\pi,16925
../../hasy-data/v2-21055.png,81,\pi,16925
../../hasy-data/v2-21056.png,81,\pi,16925
../../hasy-data/v2-21057.png,81,\pi,16925
../../hasy-data/v2-21058.png,81,\pi,16925
../../hasy-data/v2-21059.png,81,\pi,16925
../../hasy-data/v2-21060.png,81,\pi,16925
../../hasy-data/v2-21061.png,81,\pi,16925
../../hasy-data/v2-21062.png,81,\pi,16925
../../hasy-data/v2-21063.png,81,\pi,16925
../../hasy-data/v2-21064.png,81,\pi,16925
../../hasy-data/v2-21065.png,81,\pi,16925
../../hasy-data/v2-21066.png,81,\pi,16925
../../hasy-data/v2-21067.png,81,\pi,16925
../../hasy-data/v2-21068.png,81,\pi,16925
../../hasy-data/v2-21069.png,81,\pi,16925
../../hasy-data/v2-21070.png,81,\pi,16925
../../hasy-data/v2-21071.png,81,\pi,16925
../../hasy-data/v2-21072.png,81,\pi,16925
../../hasy-data/v2-21073.png,81,\pi,16925
../../hasy-data/v2-21074.png,81,\pi,16925
../../hasy-data/v2-21075.png,81,\pi,16925
../../hasy-data/v2-21076.png,81,\pi,16925
../../hasy-data/v2-21077.png,81,\pi,16925
../../hasy-data/v2-21078.png,81,\pi,16925
../../hasy-data/v2-21079.png,81,\pi,16925
../../hasy-data/v2-21080.png,81,\pi,16925
../../hasy-data/v2-21081.png,81,\pi,16925
../../hasy-data/v2-21082.png,81,\pi,16925
../../hasy-data/v2-21083.png,81,\pi,16925
../../hasy-data/v2-21084.png,81,\pi,16925
../../hasy-data/v2-21085.png,81,\pi,16925
../../hasy-data/v2-21086.png,81,\pi,16925
../../hasy-data/v2-21087.png,81,\pi,16925
../../hasy-data/v2-21088.png,81,\pi,16925
../../hasy-data/v2-21089.png,81,\pi,16925
../../hasy-data/v2-21090.png,81,\pi,16925
../../hasy-data/v2-21091.png,81,\pi,16925
../../hasy-data/v2-21092.png,81,\pi,16925
../../hasy-data/v2-21093.png,81,\pi,16925
../../hasy-data/v2-21094.png,81,\pi,16925
../../hasy-data/v2-21095.png,81,\pi,16925
../../hasy-data/v2-21096.png,81,\pi,16925
../../hasy-data/v2-21097.png,81,\pi,16925
../../hasy-data/v2-21098.png,81,\pi,16925
../../hasy-data/v2-21099.png,81,\pi,16925
../../hasy-data/v2-21100.png,81,\pi,16925
../../hasy-data/v2-21101.png,81,\pi,16925
../../hasy-data/v2-21102.png,81,\pi,16925
../../hasy-data/v2-21103.png,81,\pi,16925
../../hasy-data/v2-21104.png,81,\pi,16925
../../hasy-data/v2-21105.png,81,\pi,16925
../../hasy-data/v2-21106.png,81,\pi,16925
../../hasy-data/v2-21107.png,81,\pi,16925
../../hasy-data/v2-21108.png,81,\pi,16925
../../hasy-data/v2-21109.png,81,\pi,16925
../../hasy-data/v2-21110.png,81,\pi,16925
../../hasy-data/v2-21111.png,81,\pi,16925
../../hasy-data/v2-21112.png,81,\pi,16925
../../hasy-data/v2-21113.png,81,\pi,16925
../../hasy-data/v2-21114.png,81,\pi,16925
../../hasy-data/v2-21115.png,81,\pi,16925
../../hasy-data/v2-21116.png,81,\pi,16925
../../hasy-data/v2-21117.png,81,\pi,16925
../../hasy-data/v2-21118.png,81,\pi,16925
../../hasy-data/v2-21119.png,81,\pi,16925
../../hasy-data/v2-21120.png,81,\pi,16925
../../hasy-data/v2-21121.png,81,\pi,16925
../../hasy-data/v2-21122.png,81,\pi,16925
../../hasy-data/v2-21123.png,81,\pi,16925
../../hasy-data/v2-21124.png,81,\pi,16925
../../hasy-data/v2-21125.png,81,\pi,16925
../../hasy-data/v2-21126.png,81,\pi,16925
../../hasy-data/v2-21127.png,81,\pi,16925
../../hasy-data/v2-21128.png,81,\pi,16925
../../hasy-data/v2-21129.png,81,\pi,16925
../../hasy-data/v2-21130.png,81,\pi,16925
../../hasy-data/v2-21131.png,81,\pi,16925
../../hasy-data/v2-21132.png,81,\pi,16925
../../hasy-data/v2-21133.png,81,\pi,16925
../../hasy-data/v2-21134.png,81,\pi,16925
../../hasy-data/v2-21135.png,81,\pi,16925
../../hasy-data/v2-21136.png,81,\pi,16925
../../hasy-data/v2-21137.png,81,\pi,16925
../../hasy-data/v2-21138.png,81,\pi,16925
../../hasy-data/v2-21139.png,81,\pi,16925
../../hasy-data/v2-21140.png,81,\pi,16925
../../hasy-data/v2-21141.png,81,\pi,16925
../../hasy-data/v2-21142.png,81,\pi,16925
../../hasy-data/v2-21143.png,81,\pi,16925
../../hasy-data/v2-21144.png,81,\pi,16925
../../hasy-data/v2-21145.png,81,\pi,16925
../../hasy-data/v2-21146.png,81,\pi,16925
../../hasy-data/v2-21147.png,81,\pi,16925
../../hasy-data/v2-21148.png,81,\pi,16925
../../hasy-data/v2-21149.png,81,\pi,16925
../../hasy-data/v2-21150.png,81,\pi,16925
../../hasy-data/v2-21151.png,81,\pi,16925
../../hasy-data/v2-21152.png,81,\pi,16925
../../hasy-data/v2-21153.png,81,\pi,16925
../../hasy-data/v2-21154.png,81,\pi,16925
../../hasy-data/v2-21155.png,81,\pi,16925
../../hasy-data/v2-21156.png,81,\pi,16925
../../hasy-data/v2-21157.png,81,\pi,16925
../../hasy-data/v2-21158.png,81,\pi,16925
../../hasy-data/v2-21159.png,81,\pi,16925
../../hasy-data/v2-21160.png,81,\pi,16925
../../hasy-data/v2-21161.png,81,\pi,16925
../../hasy-data/v2-21162.png,81,\pi,16925
../../hasy-data/v2-21163.png,81,\pi,16925
../../hasy-data/v2-21164.png,81,\pi,16925
../../hasy-data/v2-21165.png,81,\pi,16925
../../hasy-data/v2-21166.png,81,\pi,16925
../../hasy-data/v2-21167.png,81,\pi,16925
../../hasy-data/v2-21168.png,81,\pi,16925
../../hasy-data/v2-21169.png,81,\pi,16925
../../hasy-data/v2-21170.png,81,\pi,16925
../../hasy-data/v2-21171.png,81,\pi,16925
../../hasy-data/v2-21172.png,81,\pi,16925
../../hasy-data/v2-21173.png,81,\pi,16925
../../hasy-data/v2-21174.png,81,\pi,16925
../../hasy-data/v2-21175.png,81,\pi,16925
../../hasy-data/v2-21176.png,81,\pi,16925
../../hasy-data/v2-21177.png,81,\pi,16925
../../hasy-data/v2-21178.png,81,\pi,16925
../../hasy-data/v2-21179.png,81,\pi,16925
../../hasy-data/v2-21180.png,81,\pi,16925
../../hasy-data/v2-21181.png,81,\pi,16925
../../hasy-data/v2-21182.png,81,\pi,16925
../../hasy-data/v2-21183.png,81,\pi,16925
../../hasy-data/v2-21184.png,81,\pi,16925
../../hasy-data/v2-21185.png,81,\pi,16925
../../hasy-data/v2-21186.png,81,\pi,16925
../../hasy-data/v2-21187.png,81,\pi,16925
../../hasy-data/v2-21188.png,81,\pi,16925
../../hasy-data/v2-21189.png,81,\pi,16925
../../hasy-data/v2-21190.png,81,\pi,16925
../../hasy-data/v2-21191.png,81,\pi,16925
../../hasy-data/v2-21192.png,81,\pi,16925
../../hasy-data/v2-21193.png,81,\pi,16925
../../hasy-data/v2-21194.png,81,\pi,16925
../../hasy-data/v2-21195.png,81,\pi,16925
../../hasy-data/v2-21196.png,81,\pi,16925
../../hasy-data/v2-21197.png,81,\pi,16925
../../hasy-data/v2-21198.png,81,\pi,16925
../../hasy-data/v2-21199.png,81,\pi,16925
../../hasy-data/v2-21200.png,81,\pi,16925
../../hasy-data/v2-21201.png,81,\pi,16925
../../hasy-data/v2-21202.png,81,\pi,16925
../../hasy-data/v2-21203.png,81,\pi,16925
../../hasy-data/v2-21204.png,81,\pi,16925
../../hasy-data/v2-21205.png,81,\pi,16925
../../hasy-data/v2-21206.png,81,\pi,16925
../../hasy-data/v2-21207.png,81,\pi,16925
../../hasy-data/v2-21208.png,81,\pi,16925
../../hasy-data/v2-21209.png,81,\pi,16925
../../hasy-data/v2-21210.png,81,\pi,16925
../../hasy-data/v2-21211.png,81,\pi,16925
../../hasy-data/v2-21212.png,81,\pi,16925
../../hasy-data/v2-21213.png,81,\pi,16925
../../hasy-data/v2-21214.png,81,\pi,16925
../../hasy-data/v2-21215.png,81,\pi,16925
../../hasy-data/v2-21216.png,81,\pi,16925
../../hasy-data/v2-21217.png,81,\pi,16925
../../hasy-data/v2-21218.png,81,\pi,16925
../../hasy-data/v2-21219.png,81,\pi,16925
../../hasy-data/v2-21220.png,81,\pi,16925
../../hasy-data/v2-21221.png,81,\pi,16925
../../hasy-data/v2-21222.png,81,\pi,16925
../../hasy-data/v2-21223.png,81,\pi,16925
../../hasy-data/v2-21224.png,81,\pi,16925
../../hasy-data/v2-21225.png,81,\pi,16925
../../hasy-data/v2-21226.png,81,\pi,16925
../../hasy-data/v2-21227.png,81,\pi,16925
../../hasy-data/v2-21228.png,81,\pi,16925
../../hasy-data/v2-21229.png,81,\pi,16925
../../hasy-data/v2-21230.png,81,\pi,16925
../../hasy-data/v2-21231.png,81,\pi,16925
../../hasy-data/v2-21232.png,81,\pi,16925
../../hasy-data/v2-21233.png,81,\pi,16925
../../hasy-data/v2-21234.png,81,\pi,16925
../../hasy-data/v2-21235.png,81,\pi,16925
../../hasy-data/v2-21236.png,81,\pi,16925
../../hasy-data/v2-21237.png,81,\pi,16925
../../hasy-data/v2-21238.png,81,\pi,16925
../../hasy-data/v2-21239.png,81,\pi,16925
../../hasy-data/v2-21240.png,81,\pi,16925
../../hasy-data/v2-21241.png,81,\pi,16925
../../hasy-data/v2-21242.png,81,\pi,16925
../../hasy-data/v2-21243.png,81,\pi,16925
../../hasy-data/v2-21244.png,81,\pi,16925
../../hasy-data/v2-21245.png,81,\pi,16925
../../hasy-data/v2-21246.png,81,\pi,16925
../../hasy-data/v2-21247.png,81,\pi,16925
../../hasy-data/v2-21248.png,81,\pi,16925
../../hasy-data/v2-21249.png,81,\pi,16925
../../hasy-data/v2-21250.png,81,\pi,16925
../../hasy-data/v2-21251.png,81,\pi,16925
../../hasy-data/v2-21252.png,81,\pi,16925
../../hasy-data/v2-21253.png,81,\pi,16925
../../hasy-data/v2-21254.png,81,\pi,16925
../../hasy-data/v2-21255.png,81,\pi,16925
../../hasy-data/v2-21256.png,81,\pi,16925
../../hasy-data/v2-21257.png,81,\pi,16925
../../hasy-data/v2-21258.png,81,\pi,16925
../../hasy-data/v2-21259.png,81,\pi,16925
../../hasy-data/v2-21260.png,81,\pi,16925
../../hasy-data/v2-21261.png,81,\pi,16925
../../hasy-data/v2-21262.png,81,\pi,16925
../../hasy-data/v2-21263.png,81,\pi,16925
../../hasy-data/v2-21264.png,81,\pi,16925
../../hasy-data/v2-21265.png,81,\pi,16925
../../hasy-data/v2-21266.png,81,\pi,16925
../../hasy-data/v2-21267.png,81,\pi,16925
../../hasy-data/v2-21268.png,81,\pi,16925
../../hasy-data/v2-21269.png,81,\pi,16925
../../hasy-data/v2-21270.png,81,\pi,16925
../../hasy-data/v2-21271.png,81,\pi,16925
../../hasy-data/v2-21272.png,81,\pi,16925
../../hasy-data/v2-21273.png,81,\pi,16925
../../hasy-data/v2-21274.png,81,\pi,16925
../../hasy-data/v2-21275.png,81,\pi,16925
../../hasy-data/v2-21276.png,81,\pi,16925
../../hasy-data/v2-21277.png,81,\pi,16925
../../hasy-data/v2-21278.png,81,\pi,16925
../../hasy-data/v2-21279.png,81,\pi,16925
../../hasy-data/v2-21280.png,81,\pi,16925
../../hasy-data/v2-21281.png,81,\pi,16925
../../hasy-data/v2-21282.png,81,\pi,16925
../../hasy-data/v2-21283.png,81,\pi,16925
../../hasy-data/v2-21284.png,81,\pi,16925
../../hasy-data/v2-21285.png,81,\pi,16925
../../hasy-data/v2-21286.png,81,\pi,16925
../../hasy-data/v2-21287.png,81,\pi,16925
../../hasy-data/v2-21288.png,81,\pi,16925
../../hasy-data/v2-21289.png,81,\pi,16925
../../hasy-data/v2-21290.png,81,\pi,16925
../../hasy-data/v2-21291.png,81,\pi,16925
../../hasy-data/v2-21292.png,81,\pi,16925
../../hasy-data/v2-21293.png,81,\pi,16925
../../hasy-data/v2-21294.png,81,\pi,16925
../../hasy-data/v2-21295.png,81,\pi,16925
../../hasy-data/v2-21296.png,81,\pi,16925
../../hasy-data/v2-21297.png,81,\pi,16925
../../hasy-data/v2-21298.png,81,\pi,16925
../../hasy-data/v2-21299.png,81,\pi,16925
../../hasy-data/v2-21300.png,81,\pi,16925
../../hasy-data/v2-21301.png,81,\pi,16925
../../hasy-data/v2-21302.png,81,\pi,16925
../../hasy-data/v2-21303.png,81,\pi,16925
../../hasy-data/v2-21304.png,81,\pi,16925
../../hasy-data/v2-21305.png,81,\pi,16925
../../hasy-data/v2-21306.png,81,\pi,16925
../../hasy-data/v2-21307.png,81,\pi,16925
../../hasy-data/v2-21308.png,81,\pi,16925
../../hasy-data/v2-21309.png,81,\pi,16925
../../hasy-data/v2-21310.png,81,\pi,16925
../../hasy-data/v2-21311.png,81,\pi,16925
../../hasy-data/v2-21312.png,81,\pi,16925
../../hasy-data/v2-21313.png,81,\pi,16925
../../hasy-data/v2-21314.png,81,\pi,16925
../../hasy-data/v2-21315.png,81,\pi,16925
../../hasy-data/v2-21316.png,81,\pi,16925
../../hasy-data/v2-21317.png,81,\pi,16925
../../hasy-data/v2-21318.png,81,\pi,16925
../../hasy-data/v2-21319.png,81,\pi,16925
../../hasy-data/v2-21320.png,81,\pi,16925
../../hasy-data/v2-21321.png,81,\pi,16925
../../hasy-data/v2-21322.png,81,\pi,16925
../../hasy-data/v2-21323.png,81,\pi,16925
../../hasy-data/v2-21324.png,81,\pi,16925
../../hasy-data/v2-21325.png,81,\pi,16925
../../hasy-data/v2-21326.png,81,\pi,16925
../../hasy-data/v2-21327.png,81,\pi,16925
../../hasy-data/v2-21328.png,81,\pi,16925
../../hasy-data/v2-21329.png,81,\pi,16925
../../hasy-data/v2-21330.png,81,\pi,16925
../../hasy-data/v2-21331.png,81,\pi,16925
../../hasy-data/v2-21332.png,81,\pi,16925
../../hasy-data/v2-21333.png,81,\pi,16925
../../hasy-data/v2-21334.png,81,\pi,16925
../../hasy-data/v2-21335.png,81,\pi,16925
../../hasy-data/v2-21336.png,81,\pi,16925
../../hasy-data/v2-21337.png,81,\pi,16925
../../hasy-data/v2-21338.png,81,\pi,16925
../../hasy-data/v2-21339.png,81,\pi,16925
../../hasy-data/v2-21340.png,81,\pi,16925
../../hasy-data/v2-21341.png,81,\pi,16925
../../hasy-data/v2-21342.png,81,\pi,16925
../../hasy-data/v2-21343.png,81,\pi,16925
../../hasy-data/v2-21344.png,81,\pi,16925
../../hasy-data/v2-21345.png,81,\pi,16925
../../hasy-data/v2-21346.png,81,\pi,16925
../../hasy-data/v2-21347.png,81,\pi,16925
../../hasy-data/v2-21348.png,81,\pi,16925
../../hasy-data/v2-21349.png,81,\pi,16925
../../hasy-data/v2-21350.png,81,\pi,16925
../../hasy-data/v2-21351.png,81,\pi,16925
../../hasy-data/v2-21352.png,81,\pi,16925
../../hasy-data/v2-21353.png,81,\pi,16925
../../hasy-data/v2-21354.png,81,\pi,16925
../../hasy-data/v2-21355.png,81,\pi,16925
../../hasy-data/v2-21356.png,81,\pi,16925
../../hasy-data/v2-21357.png,81,\pi,16925
../../hasy-data/v2-21358.png,81,\pi,16925
../../hasy-data/v2-21359.png,81,\pi,16925
../../hasy-data/v2-21360.png,81,\pi,16925
../../hasy-data/v2-21361.png,81,\pi,16925
../../hasy-data/v2-21362.png,81,\pi,16925
../../hasy-data/v2-21363.png,81,\pi,16925
../../hasy-data/v2-21364.png,81,\pi,16925
../../hasy-data/v2-21365.png,81,\pi,16925
../../hasy-data/v2-21366.png,81,\pi,16925
../../hasy-data/v2-21367.png,81,\pi,16925
../../hasy-data/v2-21368.png,81,\pi,16925
../../hasy-data/v2-21369.png,81,\pi,16925
../../hasy-data/v2-21370.png,81,\pi,16925
../../hasy-data/v2-21371.png,81,\pi,16925
../../hasy-data/v2-21372.png,81,\pi,16925
../../hasy-data/v2-21373.png,81,\pi,16925
../../hasy-data/v2-21374.png,81,\pi,16925
../../hasy-data/v2-21375.png,81,\pi,16925
../../hasy-data/v2-21376.png,81,\pi,16925
../../hasy-data/v2-21377.png,81,\pi,16925
../../hasy-data/v2-21378.png,81,\pi,16925
../../hasy-data/v2-21379.png,81,\pi,16925
../../hasy-data/v2-21380.png,81,\pi,16925
../../hasy-data/v2-21381.png,81,\pi,16925
../../hasy-data/v2-21382.png,81,\pi,16925
../../hasy-data/v2-21383.png,81,\pi,16925
../../hasy-data/v2-21384.png,81,\pi,16925
../../hasy-data/v2-21385.png,81,\pi,16925
../../hasy-data/v2-21386.png,81,\pi,16925
../../hasy-data/v2-21387.png,81,\pi,16925
../../hasy-data/v2-21388.png,81,\pi,16925
../../hasy-data/v2-21389.png,81,\pi,16925
../../hasy-data/v2-21390.png,81,\pi,16925
../../hasy-data/v2-21391.png,81,\pi,16925
../../hasy-data/v2-21392.png,81,\pi,16925
../../hasy-data/v2-21393.png,81,\pi,16925
../../hasy-data/v2-21394.png,81,\pi,16925
../../hasy-data/v2-21395.png,81,\pi,16925
../../hasy-data/v2-21396.png,81,\pi,16925
../../hasy-data/v2-21397.png,81,\pi,16925
../../hasy-data/v2-21398.png,81,\pi,16925
../../hasy-data/v2-21399.png,81,\pi,16925
../../hasy-data/v2-21400.png,81,\pi,16925
../../hasy-data/v2-21401.png,81,\pi,16925
../../hasy-data/v2-21402.png,81,\pi,16925
../../hasy-data/v2-21403.png,81,\pi,16925
../../hasy-data/v2-21404.png,81,\pi,16925
../../hasy-data/v2-21405.png,81,\pi,16925
../../hasy-data/v2-21406.png,81,\pi,16925
../../hasy-data/v2-21407.png,81,\pi,16925
../../hasy-data/v2-21408.png,81,\pi,16925
../../hasy-data/v2-21409.png,81,\pi,16925
../../hasy-data/v2-21410.png,81,\pi,16925
../../hasy-data/v2-21411.png,81,\pi,16925
../../hasy-data/v2-21412.png,81,\pi,16925
../../hasy-data/v2-21413.png,81,\pi,16925
../../hasy-data/v2-21414.png,81,\pi,16925
../../hasy-data/v2-21415.png,81,\pi,16925
../../hasy-data/v2-21416.png,81,\pi,16925
../../hasy-data/v2-21417.png,81,\pi,16925
../../hasy-data/v2-21418.png,81,\pi,16925
../../hasy-data/v2-21419.png,81,\pi,16925
../../hasy-data/v2-21420.png,81,\pi,16925
../../hasy-data/v2-21421.png,81,\pi,16925
../../hasy-data/v2-21422.png,81,\pi,16925
../../hasy-data/v2-21423.png,81,\pi,16925
../../hasy-data/v2-21424.png,81,\pi,16925
../../hasy-data/v2-21425.png,81,\pi,16925
../../hasy-data/v2-21426.png,81,\pi,16925
../../hasy-data/v2-21427.png,81,\pi,16925
../../hasy-data/v2-21428.png,81,\pi,16925
../../hasy-data/v2-21429.png,81,\pi,16925
../../hasy-data/v2-21430.png,81,\pi,16925
../../hasy-data/v2-21431.png,81,\pi,16925
../../hasy-data/v2-21432.png,81,\pi,16925
../../hasy-data/v2-21433.png,81,\pi,16925
../../hasy-data/v2-21434.png,81,\pi,16925
../../hasy-data/v2-21435.png,81,\pi,16925
../../hasy-data/v2-21436.png,81,\pi,16925
../../hasy-data/v2-21437.png,81,\pi,16925
../../hasy-data/v2-21438.png,81,\pi,16925
../../hasy-data/v2-21439.png,81,\pi,16925
../../hasy-data/v2-21440.png,81,\pi,16925
../../hasy-data/v2-21441.png,81,\pi,16925
../../hasy-data/v2-21442.png,81,\pi,16925
../../hasy-data/v2-21443.png,81,\pi,16925
../../hasy-data/v2-21444.png,81,\pi,16925
../../hasy-data/v2-21445.png,81,\pi,16925
../../hasy-data/v2-21446.png,81,\pi,16925
../../hasy-data/v2-21447.png,81,\pi,16925
../../hasy-data/v2-21448.png,81,\pi,16925
../../hasy-data/v2-21449.png,81,\pi,16925
../../hasy-data/v2-21450.png,81,\pi,16925
../../hasy-data/v2-21451.png,81,\pi,16925
../../hasy-data/v2-21452.png,81,\pi,16925
../../hasy-data/v2-21453.png,81,\pi,16925
../../hasy-data/v2-21454.png,81,\pi,16925
../../hasy-data/v2-21455.png,81,\pi,16925
../../hasy-data/v2-21456.png,81,\pi,16925
../../hasy-data/v2-21457.png,81,\pi,16925
../../hasy-data/v2-21458.png,81,\pi,16925
../../hasy-data/v2-21459.png,81,\pi,16925
../../hasy-data/v2-21460.png,81,\pi,16925
../../hasy-data/v2-21461.png,81,\pi,16925
../../hasy-data/v2-21462.png,81,\pi,16925
../../hasy-data/v2-21463.png,81,\pi,16925
../../hasy-data/v2-21464.png,81,\pi,16925
../../hasy-data/v2-21465.png,81,\pi,16925
../../hasy-data/v2-21466.png,81,\pi,16925
../../hasy-data/v2-21467.png,81,\pi,16925
../../hasy-data/v2-21468.png,81,\pi,16925
../../hasy-data/v2-21469.png,81,\pi,16925
../../hasy-data/v2-21470.png,81,\pi,16925
../../hasy-data/v2-21471.png,81,\pi,16925
../../hasy-data/v2-21472.png,81,\pi,16925
../../hasy-data/v2-21473.png,81,\pi,16925
../../hasy-data/v2-21474.png,81,\pi,16925
../../hasy-data/v2-21475.png,81,\pi,16925
../../hasy-data/v2-21476.png,81,\pi,16925
../../hasy-data/v2-21477.png,81,\pi,16925
../../hasy-data/v2-21478.png,81,\pi,16925
../../hasy-data/v2-21479.png,81,\pi,16925
../../hasy-data/v2-21480.png,81,\pi,16925
../../hasy-data/v2-21481.png,81,\pi,16925
../../hasy-data/v2-21482.png,81,\pi,16925
../../hasy-data/v2-21483.png,81,\pi,16925
../../hasy-data/v2-21484.png,81,\pi,16925
../../hasy-data/v2-21485.png,81,\pi,16925
../../hasy-data/v2-21486.png,81,\pi,16925
../../hasy-data/v2-21487.png,81,\pi,16925
../../hasy-data/v2-21488.png,81,\pi,16925
../../hasy-data/v2-21489.png,81,\pi,16925
../../hasy-data/v2-21490.png,81,\pi,16925
../../hasy-data/v2-21491.png,81,\pi,16925
../../hasy-data/v2-21492.png,81,\pi,16925
../../hasy-data/v2-21493.png,81,\pi,16925
../../hasy-data/v2-21494.png,81,\pi,16925
../../hasy-data/v2-21495.png,81,\pi,16925
../../hasy-data/v2-21496.png,81,\pi,16925
../../hasy-data/v2-21497.png,81,\pi,16925
../../hasy-data/v2-21498.png,81,\pi,16925
../../hasy-data/v2-21499.png,81,\pi,16925
../../hasy-data/v2-21500.png,81,\pi,16925
../../hasy-data/v2-21501.png,81,\pi,16925
../../hasy-data/v2-21502.png,81,\pi,16925
../../hasy-data/v2-21503.png,81,\pi,16925
../../hasy-data/v2-21504.png,81,\pi,16925
../../hasy-data/v2-21505.png,81,\pi,16925
../../hasy-data/v2-21506.png,81,\pi,16925
../../hasy-data/v2-21507.png,81,\pi,16925
../../hasy-data/v2-21508.png,81,\pi,16925
../../hasy-data/v2-21509.png,81,\pi,16925
../../hasy-data/v2-21510.png,81,\pi,16925
../../hasy-data/v2-21511.png,81,\pi,16925
../../hasy-data/v2-21512.png,81,\pi,16925
../../hasy-data/v2-21513.png,81,\pi,16925
../../hasy-data/v2-21514.png,81,\pi,16925
../../hasy-data/v2-21515.png,81,\pi,16925
../../hasy-data/v2-21516.png,81,\pi,16925
../../hasy-data/v2-21517.png,81,\pi,16925
../../hasy-data/v2-21518.png,81,\pi,16925
../../hasy-data/v2-21519.png,81,\pi,16925
../../hasy-data/v2-21520.png,81,\pi,16925
../../hasy-data/v2-21521.png,81,\pi,16925
../../hasy-data/v2-21522.png,81,\pi,16925
../../hasy-data/v2-21523.png,81,\pi,16925
../../hasy-data/v2-21524.png,81,\pi,16925
../../hasy-data/v2-21525.png,81,\pi,16925
../../hasy-data/v2-21526.png,81,\pi,16925
../../hasy-data/v2-21527.png,81,\pi,16925
../../hasy-data/v2-21528.png,81,\pi,16925
../../hasy-data/v2-21529.png,81,\pi,16925
../../hasy-data/v2-21530.png,81,\pi,16925
../../hasy-data/v2-21531.png,81,\pi,16925
../../hasy-data/v2-21532.png,81,\pi,16925
../../hasy-data/v2-21533.png,81,\pi,16925
../../hasy-data/v2-21534.png,81,\pi,16925
../../hasy-data/v2-21535.png,81,\pi,16925
../../hasy-data/v2-21536.png,81,\pi,16925
../../hasy-data/v2-21537.png,81,\pi,16925
../../hasy-data/v2-21538.png,81,\pi,16925
../../hasy-data/v2-21539.png,81,\pi,16925
../../hasy-data/v2-21540.png,81,\pi,16925
../../hasy-data/v2-21541.png,81,\pi,16925
../../hasy-data/v2-21542.png,81,\pi,16925
../../hasy-data/v2-21543.png,81,\pi,16925
../../hasy-data/v2-21544.png,81,\pi,16925
../../hasy-data/v2-21545.png,81,\pi,16925
../../hasy-data/v2-21546.png,81,\pi,16925
../../hasy-data/v2-21547.png,81,\pi,16925
../../hasy-data/v2-21548.png,81,\pi,16925
../../hasy-data/v2-21549.png,81,\pi,16925
../../hasy-data/v2-21550.png,81,\pi,16925
../../hasy-data/v2-21551.png,81,\pi,16925
../../hasy-data/v2-21552.png,81,\pi,16925
../../hasy-data/v2-21553.png,81,\pi,16925
../../hasy-data/v2-21554.png,81,\pi,16925
../../hasy-data/v2-21555.png,81,\pi,16925
../../hasy-data/v2-21556.png,81,\pi,16925
../../hasy-data/v2-21557.png,81,\pi,16925
../../hasy-data/v2-21558.png,81,\pi,16925
../../hasy-data/v2-21559.png,81,\pi,16925
../../hasy-data/v2-21560.png,81,\pi,16925
../../hasy-data/v2-21561.png,81,\pi,16925
../../hasy-data/v2-21562.png,81,\pi,16925
../../hasy-data/v2-21563.png,81,\pi,16925
../../hasy-data/v2-21564.png,81,\pi,16925
../../hasy-data/v2-21565.png,81,\pi,16925
../../hasy-data/v2-21566.png,81,\pi,16925
../../hasy-data/v2-21567.png,81,\pi,16925
../../hasy-data/v2-21568.png,81,\pi,16925
../../hasy-data/v2-21569.png,81,\pi,16925
../../hasy-data/v2-21570.png,81,\pi,16925
../../hasy-data/v2-21571.png,81,\pi,16925
../../hasy-data/v2-21572.png,81,\pi,16925
../../hasy-data/v2-21573.png,81,\pi,16925
../../hasy-data/v2-21574.png,81,\pi,16925
../../hasy-data/v2-21575.png,81,\pi,16925
../../hasy-data/v2-21576.png,81,\pi,16925
../../hasy-data/v2-21577.png,81,\pi,16925
../../hasy-data/v2-21578.png,81,\pi,16925
../../hasy-data/v2-21579.png,81,\pi,16925
../../hasy-data/v2-21580.png,81,\pi,16925
../../hasy-data/v2-21581.png,81,\pi,16925
../../hasy-data/v2-21582.png,81,\pi,16925
../../hasy-data/v2-21583.png,81,\pi,16925
../../hasy-data/v2-21584.png,81,\pi,16925
../../hasy-data/v2-21585.png,81,\pi,16925
../../hasy-data/v2-21586.png,81,\pi,16925
../../hasy-data/v2-21587.png,81,\pi,16925
../../hasy-data/v2-21588.png,81,\pi,16925
../../hasy-data/v2-21589.png,81,\pi,16925
../../hasy-data/v2-21590.png,81,\pi,16925
../../hasy-data/v2-21591.png,81,\pi,16925
../../hasy-data/v2-21592.png,81,\pi,16925
../../hasy-data/v2-21593.png,81,\pi,16925
../../hasy-data/v2-21594.png,81,\pi,16925
../../hasy-data/v2-21595.png,81,\pi,16925
../../hasy-data/v2-21596.png,81,\pi,16925
../../hasy-data/v2-21597.png,81,\pi,16925
../../hasy-data/v2-21598.png,81,\pi,16925
../../hasy-data/v2-21599.png,81,\pi,16925
../../hasy-data/v2-21600.png,81,\pi,16925
../../hasy-data/v2-21601.png,81,\pi,16925
../../hasy-data/v2-21602.png,81,\pi,16925
../../hasy-data/v2-21603.png,81,\pi,16925
../../hasy-data/v2-21604.png,81,\pi,16925
../../hasy-data/v2-21605.png,81,\pi,16925
../../hasy-data/v2-21606.png,81,\pi,16925
../../hasy-data/v2-21607.png,81,\pi,16925
../../hasy-data/v2-21608.png,81,\pi,16925
../../hasy-data/v2-21609.png,81,\pi,16925
../../hasy-data/v2-21610.png,81,\pi,16925
../../hasy-data/v2-21611.png,81,\pi,16925
../../hasy-data/v2-21612.png,81,\pi,16925
../../hasy-data/v2-21613.png,81,\pi,16925
../../hasy-data/v2-21614.png,81,\pi,16925
../../hasy-data/v2-21615.png,81,\pi,16925
../../hasy-data/v2-21616.png,81,\pi,16925
../../hasy-data/v2-21617.png,81,\pi,16925
../../hasy-data/v2-21618.png,81,\pi,16925
../../hasy-data/v2-21619.png,81,\pi,16925
../../hasy-data/v2-21620.png,81,\pi,16925
../../hasy-data/v2-21621.png,81,\pi,16925
../../hasy-data/v2-21622.png,81,\pi,16925
../../hasy-data/v2-21623.png,81,\pi,16925
../../hasy-data/v2-21624.png,81,\pi,16925
../../hasy-data/v2-21625.png,81,\pi,16925
../../hasy-data/v2-21626.png,81,\pi,16925
../../hasy-data/v2-21627.png,81,\pi,16925
../../hasy-data/v2-21628.png,81,\pi,16925
../../hasy-data/v2-21629.png,81,\pi,16925
../../hasy-data/v2-21630.png,81,\pi,16925
../../hasy-data/v2-21631.png,81,\pi,16925
../../hasy-data/v2-21632.png,81,\pi,16925
../../hasy-data/v2-21633.png,81,\pi,16925
../../hasy-data/v2-21634.png,81,\pi,16925
../../hasy-data/v2-21635.png,81,\pi,16925
../../hasy-data/v2-21636.png,81,\pi,16925
../../hasy-data/v2-21637.png,81,\pi,16925
../../hasy-data/v2-21638.png,81,\pi,16925
../../hasy-data/v2-21639.png,81,\pi,16925
../../hasy-data/v2-21640.png,81,\pi,16925
../../hasy-data/v2-21641.png,81,\pi,16925
../../hasy-data/v2-21642.png,81,\pi,16925
../../hasy-data/v2-21643.png,81,\pi,16925
../../hasy-data/v2-21644.png,81,\pi,16925
../../hasy-data/v2-21645.png,81,\pi,16925
../../hasy-data/v2-21646.png,81,\pi,16925
../../hasy-data/v2-21647.png,81,\pi,16925
../../hasy-data/v2-21648.png,81,\pi,16925
../../hasy-data/v2-21649.png,81,\pi,16925
../../hasy-data/v2-21650.png,81,\pi,16925
../../hasy-data/v2-21651.png,81,\pi,16925
../../hasy-data/v2-21652.png,81,\pi,16925
../../hasy-data/v2-21653.png,81,\pi,16925
../../hasy-data/v2-21654.png,81,\pi,16925
../../hasy-data/v2-21655.png,81,\pi,16925
../../hasy-data/v2-21656.png,81,\pi,16925
../../hasy-data/v2-21657.png,81,\pi,16925
../../hasy-data/v2-21658.png,81,\pi,16925
../../hasy-data/v2-21659.png,81,\pi,16925
../../hasy-data/v2-21660.png,81,\pi,16925
../../hasy-data/v2-21661.png,81,\pi,16925
../../hasy-data/v2-21662.png,81,\pi,16925
../../hasy-data/v2-21663.png,81,\pi,16925
../../hasy-data/v2-21664.png,81,\pi,16925
../../hasy-data/v2-21665.png,81,\pi,16925
../../hasy-data/v2-21666.png,81,\pi,16925
../../hasy-data/v2-21667.png,81,\pi,16925
../../hasy-data/v2-21668.png,81,\pi,16925
../../hasy-data/v2-21669.png,81,\pi,16925
../../hasy-data/v2-21670.png,81,\pi,16925
../../hasy-data/v2-21671.png,81,\pi,16925
../../hasy-data/v2-21672.png,81,\pi,16925
../../hasy-data/v2-21673.png,81,\pi,16925
../../hasy-data/v2-21674.png,81,\pi,16925
../../hasy-data/v2-21675.png,81,\pi,16925
../../hasy-data/v2-21676.png,81,\pi,16925
../../hasy-data/v2-21677.png,81,\pi,16925
../../hasy-data/v2-21678.png,81,\pi,16925
../../hasy-data/v2-21679.png,81,\pi,16925
../../hasy-data/v2-21680.png,81,\pi,16925
../../hasy-data/v2-21681.png,81,\pi,16925
../../hasy-data/v2-21682.png,81,\pi,16925
../../hasy-data/v2-21683.png,81,\pi,16925
../../hasy-data/v2-21684.png,81,\pi,16925
../../hasy-data/v2-21685.png,81,\pi,16925
../../hasy-data/v2-21686.png,81,\pi,16925
../../hasy-data/v2-21687.png,81,\pi,16925
../../hasy-data/v2-21688.png,81,\pi,16925
../../hasy-data/v2-21689.png,81,\pi,16925
../../hasy-data/v2-21690.png,81,\pi,16925
../../hasy-data/v2-21691.png,81,\pi,16925
../../hasy-data/v2-21692.png,81,\pi,16925
../../hasy-data/v2-21693.png,81,\pi,16925
../../hasy-data/v2-21694.png,81,\pi,16925
../../hasy-data/v2-21695.png,81,\pi,16925
../../hasy-data/v2-21696.png,81,\pi,16925
../../hasy-data/v2-21697.png,81,\pi,16925
../../hasy-data/v2-21698.png,81,\pi,16925
../../hasy-data/v2-21699.png,81,\pi,16925
../../hasy-data/v2-21700.png,81,\pi,16925
../../hasy-data/v2-21701.png,81,\pi,16925
../../hasy-data/v2-21702.png,81,\pi,16925
../../hasy-data/v2-21703.png,81,\pi,16925
../../hasy-data/v2-21704.png,81,\pi,16925
../../hasy-data/v2-21705.png,81,\pi,16925
../../hasy-data/v2-21706.png,81,\pi,16925
../../hasy-data/v2-21707.png,81,\pi,16925
../../hasy-data/v2-21708.png,81,\pi,16925
../../hasy-data/v2-21709.png,81,\pi,16925
../../hasy-data/v2-21710.png,81,\pi,16925
../../hasy-data/v2-21711.png,81,\pi,16925
../../hasy-data/v2-21712.png,81,\pi,16925
../../hasy-data/v2-21713.png,81,\pi,16925
../../hasy-data/v2-21714.png,81,\pi,16925
../../hasy-data/v2-21715.png,81,\pi,16925
../../hasy-data/v2-21716.png,81,\pi,16925
../../hasy-data/v2-21717.png,81,\pi,16925
../../hasy-data/v2-21718.png,81,\pi,16925
../../hasy-data/v2-21719.png,81,\pi,16925
../../hasy-data/v2-21720.png,81,\pi,16925
../../hasy-data/v2-21721.png,81,\pi,16925
../../hasy-data/v2-21722.png,81,\pi,16925
../../hasy-data/v2-21723.png,81,\pi,16925
../../hasy-data/v2-21724.png,81,\pi,16925
../../hasy-data/v2-21725.png,81,\pi,16925
../../hasy-data/v2-21726.png,81,\pi,16925
../../hasy-data/v2-21727.png,81,\pi,16925
../../hasy-data/v2-21728.png,81,\pi,16925
../../hasy-data/v2-21729.png,81,\pi,16925
../../hasy-data/v2-21730.png,81,\pi,16925
../../hasy-data/v2-21731.png,81,\pi,16925
../../hasy-data/v2-21732.png,81,\pi,16925
../../hasy-data/v2-21733.png,81,\pi,17324
../../hasy-data/v2-21734.png,81,\pi,16925
../../hasy-data/v2-21735.png,81,\pi,16925
../../hasy-data/v2-21736.png,81,\pi,16925
../../hasy-data/v2-21737.png,81,\pi,16925
../../hasy-data/v2-21738.png,81,\pi,16925
../../hasy-data/v2-21739.png,81,\pi,16925
../../hasy-data/v2-21740.png,81,\pi,16925
../../hasy-data/v2-21741.png,81,\pi,16925
../../hasy-data/v2-21742.png,81,\pi,16925
../../hasy-data/v2-21743.png,81,\pi,16925
../../hasy-data/v2-21744.png,81,\pi,16925
../../hasy-data/v2-21745.png,81,\pi,16925
../../hasy-data/v2-21746.png,81,\pi,16925
../../hasy-data/v2-21747.png,81,\pi,16925
../../hasy-data/v2-21748.png,81,\pi,16925
../../hasy-data/v2-21749.png,81,\pi,16925
../../hasy-data/v2-21750.png,81,\pi,16925
../../hasy-data/v2-21751.png,81,\pi,16925
../../hasy-data/v2-21752.png,81,\pi,16925
../../hasy-data/v2-21753.png,81,\pi,16925
../../hasy-data/v2-21754.png,81,\pi,16925
../../hasy-data/v2-21755.png,81,\pi,16925
../../hasy-data/v2-21756.png,81,\pi,16925
../../hasy-data/v2-21757.png,81,\pi,16925
../../hasy-data/v2-21758.png,81,\pi,16925
../../hasy-data/v2-21759.png,81,\pi,16925
../../hasy-data/v2-21760.png,81,\pi,16925
../../hasy-data/v2-21761.png,81,\pi,16925
../../hasy-data/v2-21762.png,81,\pi,16925
../../hasy-data/v2-21763.png,81,\pi,16925
../../hasy-data/v2-21764.png,81,\pi,16925
../../hasy-data/v2-21765.png,81,\pi,16925
../../hasy-data/v2-21766.png,81,\pi,16925
../../hasy-data/v2-21767.png,81,\pi,16925
../../hasy-data/v2-21768.png,81,\pi,16925
../../hasy-data/v2-21769.png,81,\pi,16925
../../hasy-data/v2-21770.png,81,\pi,16925
../../hasy-data/v2-21771.png,81,\pi,16925
../../hasy-data/v2-21772.png,81,\pi,16925
../../hasy-data/v2-21773.png,81,\pi,16925
../../hasy-data/v2-21774.png,81,\pi,16925
../../hasy-data/v2-21775.png,81,\pi,16925
../../hasy-data/v2-21776.png,81,\pi,16925
../../hasy-data/v2-21777.png,81,\pi,16925
../../hasy-data/v2-21778.png,81,\pi,16925
../../hasy-data/v2-21779.png,81,\pi,16925
../../hasy-data/v2-21780.png,81,\pi,16925
../../hasy-data/v2-21781.png,81,\pi,16925
../../hasy-data/v2-21782.png,81,\pi,16925
../../hasy-data/v2-21783.png,81,\pi,16925
../../hasy-data/v2-21784.png,81,\pi,16925
../../hasy-data/v2-21785.png,81,\pi,16925
../../hasy-data/v2-21786.png,81,\pi,16925
../../hasy-data/v2-21787.png,81,\pi,16925
../../hasy-data/v2-21788.png,81,\pi,16925
../../hasy-data/v2-21789.png,81,\pi,16925
../../hasy-data/v2-21790.png,81,\pi,16925
../../hasy-data/v2-21791.png,81,\pi,16925
../../hasy-data/v2-21792.png,81,\pi,16925
../../hasy-data/v2-21793.png,81,\pi,16925
../../hasy-data/v2-21794.png,81,\pi,16925
../../hasy-data/v2-21795.png,81,\pi,16925
../../hasy-data/v2-21796.png,81,\pi,16925
../../hasy-data/v2-21797.png,81,\pi,16925
../../hasy-data/v2-21798.png,81,\pi,16925
../../hasy-data/v2-21799.png,81,\pi,16925
../../hasy-data/v2-21800.png,81,\pi,16925
../../hasy-data/v2-21801.png,81,\pi,16925
../../hasy-data/v2-21802.png,81,\pi,16925
../../hasy-data/v2-21803.png,81,\pi,16925
../../hasy-data/v2-21804.png,81,\pi,16925
../../hasy-data/v2-21805.png,81,\pi,16925
../../hasy-data/v2-21806.png,81,\pi,16925
../../hasy-data/v2-21807.png,81,\pi,16925
../../hasy-data/v2-21808.png,81,\pi,16925
../../hasy-data/v2-21809.png,81,\pi,16925
../../hasy-data/v2-21810.png,81,\pi,16925
../../hasy-data/v2-21811.png,81,\pi,16925
../../hasy-data/v2-21812.png,81,\pi,16925
../../hasy-data/v2-21813.png,81,\pi,16925
../../hasy-data/v2-21814.png,81,\pi,16925
../../hasy-data/v2-21815.png,81,\pi,16925
../../hasy-data/v2-21816.png,81,\pi,16925
../../hasy-data/v2-21817.png,81,\pi,16925
../../hasy-data/v2-21818.png,81,\pi,16925
../../hasy-data/v2-21819.png,81,\pi,16925
../../hasy-data/v2-21820.png,81,\pi,16925
../../hasy-data/v2-21821.png,81,\pi,16925
../../hasy-data/v2-21822.png,81,\pi,16925
../../hasy-data/v2-21823.png,81,\pi,16925
../../hasy-data/v2-21824.png,81,\pi,16925
../../hasy-data/v2-21825.png,81,\pi,16925
../../hasy-data/v2-21826.png,81,\pi,16925
../../hasy-data/v2-21827.png,81,\pi,16925
../../hasy-data/v2-21828.png,81,\pi,16925
../../hasy-data/v2-21829.png,81,\pi,16925
../../hasy-data/v2-21830.png,81,\pi,16925
../../hasy-data/v2-21831.png,81,\pi,16925
../../hasy-data/v2-21832.png,81,\pi,16925
../../hasy-data/v2-21833.png,81,\pi,16925
../../hasy-data/v2-21834.png,81,\pi,16925
../../hasy-data/v2-21835.png,81,\pi,16925
../../hasy-data/v2-21836.png,81,\pi,16925
../../hasy-data/v2-21837.png,81,\pi,16925
../../hasy-data/v2-21838.png,81,\pi,16925
../../hasy-data/v2-21839.png,81,\pi,16925
../../hasy-data/v2-21840.png,81,\pi,16925
../../hasy-data/v2-21841.png,81,\pi,16925
../../hasy-data/v2-21842.png,81,\pi,16925
../../hasy-data/v2-21843.png,81,\pi,16925
../../hasy-data/v2-21844.png,81,\pi,16925
../../hasy-data/v2-21845.png,81,\pi,16925
../../hasy-data/v2-21846.png,81,\pi,16925
../../hasy-data/v2-21847.png,81,\pi,16925
../../hasy-data/v2-21848.png,81,\pi,16925
../../hasy-data/v2-21849.png,81,\pi,16925
../../hasy-data/v2-21850.png,81,\pi,16925
../../hasy-data/v2-21851.png,81,\pi,16925
../../hasy-data/v2-21852.png,81,\pi,16925
../../hasy-data/v2-21853.png,81,\pi,16925
../../hasy-data/v2-21854.png,81,\pi,16925
../../hasy-data/v2-21855.png,81,\pi,16925
../../hasy-data/v2-21856.png,81,\pi,16925
../../hasy-data/v2-21857.png,81,\pi,16925
../../hasy-data/v2-21858.png,81,\pi,16925
../../hasy-data/v2-21859.png,81,\pi,16925
../../hasy-data/v2-21860.png,81,\pi,16925
../../hasy-data/v2-21861.png,81,\pi,16925
../../hasy-data/v2-21862.png,81,\pi,16925
../../hasy-data/v2-21863.png,81,\pi,16925
../../hasy-data/v2-21864.png,81,\pi,16925
../../hasy-data/v2-21865.png,81,\pi,16925
../../hasy-data/v2-21866.png,81,\pi,16925
../../hasy-data/v2-21867.png,81,\pi,16925
../../hasy-data/v2-21868.png,81,\pi,16925
../../hasy-data/v2-21869.png,81,\pi,16925
../../hasy-data/v2-21870.png,81,\pi,16925
../../hasy-data/v2-21871.png,81,\pi,16925
../../hasy-data/v2-21872.png,81,\pi,16925
../../hasy-data/v2-21873.png,81,\pi,16925
../../hasy-data/v2-21874.png,81,\pi,16925
../../hasy-data/v2-21875.png,81,\pi,16925
../../hasy-data/v2-21876.png,81,\pi,16925
../../hasy-data/v2-21877.png,81,\pi,16925
../../hasy-data/v2-21878.png,81,\pi,16925
../../hasy-data/v2-21879.png,81,\pi,16925
../../hasy-data/v2-21880.png,81,\pi,16925
../../hasy-data/v2-21881.png,81,\pi,16925
../../hasy-data/v2-21882.png,81,\pi,16925
../../hasy-data/v2-21883.png,81,\pi,16925
../../hasy-data/v2-21884.png,81,\pi,16925
../../hasy-data/v2-21885.png,81,\pi,16925
../../hasy-data/v2-21886.png,81,\pi,16925
../../hasy-data/v2-21887.png,81,\pi,16925
../../hasy-data/v2-21888.png,81,\pi,16925
../../hasy-data/v2-21889.png,81,\pi,16925
../../hasy-data/v2-21890.png,81,\pi,16925
../../hasy-data/v2-21891.png,81,\pi,16925
../../hasy-data/v2-21892.png,81,\pi,16925
../../hasy-data/v2-21893.png,81,\pi,16925
../../hasy-data/v2-21894.png,81,\pi,16925
../../hasy-data/v2-21895.png,81,\pi,16925
../../hasy-data/v2-21896.png,81,\pi,16925
../../hasy-data/v2-21897.png,81,\pi,16925
../../hasy-data/v2-21898.png,81,\pi,16925
../../hasy-data/v2-21899.png,81,\pi,16925
../../hasy-data/v2-21900.png,81,\pi,16925
../../hasy-data/v2-21901.png,81,\pi,16925
../../hasy-data/v2-21902.png,81,\pi,16925
../../hasy-data/v2-21903.png,81,\pi,16925
../../hasy-data/v2-21904.png,81,\pi,16925
../../hasy-data/v2-21905.png,81,\pi,16925
../../hasy-data/v2-21906.png,81,\pi,16925
../../hasy-data/v2-21907.png,81,\pi,16925
../../hasy-data/v2-21908.png,81,\pi,16925
../../hasy-data/v2-21909.png,81,\pi,16925
../../hasy-data/v2-21910.png,81,\pi,16925
../../hasy-data/v2-21911.png,81,\pi,16925
../../hasy-data/v2-21912.png,81,\pi,16925
../../hasy-data/v2-21913.png,81,\pi,16925
../../hasy-data/v2-21914.png,81,\pi,16925
../../hasy-data/v2-21915.png,81,\pi,16925
../../hasy-data/v2-21916.png,81,\pi,16925
../../hasy-data/v2-21917.png,81,\pi,16925
../../hasy-data/v2-21918.png,81,\pi,16925
../../hasy-data/v2-21919.png,81,\pi,16925
../../hasy-data/v2-21920.png,81,\pi,16925
../../hasy-data/v2-21921.png,81,\pi,16925
../../hasy-data/v2-21922.png,81,\pi,16925
../../hasy-data/v2-21923.png,81,\pi,16925
../../hasy-data/v2-21924.png,81,\pi,16925
../../hasy-data/v2-21925.png,81,\pi,16925
../../hasy-data/v2-21926.png,81,\pi,16925
../../hasy-data/v2-21927.png,81,\pi,16925
../../hasy-data/v2-21928.png,81,\pi,16925
../../hasy-data/v2-21929.png,81,\pi,16925
../../hasy-data/v2-21930.png,81,\pi,16925
../../hasy-data/v2-21931.png,81,\pi,16925
../../hasy-data/v2-21932.png,81,\pi,16925
../../hasy-data/v2-21933.png,81,\pi,16925
../../hasy-data/v2-21934.png,81,\pi,16925
../../hasy-data/v2-21935.png,81,\pi,16925
../../hasy-data/v2-21936.png,81,\pi,16925
../../hasy-data/v2-21937.png,81,\pi,16925
../../hasy-data/v2-21938.png,81,\pi,16925
../../hasy-data/v2-21939.png,81,\pi,16925
../../hasy-data/v2-21940.png,81,\pi,16925
../../hasy-data/v2-21941.png,81,\pi,16925
../../hasy-data/v2-21942.png,81,\pi,16925
../../hasy-data/v2-21943.png,81,\pi,16925
../../hasy-data/v2-21944.png,81,\pi,16925
../../hasy-data/v2-21945.png,81,\pi,16925
../../hasy-data/v2-21946.png,81,\pi,16925
../../hasy-data/v2-21947.png,81,\pi,16925
../../hasy-data/v2-21948.png,81,\pi,16925
../../hasy-data/v2-21949.png,81,\pi,16925
../../hasy-data/v2-21950.png,81,\pi,16925
../../hasy-data/v2-21951.png,81,\pi,16925
../../hasy-data/v2-21952.png,81,\pi,16925
../../hasy-data/v2-21953.png,81,\pi,16925
../../hasy-data/v2-21954.png,81,\pi,16925
../../hasy-data/v2-21955.png,81,\pi,16925
../../hasy-data/v2-21956.png,81,\pi,16925
../../hasy-data/v2-21957.png,81,\pi,16925
../../hasy-data/v2-21958.png,81,\pi,16925
../../hasy-data/v2-21959.png,81,\pi,16925
../../hasy-data/v2-21960.png,81,\pi,16925
../../hasy-data/v2-21961.png,81,\pi,16925
../../hasy-data/v2-21962.png,81,\pi,16925
../../hasy-data/v2-21963.png,81,\pi,16925
../../hasy-data/v2-21964.png,81,\pi,16925
../../hasy-data/v2-21965.png,81,\pi,16925
../../hasy-data/v2-21966.png,81,\pi,16925
../../hasy-data/v2-21967.png,81,\pi,16925
../../hasy-data/v2-21968.png,81,\pi,16925
../../hasy-data/v2-21969.png,81,\pi,16925
../../hasy-data/v2-21970.png,81,\pi,16925
../../hasy-data/v2-21971.png,81,\pi,16925
../../hasy-data/v2-21972.png,81,\pi,16925
../../hasy-data/v2-21973.png,81,\pi,16925
../../hasy-data/v2-21974.png,81,\pi,16925
../../hasy-data/v2-21975.png,81,\pi,16925
../../hasy-data/v2-21976.png,81,\pi,16925
../../hasy-data/v2-21977.png,81,\pi,16925
../../hasy-data/v2-21978.png,81,\pi,16925
../../hasy-data/v2-21979.png,81,\pi,16925
../../hasy-data/v2-21980.png,81,\pi,16925
../../hasy-data/v2-21981.png,81,\pi,16925
../../hasy-data/v2-21982.png,81,\pi,16925
../../hasy-data/v2-21983.png,81,\pi,16925
../../hasy-data/v2-21984.png,81,\pi,16925
../../hasy-data/v2-21985.png,81,\pi,16925
../../hasy-data/v2-21986.png,81,\pi,16925
../../hasy-data/v2-21987.png,81,\pi,16925
../../hasy-data/v2-21988.png,81,\pi,16925
../../hasy-data/v2-21989.png,81,\pi,16925
../../hasy-data/v2-21990.png,81,\pi,16925
../../hasy-data/v2-21991.png,81,\pi,16925
../../hasy-data/v2-21992.png,81,\pi,16925
../../hasy-data/v2-21993.png,81,\pi,16925
../../hasy-data/v2-21994.png,81,\pi,16925
../../hasy-data/v2-21995.png,81,\pi,16925
../../hasy-data/v2-21996.png,81,\pi,16925
../../hasy-data/v2-21997.png,81,\pi,16925
../../hasy-data/v2-21998.png,81,\pi,16925
../../hasy-data/v2-21999.png,81,\pi,16925
../../hasy-data/v2-22000.png,81,\pi,16925
../../hasy-data/v2-22001.png,81,\pi,16925
../../hasy-data/v2-22002.png,81,\pi,16925
../../hasy-data/v2-22003.png,81,\pi,16925
../../hasy-data/v2-22004.png,81,\pi,16925
../../hasy-data/v2-22005.png,81,\pi,16925
../../hasy-data/v2-22006.png,81,\pi,16925
../../hasy-data/v2-22007.png,81,\pi,16925
../../hasy-data/v2-22008.png,81,\pi,16925
../../hasy-data/v2-22009.png,81,\pi,16925
../../hasy-data/v2-22010.png,81,\pi,16925
../../hasy-data/v2-22011.png,81,\pi,16925
../../hasy-data/v2-22012.png,81,\pi,16925
../../hasy-data/v2-22013.png,81,\pi,16925
../../hasy-data/v2-22014.png,81,\pi,16925
../../hasy-data/v2-22015.png,81,\pi,16925
../../hasy-data/v2-22016.png,81,\pi,16925
../../hasy-data/v2-22017.png,81,\pi,16925
../../hasy-data/v2-22018.png,81,\pi,16925
../../hasy-data/v2-22019.png,81,\pi,16925
../../hasy-data/v2-22020.png,81,\pi,16925
../../hasy-data/v2-22021.png,81,\pi,16925
../../hasy-data/v2-22022.png,81,\pi,16925
../../hasy-data/v2-22023.png,81,\pi,16925
../../hasy-data/v2-22024.png,81,\pi,16925
../../hasy-data/v2-22025.png,81,\pi,16925
../../hasy-data/v2-22026.png,81,\pi,16925
../../hasy-data/v2-22027.png,81,\pi,16925
../../hasy-data/v2-22028.png,81,\pi,16925
../../hasy-data/v2-22029.png,81,\pi,16925
../../hasy-data/v2-22030.png,81,\pi,16925
../../hasy-data/v2-22031.png,81,\pi,16925
../../hasy-data/v2-22032.png,81,\pi,16925
../../hasy-data/v2-22033.png,81,\pi,16925
../../hasy-data/v2-22034.png,81,\pi,16925
../../hasy-data/v2-22035.png,81,\pi,16925
../../hasy-data/v2-22036.png,81,\pi,16925
../../hasy-data/v2-22037.png,81,\pi,16925
../../hasy-data/v2-22038.png,81,\pi,16925
../../hasy-data/v2-22039.png,81,\pi,16925
../../hasy-data/v2-22040.png,81,\pi,16925
../../hasy-data/v2-22041.png,81,\pi,16925
../../hasy-data/v2-22042.png,81,\pi,16925
../../hasy-data/v2-22043.png,81,\pi,16925
../../hasy-data/v2-22044.png,81,\pi,16925
../../hasy-data/v2-22045.png,81,\pi,16925
../../hasy-data/v2-22046.png,81,\pi,16925
../../hasy-data/v2-22047.png,81,\pi,16925
../../hasy-data/v2-22048.png,81,\pi,16925
../../hasy-data/v2-22049.png,81,\pi,16925
../../hasy-data/v2-22050.png,81,\pi,16925
../../hasy-data/v2-22051.png,81,\pi,16925
../../hasy-data/v2-22052.png,81,\pi,16925
../../hasy-data/v2-22053.png,81,\pi,16925
../../hasy-data/v2-22054.png,81,\pi,16925
../../hasy-data/v2-22055.png,81,\pi,16925
../../hasy-data/v2-22056.png,81,\pi,16925
../../hasy-data/v2-22057.png,81,\pi,16925
../../hasy-data/v2-22058.png,81,\pi,16925
../../hasy-data/v2-22059.png,81,\pi,16925
../../hasy-data/v2-22060.png,81,\pi,16925
../../hasy-data/v2-22061.png,81,\pi,16925
../../hasy-data/v2-22062.png,81,\pi,16925
../../hasy-data/v2-22063.png,81,\pi,16925
../../hasy-data/v2-22064.png,81,\pi,16925
../../hasy-data/v2-22065.png,81,\pi,16925
../../hasy-data/v2-22066.png,81,\pi,16925
../../hasy-data/v2-22067.png,81,\pi,16925
../../hasy-data/v2-22068.png,81,\pi,16925
../../hasy-data/v2-22069.png,81,\pi,16925
../../hasy-data/v2-22070.png,81,\pi,16925
../../hasy-data/v2-22071.png,81,\pi,16925
../../hasy-data/v2-22072.png,81,\pi,16925
../../hasy-data/v2-22073.png,81,\pi,16925
../../hasy-data/v2-22074.png,81,\pi,16925
../../hasy-data/v2-22075.png,81,\pi,16925
../../hasy-data/v2-22076.png,81,\pi,16925
../../hasy-data/v2-22077.png,81,\pi,16925
../../hasy-data/v2-22078.png,81,\pi,16925
../../hasy-data/v2-22079.png,81,\pi,16925
../../hasy-data/v2-22080.png,81,\pi,16925
../../hasy-data/v2-22081.png,81,\pi,16925
../../hasy-data/v2-22082.png,81,\pi,16925
../../hasy-data/v2-22083.png,81,\pi,16925
../../hasy-data/v2-22084.png,81,\pi,16925
../../hasy-data/v2-22085.png,81,\pi,16925
../../hasy-data/v2-22086.png,81,\pi,16925
../../hasy-data/v2-22087.png,81,\pi,16925
../../hasy-data/v2-22088.png,81,\pi,16925
../../hasy-data/v2-22089.png,81,\pi,16925
../../hasy-data/v2-22090.png,81,\pi,16925
../../hasy-data/v2-22091.png,81,\pi,16925
../../hasy-data/v2-22092.png,81,\pi,16925
../../hasy-data/v2-22093.png,81,\pi,16925
../../hasy-data/v2-22094.png,81,\pi,16925
../../hasy-data/v2-22095.png,81,\pi,16925
../../hasy-data/v2-22096.png,81,\pi,16925
../../hasy-data/v2-22097.png,81,\pi,16925
../../hasy-data/v2-22098.png,81,\pi,16925
../../hasy-data/v2-22099.png,81,\pi,16925
../../hasy-data/v2-22100.png,81,\pi,16925
../../hasy-data/v2-22101.png,81,\pi,16925
../../hasy-data/v2-22102.png,81,\pi,16925
../../hasy-data/v2-22103.png,81,\pi,16925
../../hasy-data/v2-22104.png,81,\pi,16925
../../hasy-data/v2-22105.png,81,\pi,16925
../../hasy-data/v2-22106.png,81,\pi,16925
../../hasy-data/v2-22107.png,81,\pi,16925
../../hasy-data/v2-22108.png,81,\pi,16925
../../hasy-data/v2-22109.png,81,\pi,16925
../../hasy-data/v2-22110.png,81,\pi,16925
../../hasy-data/v2-22111.png,81,\pi,16925
../../hasy-data/v2-22112.png,81,\pi,16925
../../hasy-data/v2-22113.png,81,\pi,16925
../../hasy-data/v2-22114.png,81,\pi,16925
../../hasy-data/v2-22115.png,81,\pi,16925
../../hasy-data/v2-22116.png,81,\pi,16925
../../hasy-data/v2-22117.png,81,\pi,16925
../../hasy-data/v2-22118.png,81,\pi,16925
../../hasy-data/v2-22119.png,81,\pi,16925
../../hasy-data/v2-22120.png,81,\pi,16925
../../hasy-data/v2-22121.png,81,\pi,16925
../../hasy-data/v2-22122.png,81,\pi,16925
../../hasy-data/v2-22123.png,81,\pi,16925
../../hasy-data/v2-22124.png,81,\pi,16925
../../hasy-data/v2-22125.png,81,\pi,16925
../../hasy-data/v2-22126.png,81,\pi,16925
../../hasy-data/v2-22127.png,81,\pi,16925
../../hasy-data/v2-22128.png,81,\pi,16925
../../hasy-data/v2-22129.png,81,\pi,16925
../../hasy-data/v2-22130.png,81,\pi,16925
../../hasy-data/v2-22131.png,81,\pi,16925
../../hasy-data/v2-22132.png,81,\pi,16925
../../hasy-data/v2-22133.png,81,\pi,16925
../../hasy-data/v2-22134.png,81,\pi,16925
../../hasy-data/v2-22135.png,81,\pi,16925
../../hasy-data/v2-22136.png,81,\pi,16925
../../hasy-data/v2-22137.png,81,\pi,16925
../../hasy-data/v2-22138.png,81,\pi,16925
../../hasy-data/v2-22139.png,81,\pi,16925
../../hasy-data/v2-22140.png,81,\pi,16925
../../hasy-data/v2-22141.png,81,\pi,16925
../../hasy-data/v2-22142.png,81,\pi,16925
../../hasy-data/v2-22143.png,81,\pi,16925
../../hasy-data/v2-22144.png,81,\pi,16925
../../hasy-data/v2-22145.png,81,\pi,16925
../../hasy-data/v2-22146.png,81,\pi,16925
../../hasy-data/v2-22147.png,81,\pi,16925
../../hasy-data/v2-22148.png,81,\pi,16925
../../hasy-data/v2-22149.png,81,\pi,16925
../../hasy-data/v2-22150.png,81,\pi,16925
../../hasy-data/v2-22151.png,81,\pi,16925
../../hasy-data/v2-22152.png,81,\pi,16925
../../hasy-data/v2-22153.png,81,\pi,16925
../../hasy-data/v2-22154.png,81,\pi,16925
../../hasy-data/v2-22155.png,81,\pi,16925
../../hasy-data/v2-22156.png,81,\pi,16925
../../hasy-data/v2-22157.png,81,\pi,16925
../../hasy-data/v2-22158.png,81,\pi,16925
../../hasy-data/v2-22159.png,81,\pi,16925
../../hasy-data/v2-22160.png,81,\pi,16925
../../hasy-data/v2-22161.png,81,\pi,16925
../../hasy-data/v2-22162.png,81,\pi,16925
../../hasy-data/v2-22163.png,81,\pi,16925
../../hasy-data/v2-22164.png,81,\pi,16925
../../hasy-data/v2-22165.png,81,\pi,16925
../../hasy-data/v2-22166.png,81,\pi,16925
../../hasy-data/v2-22167.png,81,\pi,16925
../../hasy-data/v2-22168.png,81,\pi,16925
../../hasy-data/v2-22169.png,81,\pi,16925
../../hasy-data/v2-22170.png,81,\pi,16925
../../hasy-data/v2-22171.png,81,\pi,16925
../../hasy-data/v2-22172.png,81,\pi,16925
../../hasy-data/v2-22173.png,81,\pi,16925
../../hasy-data/v2-22174.png,81,\pi,16925
../../hasy-data/v2-22175.png,81,\pi,16925
../../hasy-data/v2-22176.png,81,\pi,16925
../../hasy-data/v2-22177.png,81,\pi,16925
../../hasy-data/v2-22178.png,81,\pi,16925
../../hasy-data/v2-22179.png,81,\pi,16925
../../hasy-data/v2-22180.png,81,\pi,16925
../../hasy-data/v2-22181.png,81,\pi,16925
../../hasy-data/v2-22182.png,81,\pi,16925
../../hasy-data/v2-22183.png,81,\pi,9283
../../hasy-data/v2-22184.png,81,\pi,59154
../../hasy-data/v2-22185.png,81,\pi,80816
../../hasy-data/v2-22186.png,81,\pi,84499
../../hasy-data/v2-22187.png,81,\pi,92381
../../hasy-data/v2-22188.png,81,\pi,92768
../../hasy-data/v2-22189.png,81,\pi,92768
../../hasy-data/v2-22190.png,81,\pi,95942
../../hasy-data/v2-22191.png,81,\pi,96849
../../hasy-data/v2-22192.png,81,\pi,96849
../../hasy-data/v2-22193.png,81,\pi,97301
../../hasy-data/v2-22194.png,81,\pi,97509
../../hasy-data/v2-22195.png,81,\pi,100869
../../hasy-data/v2-22196.png,81,\pi,100870
../../hasy-data/v2-22197.png,81,\pi,101243
../../hasy-data/v2-22198.png,81,\pi,116471
../../hasy-data/v2-22199.png,81,\pi,117684
../../hasy-data/v2-22200.png,81,\pi,124916
../../hasy-data/v2-22201.png,81,\pi,125926
../../hasy-data/v2-22203.png,82,\alpha,10
../../hasy-data/v2-22204.png,82,\alpha,10
../../hasy-data/v2-22205.png,82,\alpha,15
../../hasy-data/v2-22206.png,82,\alpha,15
../../hasy-data/v2-22207.png,82,\alpha,15
../../hasy-data/v2-22208.png,82,\alpha,15
../../hasy-data/v2-22209.png,82,\alpha,15
../../hasy-data/v2-22210.png,82,\alpha,15
../../hasy-data/v2-22211.png,82,\alpha,15
../../hasy-data/v2-22212.png,82,\alpha,10
../../hasy-data/v2-22213.png,82,\alpha,10
../../hasy-data/v2-22214.png,82,\alpha,10
../../hasy-data/v2-22215.png,82,\alpha,10
../../hasy-data/v2-22216.png,82,\alpha,10
../../hasy-data/v2-22217.png,82,\alpha,10
../../hasy-data/v2-22218.png,82,\alpha,10
../../hasy-data/v2-22219.png,82,\alpha,10
../../hasy-data/v2-22220.png,82,\alpha,10
../../hasy-data/v2-22221.png,82,\alpha,10
../../hasy-data/v2-22222.png,82,\alpha,10
../../hasy-data/v2-22223.png,82,\alpha,10
../../hasy-data/v2-22224.png,82,\alpha,10
../../hasy-data/v2-22225.png,82,\alpha,10
../../hasy-data/v2-22226.png,82,\alpha,10
../../hasy-data/v2-22227.png,82,\alpha,10
../../hasy-data/v2-22228.png,82,\alpha,10
../../hasy-data/v2-22229.png,82,\alpha,10
../../hasy-data/v2-22230.png,82,\alpha,10
../../hasy-data/v2-22231.png,82,\alpha,10
../../hasy-data/v2-22232.png,82,\alpha,10
../../hasy-data/v2-22233.png,82,\alpha,10
../../hasy-data/v2-22234.png,82,\alpha,10
../../hasy-data/v2-22235.png,82,\alpha,10
../../hasy-data/v2-22236.png,82,\alpha,10
../../hasy-data/v2-22237.png,82,\alpha,10
../../hasy-data/v2-22238.png,82,\alpha,10
../../hasy-data/v2-22239.png,82,\alpha,10
../../hasy-data/v2-22240.png,82,\alpha,10
../../hasy-data/v2-22241.png,82,\alpha,10
../../hasy-data/v2-22242.png,82,\alpha,10
../../hasy-data/v2-22243.png,82,\alpha,10
../../hasy-data/v2-22244.png,82,\alpha,10
../../hasy-data/v2-22245.png,82,\alpha,10
../../hasy-data/v2-22246.png,82,\alpha,10
../../hasy-data/v2-22247.png,82,\alpha,10
../../hasy-data/v2-22248.png,82,\alpha,10
../../hasy-data/v2-22249.png,82,\alpha,10
../../hasy-data/v2-22250.png,82,\alpha,10
../../hasy-data/v2-22251.png,82,\alpha,10
../../hasy-data/v2-22252.png,82,\alpha,10
../../hasy-data/v2-22253.png,82,\alpha,10
../../hasy-data/v2-22254.png,82,\alpha,23
../../hasy-data/v2-22255.png,82,\alpha,10
../../hasy-data/v2-22256.png,82,\alpha,10
../../hasy-data/v2-22257.png,82,\alpha,10
../../hasy-data/v2-22258.png,82,\alpha,34
../../hasy-data/v2-22259.png,82,\alpha,32
../../hasy-data/v2-22260.png,82,\alpha,35
../../hasy-data/v2-22261.png,82,\alpha,40
../../hasy-data/v2-22262.png,82,\alpha,44
../../hasy-data/v2-22263.png,82,\alpha,15
../../hasy-data/v2-22264.png,82,\alpha,47
../../hasy-data/v2-22265.png,82,\alpha,10
../../hasy-data/v2-22266.png,82,\alpha,10
../../hasy-data/v2-22267.png,82,\alpha,10
../../hasy-data/v2-22268.png,82,\alpha,50
../../hasy-data/v2-22269.png,82,\alpha,59
../../hasy-data/v2-22270.png,82,\alpha,59
../../hasy-data/v2-22271.png,82,\alpha,10
../../hasy-data/v2-22272.png,82,\alpha,10
../../hasy-data/v2-22273.png,82,\alpha,1692
../../hasy-data/v2-22274.png,82,\alpha,1710
../../hasy-data/v2-22275.png,82,\alpha,3320
../../hasy-data/v2-22276.png,82,\alpha,3320
../../hasy-data/v2-22277.png,82,\alpha,3320
../../hasy-data/v2-22278.png,82,\alpha,3508
../../hasy-data/v2-22279.png,82,\alpha,3508
../../hasy-data/v2-22280.png,82,\alpha,4142
../../hasy-data/v2-22281.png,82,\alpha,4435
../../hasy-data/v2-22282.png,82,\alpha,4435
../../hasy-data/v2-22283.png,82,\alpha,4142
../../hasy-data/v2-22284.png,82,\alpha,5572
../../hasy-data/v2-22285.png,82,\alpha,5822
../../hasy-data/v2-22286.png,82,\alpha,5852
../../hasy-data/v2-22287.png,82,\alpha,5822
../../hasy-data/v2-22288.png,82,\alpha,5877
../../hasy-data/v2-22289.png,82,\alpha,5879
../../hasy-data/v2-22290.png,82,\alpha,5864
../../hasy-data/v2-22291.png,82,\alpha,4142
../../hasy-data/v2-22292.png,82,\alpha,1696
../../hasy-data/v2-22293.png,82,\alpha,6109
../../hasy-data/v2-22294.png,82,\alpha,6188
../../hasy-data/v2-22295.png,82,\alpha,6262
../../hasy-data/v2-22296.png,82,\alpha,6411
../../hasy-data/v2-22297.png,82,\alpha,6438
../../hasy-data/v2-22298.png,82,\alpha,6483
../../hasy-data/v2-22299.png,82,\alpha,6565
../../hasy-data/v2-22300.png,82,\alpha,6662
../../hasy-data/v2-22301.png,82,\alpha,6684
../../hasy-data/v2-22302.png,82,\alpha,6672
../../hasy-data/v2-22303.png,82,\alpha,6899
../../hasy-data/v2-22304.png,82,\alpha,6902
../../hasy-data/v2-22305.png,82,\alpha,6989
../../hasy-data/v2-22306.png,82,\alpha,7052
../../hasy-data/v2-22307.png,82,\alpha,7113
../../hasy-data/v2-22308.png,82,\alpha,7113
../../hasy-data/v2-22309.png,82,\alpha,7841
../../hasy-data/v2-22310.png,82,\alpha,7957
../../hasy-data/v2-22311.png,82,\alpha,8071
../../hasy-data/v2-22312.png,82,\alpha,8457
../../hasy-data/v2-22313.png,82,\alpha,8457
../../hasy-data/v2-22314.png,82,\alpha,8486
../../hasy-data/v2-22315.png,82,\alpha,6483
../../hasy-data/v2-22316.png,82,\alpha,8633
../../hasy-data/v2-22317.png,82,\alpha,6483
../../hasy-data/v2-22318.png,82,\alpha,8754
../../hasy-data/v2-22319.png,82,\alpha,8788
../../hasy-data/v2-22320.png,82,\alpha,9017
../../hasy-data/v2-22321.png,82,\alpha,9017
../../hasy-data/v2-22322.png,82,\alpha,9153
../../hasy-data/v2-22323.png,82,\alpha,9283
../../hasy-data/v2-22324.png,82,\alpha,9505
../../hasy-data/v2-22325.png,82,\alpha,9705
../../hasy-data/v2-22326.png,82,\alpha,15814
../../hasy-data/v2-22327.png,82,\alpha,16925
../../hasy-data/v2-22328.png,82,\alpha,16925
../../hasy-data/v2-22329.png,82,\alpha,16925
../../hasy-data/v2-22330.png,82,\alpha,16925
../../hasy-data/v2-22331.png,82,\alpha,16925
../../hasy-data/v2-22332.png,82,\alpha,16925
../../hasy-data/v2-22333.png,82,\alpha,16925
../../hasy-data/v2-22334.png,82,\alpha,16925
../../hasy-data/v2-22335.png,82,\alpha,16925
../../hasy-data/v2-22336.png,82,\alpha,16925
../../hasy-data/v2-22337.png,82,\alpha,16925
../../hasy-data/v2-22338.png,82,\alpha,16925
../../hasy-data/v2-22339.png,82,\alpha,16925
../../hasy-data/v2-22340.png,82,\alpha,16925
../../hasy-data/v2-22341.png,82,\alpha,16925
../../hasy-data/v2-22342.png,82,\alpha,16925
../../hasy-data/v2-22343.png,82,\alpha,16925
../../hasy-data/v2-22344.png,82,\alpha,16925
../../hasy-data/v2-22345.png,82,\alpha,16925
../../hasy-data/v2-22346.png,82,\alpha,16925
../../hasy-data/v2-22347.png,82,\alpha,16925
../../hasy-data/v2-22348.png,82,\alpha,16925
../../hasy-data/v2-22349.png,82,\alpha,16925
../../hasy-data/v2-22350.png,82,\alpha,16925
../../hasy-data/v2-22351.png,82,\alpha,16925
../../hasy-data/v2-22352.png,82,\alpha,16925
../../hasy-data/v2-22353.png,82,\alpha,16925
../../hasy-data/v2-22354.png,82,\alpha,16925
../../hasy-data/v2-22355.png,82,\alpha,16925
../../hasy-data/v2-22356.png,82,\alpha,16925
../../hasy-data/v2-22357.png,82,\alpha,16925
../../hasy-data/v2-22358.png,82,\alpha,16925
../../hasy-data/v2-22359.png,82,\alpha,16925
../../hasy-data/v2-22360.png,82,\alpha,16925
../../hasy-data/v2-22361.png,82,\alpha,16925
../../hasy-data/v2-22362.png,82,\alpha,16925
../../hasy-data/v2-22363.png,82,\alpha,16925
../../hasy-data/v2-22364.png,82,\alpha,16925
../../hasy-data/v2-22365.png,82,\alpha,16925
../../hasy-data/v2-22366.png,82,\alpha,16925
../../hasy-data/v2-22367.png,82,\alpha,16925
../../hasy-data/v2-22368.png,82,\alpha,16925
../../hasy-data/v2-22369.png,82,\alpha,16925
../../hasy-data/v2-22370.png,82,\alpha,16925
../../hasy-data/v2-22371.png,82,\alpha,16925
../../hasy-data/v2-22372.png,82,\alpha,16925
../../hasy-data/v2-22373.png,82,\alpha,16925
../../hasy-data/v2-22374.png,82,\alpha,16925
../../hasy-data/v2-22375.png,82,\alpha,16925
../../hasy-data/v2-22376.png,82,\alpha,16925
../../hasy-data/v2-22377.png,82,\alpha,16925
../../hasy-data/v2-22378.png,82,\alpha,16925
../../hasy-data/v2-22379.png,82,\alpha,16925
../../hasy-data/v2-22380.png,82,\alpha,16925
../../hasy-data/v2-22381.png,82,\alpha,16925
../../hasy-data/v2-22382.png,82,\alpha,16925
../../hasy-data/v2-22383.png,82,\alpha,16925
../../hasy-data/v2-22384.png,82,\alpha,16925
../../hasy-data/v2-22385.png,82,\alpha,16925
../../hasy-data/v2-22386.png,82,\alpha,16925
../../hasy-data/v2-22387.png,82,\alpha,16925
../../hasy-data/v2-22388.png,82,\alpha,16925
../../hasy-data/v2-22389.png,82,\alpha,16925
../../hasy-data/v2-22390.png,82,\alpha,16925
../../hasy-data/v2-22391.png,82,\alpha,16925
../../hasy-data/v2-22392.png,82,\alpha,16925
../../hasy-data/v2-22393.png,82,\alpha,16925
../../hasy-data/v2-22394.png,82,\alpha,16925
../../hasy-data/v2-22395.png,82,\alpha,16925
../../hasy-data/v2-22396.png,82,\alpha,16925
../../hasy-data/v2-22397.png,82,\alpha,16925
../../hasy-data/v2-22398.png,82,\alpha,16925
../../hasy-data/v2-22399.png,82,\alpha,16925
../../hasy-data/v2-22400.png,82,\alpha,16925
../../hasy-data/v2-22401.png,82,\alpha,16925
../../hasy-data/v2-22402.png,82,\alpha,16925
../../hasy-data/v2-22403.png,82,\alpha,16925
../../hasy-data/v2-22404.png,82,\alpha,16925
../../hasy-data/v2-22405.png,82,\alpha,16925
../../hasy-data/v2-22406.png,82,\alpha,16925
../../hasy-data/v2-22407.png,82,\alpha,16925
../../hasy-data/v2-22408.png,82,\alpha,16925
../../hasy-data/v2-22409.png,82,\alpha,16925
../../hasy-data/v2-22410.png,82,\alpha,16925
../../hasy-data/v2-22411.png,82,\alpha,16925
../../hasy-data/v2-22412.png,82,\alpha,16925
../../hasy-data/v2-22413.png,82,\alpha,16925
../../hasy-data/v2-22414.png,82,\alpha,16925
../../hasy-data/v2-22415.png,82,\alpha,16925
../../hasy-data/v2-22416.png,82,\alpha,16925
../../hasy-data/v2-22417.png,82,\alpha,16925
../../hasy-data/v2-22418.png,82,\alpha,16925
../../hasy-data/v2-22419.png,82,\alpha,16925
../../hasy-data/v2-22420.png,82,\alpha,16925
../../hasy-data/v2-22421.png,82,\alpha,16925
../../hasy-data/v2-22422.png,82,\alpha,16925
../../hasy-data/v2-22423.png,82,\alpha,16925
../../hasy-data/v2-22424.png,82,\alpha,16925
../../hasy-data/v2-22425.png,82,\alpha,16925
../../hasy-data/v2-22426.png,82,\alpha,16925
../../hasy-data/v2-22427.png,82,\alpha,16925
../../hasy-data/v2-22428.png,82,\alpha,16925
../../hasy-data/v2-22429.png,82,\alpha,16925
../../hasy-data/v2-22430.png,82,\alpha,16925
../../hasy-data/v2-22431.png,82,\alpha,16925
../../hasy-data/v2-22432.png,82,\alpha,16925
../../hasy-data/v2-22433.png,82,\alpha,16925
../../hasy-data/v2-22434.png,82,\alpha,16925
../../hasy-data/v2-22435.png,82,\alpha,16925
../../hasy-data/v2-22436.png,82,\alpha,16925
../../hasy-data/v2-22437.png,82,\alpha,16925
../../hasy-data/v2-22438.png,82,\alpha,16925
../../hasy-data/v2-22439.png,82,\alpha,16925
../../hasy-data/v2-22440.png,82,\alpha,16925
../../hasy-data/v2-22441.png,82,\alpha,16925
../../hasy-data/v2-22442.png,82,\alpha,16925
../../hasy-data/v2-22443.png,82,\alpha,16925
../../hasy-data/v2-22444.png,82,\alpha,16925
../../hasy-data/v2-22445.png,82,\alpha,16925
../../hasy-data/v2-22446.png,82,\alpha,16925
../../hasy-data/v2-22447.png,82,\alpha,16925
../../hasy-data/v2-22448.png,82,\alpha,16925
../../hasy-data/v2-22449.png,82,\alpha,16925
../../hasy-data/v2-22450.png,82,\alpha,16925
../../hasy-data/v2-22451.png,82,\alpha,16925
../../hasy-data/v2-22452.png,82,\alpha,16925
../../hasy-data/v2-22453.png,82,\alpha,16925
../../hasy-data/v2-22454.png,82,\alpha,16925
../../hasy-data/v2-22455.png,82,\alpha,16925
../../hasy-data/v2-22456.png,82,\alpha,16925
../../hasy-data/v2-22457.png,82,\alpha,16925
../../hasy-data/v2-22458.png,82,\alpha,16925
../../hasy-data/v2-22459.png,82,\alpha,16925
../../hasy-data/v2-22460.png,82,\alpha,16925
../../hasy-data/v2-22461.png,82,\alpha,16925
../../hasy-data/v2-22462.png,82,\alpha,16925
../../hasy-data/v2-22463.png,82,\alpha,16925
../../hasy-data/v2-22464.png,82,\alpha,16925
../../hasy-data/v2-22465.png,82,\alpha,16925
../../hasy-data/v2-22466.png,82,\alpha,16925
../../hasy-data/v2-22467.png,82,\alpha,16925
../../hasy-data/v2-22468.png,82,\alpha,16925
../../hasy-data/v2-22469.png,82,\alpha,16925
../../hasy-data/v2-22470.png,82,\alpha,16925
../../hasy-data/v2-22471.png,82,\alpha,16925
../../hasy-data/v2-22472.png,82,\alpha,16925
../../hasy-data/v2-22473.png,82,\alpha,16925
../../hasy-data/v2-22474.png,82,\alpha,16925
../../hasy-data/v2-22475.png,82,\alpha,16925
../../hasy-data/v2-22476.png,82,\alpha,16925
../../hasy-data/v2-22477.png,82,\alpha,16925
../../hasy-data/v2-22478.png,82,\alpha,16925
../../hasy-data/v2-22479.png,82,\alpha,16925
../../hasy-data/v2-22480.png,82,\alpha,16925
../../hasy-data/v2-22481.png,82,\alpha,16925
../../hasy-data/v2-22482.png,82,\alpha,16925
../../hasy-data/v2-22483.png,82,\alpha,16925
../../hasy-data/v2-22484.png,82,\alpha,16925
../../hasy-data/v2-22485.png,82,\alpha,16925
../../hasy-data/v2-22486.png,82,\alpha,16925
../../hasy-data/v2-22487.png,82,\alpha,16925
../../hasy-data/v2-22488.png,82,\alpha,16925
../../hasy-data/v2-22489.png,82,\alpha,16925
../../hasy-data/v2-22490.png,82,\alpha,16925
../../hasy-data/v2-22491.png,82,\alpha,16925
../../hasy-data/v2-22492.png,82,\alpha,16925
../../hasy-data/v2-22493.png,82,\alpha,16925
../../hasy-data/v2-22494.png,82,\alpha,16925
../../hasy-data/v2-22495.png,82,\alpha,16925
../../hasy-data/v2-22496.png,82,\alpha,16925
../../hasy-data/v2-22497.png,82,\alpha,16925
../../hasy-data/v2-22498.png,82,\alpha,16925
../../hasy-data/v2-22499.png,82,\alpha,16925
../../hasy-data/v2-22500.png,82,\alpha,16925
../../hasy-data/v2-22501.png,82,\alpha,16925
../../hasy-data/v2-22502.png,82,\alpha,16925
../../hasy-data/v2-22503.png,82,\alpha,16925
../../hasy-data/v2-22504.png,82,\alpha,16925
../../hasy-data/v2-22505.png,82,\alpha,16925
../../hasy-data/v2-22506.png,82,\alpha,16925
../../hasy-data/v2-22507.png,82,\alpha,16925
../../hasy-data/v2-22508.png,82,\alpha,16925
../../hasy-data/v2-22509.png,82,\alpha,16925
../../hasy-data/v2-22510.png,82,\alpha,16925
../../hasy-data/v2-22511.png,82,\alpha,16925
../../hasy-data/v2-22512.png,82,\alpha,16925
../../hasy-data/v2-22513.png,82,\alpha,16925
../../hasy-data/v2-22514.png,82,\alpha,16925
../../hasy-data/v2-22515.png,82,\alpha,16925
../../hasy-data/v2-22516.png,82,\alpha,16925
../../hasy-data/v2-22517.png,82,\alpha,16925
../../hasy-data/v2-22518.png,82,\alpha,16925
../../hasy-data/v2-22519.png,82,\alpha,16925
../../hasy-data/v2-22520.png,82,\alpha,16925
../../hasy-data/v2-22521.png,82,\alpha,16925
../../hasy-data/v2-22522.png,82,\alpha,16925
../../hasy-data/v2-22523.png,82,\alpha,16925
../../hasy-data/v2-22524.png,82,\alpha,16925
../../hasy-data/v2-22525.png,82,\alpha,16925
../../hasy-data/v2-22526.png,82,\alpha,16925
../../hasy-data/v2-22527.png,82,\alpha,16925
../../hasy-data/v2-22528.png,82,\alpha,16925
../../hasy-data/v2-22529.png,82,\alpha,16925
../../hasy-data/v2-22530.png,82,\alpha,16925
../../hasy-data/v2-22531.png,82,\alpha,16925
../../hasy-data/v2-22532.png,82,\alpha,16925
../../hasy-data/v2-22533.png,82,\alpha,16925
../../hasy-data/v2-22534.png,82,\alpha,16925
../../hasy-data/v2-22535.png,82,\alpha,16925
../../hasy-data/v2-22536.png,82,\alpha,16925
../../hasy-data/v2-22537.png,82,\alpha,16925
../../hasy-data/v2-22538.png,82,\alpha,16925
../../hasy-data/v2-22539.png,82,\alpha,16925
../../hasy-data/v2-22540.png,82,\alpha,16925
../../hasy-data/v2-22541.png,82,\alpha,16925
../../hasy-data/v2-22542.png,82,\alpha,16925
../../hasy-data/v2-22543.png,82,\alpha,16925
../../hasy-data/v2-22544.png,82,\alpha,16925
../../hasy-data/v2-22545.png,82,\alpha,16925
../../hasy-data/v2-22546.png,82,\alpha,16925
../../hasy-data/v2-22547.png,82,\alpha,16925
../../hasy-data/v2-22548.png,82,\alpha,16925
../../hasy-data/v2-22549.png,82,\alpha,16925
../../hasy-data/v2-22550.png,82,\alpha,16925
../../hasy-data/v2-22551.png,82,\alpha,16925
../../hasy-data/v2-22552.png,82,\alpha,16925
../../hasy-data/v2-22553.png,82,\alpha,16925
../../hasy-data/v2-22554.png,82,\alpha,16925
../../hasy-data/v2-22555.png,82,\alpha,16925
../../hasy-data/v2-22556.png,82,\alpha,16925
../../hasy-data/v2-22557.png,82,\alpha,16925
../../hasy-data/v2-22558.png,82,\alpha,16925
../../hasy-data/v2-22559.png,82,\alpha,16925
../../hasy-data/v2-22560.png,82,\alpha,16925
../../hasy-data/v2-22561.png,82,\alpha,16925
../../hasy-data/v2-22562.png,82,\alpha,16925
../../hasy-data/v2-22563.png,82,\alpha,16925
../../hasy-data/v2-22564.png,82,\alpha,16925
../../hasy-data/v2-22565.png,82,\alpha,16925
../../hasy-data/v2-22566.png,82,\alpha,16925
../../hasy-data/v2-22567.png,82,\alpha,16925
../../hasy-data/v2-22568.png,82,\alpha,16925
../../hasy-data/v2-22569.png,82,\alpha,16925
../../hasy-data/v2-22570.png,82,\alpha,16925
../../hasy-data/v2-22571.png,82,\alpha,16925
../../hasy-data/v2-22572.png,82,\alpha,16925
../../hasy-data/v2-22573.png,82,\alpha,16925
../../hasy-data/v2-22574.png,82,\alpha,16925
../../hasy-data/v2-22575.png,82,\alpha,16925
../../hasy-data/v2-22576.png,82,\alpha,16925
../../hasy-data/v2-22577.png,82,\alpha,16925
../../hasy-data/v2-22578.png,82,\alpha,16925
../../hasy-data/v2-22579.png,82,\alpha,16925
../../hasy-data/v2-22580.png,82,\alpha,16925
../../hasy-data/v2-22581.png,82,\alpha,16925
../../hasy-data/v2-22582.png,82,\alpha,16925
../../hasy-data/v2-22583.png,82,\alpha,16925
../../hasy-data/v2-22584.png,82,\alpha,16925
../../hasy-data/v2-22585.png,82,\alpha,16925
../../hasy-data/v2-22586.png,82,\alpha,16925
../../hasy-data/v2-22587.png,82,\alpha,16925
../../hasy-data/v2-22588.png,82,\alpha,16925
../../hasy-data/v2-22589.png,82,\alpha,16925
../../hasy-data/v2-22590.png,82,\alpha,16925
../../hasy-data/v2-22591.png,82,\alpha,16925
../../hasy-data/v2-22592.png,82,\alpha,16925
../../hasy-data/v2-22593.png,82,\alpha,16925
../../hasy-data/v2-22594.png,82,\alpha,16925
../../hasy-data/v2-22595.png,82,\alpha,16925
../../hasy-data/v2-22596.png,82,\alpha,16925
../../hasy-data/v2-22597.png,82,\alpha,16925
../../hasy-data/v2-22598.png,82,\alpha,16925
../../hasy-data/v2-22599.png,82,\alpha,16925
../../hasy-data/v2-22600.png,82,\alpha,16925
../../hasy-data/v2-22601.png,82,\alpha,16925
../../hasy-data/v2-22602.png,82,\alpha,16925
../../hasy-data/v2-22603.png,82,\alpha,16925
../../hasy-data/v2-22604.png,82,\alpha,16925
../../hasy-data/v2-22605.png,82,\alpha,16925
../../hasy-data/v2-22606.png,82,\alpha,16925
../../hasy-data/v2-22607.png,82,\alpha,16925
../../hasy-data/v2-22608.png,82,\alpha,16925
../../hasy-data/v2-22609.png,82,\alpha,16925
../../hasy-data/v2-22610.png,82,\alpha,16925
../../hasy-data/v2-22611.png,82,\alpha,16925
../../hasy-data/v2-22612.png,82,\alpha,16925
../../hasy-data/v2-22613.png,82,\alpha,16925
../../hasy-data/v2-22614.png,82,\alpha,16925
../../hasy-data/v2-22615.png,82,\alpha,16925
../../hasy-data/v2-22616.png,82,\alpha,16925
../../hasy-data/v2-22617.png,82,\alpha,16925
../../hasy-data/v2-22618.png,82,\alpha,16925
../../hasy-data/v2-22619.png,82,\alpha,16925
../../hasy-data/v2-22620.png,82,\alpha,16925
../../hasy-data/v2-22621.png,82,\alpha,16925
../../hasy-data/v2-22622.png,82,\alpha,16925
../../hasy-data/v2-22623.png,82,\alpha,16925
../../hasy-data/v2-22624.png,82,\alpha,16925
../../hasy-data/v2-22625.png,82,\alpha,16925
../../hasy-data/v2-22626.png,82,\alpha,16925
../../hasy-data/v2-22627.png,82,\alpha,16925
../../hasy-data/v2-22628.png,82,\alpha,16925
../../hasy-data/v2-22629.png,82,\alpha,16925
../../hasy-data/v2-22630.png,82,\alpha,16925
../../hasy-data/v2-22631.png,82,\alpha,16925
../../hasy-data/v2-22632.png,82,\alpha,16925
../../hasy-data/v2-22633.png,82,\alpha,16925
../../hasy-data/v2-22634.png,82,\alpha,16925
../../hasy-data/v2-22635.png,82,\alpha,16925
../../hasy-data/v2-22636.png,82,\alpha,16925
../../hasy-data/v2-22637.png,82,\alpha,16925
../../hasy-data/v2-22638.png,82,\alpha,16925
../../hasy-data/v2-22639.png,82,\alpha,16925
../../hasy-data/v2-22640.png,82,\alpha,16925
../../hasy-data/v2-22641.png,82,\alpha,16925
../../hasy-data/v2-22642.png,82,\alpha,16925
../../hasy-data/v2-22643.png,82,\alpha,16925
../../hasy-data/v2-22644.png,82,\alpha,16925
../../hasy-data/v2-22645.png,82,\alpha,16925
../../hasy-data/v2-22646.png,82,\alpha,16925
../../hasy-data/v2-22647.png,82,\alpha,16925
../../hasy-data/v2-22648.png,82,\alpha,16925
../../hasy-data/v2-22649.png,82,\alpha,16925
../../hasy-data/v2-22650.png,82,\alpha,16925
../../hasy-data/v2-22651.png,82,\alpha,16925
../../hasy-data/v2-22652.png,82,\alpha,16925
../../hasy-data/v2-22653.png,82,\alpha,16925
../../hasy-data/v2-22654.png,82,\alpha,16925
../../hasy-data/v2-22655.png,82,\alpha,16925
../../hasy-data/v2-22656.png,82,\alpha,16925
../../hasy-data/v2-22657.png,82,\alpha,16925
../../hasy-data/v2-22658.png,82,\alpha,16925
../../hasy-data/v2-22659.png,82,\alpha,16925
../../hasy-data/v2-22660.png,82,\alpha,16925
../../hasy-data/v2-22661.png,82,\alpha,16925
../../hasy-data/v2-22662.png,82,\alpha,16925
../../hasy-data/v2-22663.png,82,\alpha,16925
../../hasy-data/v2-22664.png,82,\alpha,16925
../../hasy-data/v2-22665.png,82,\alpha,16925
../../hasy-data/v2-22666.png,82,\alpha,16925
../../hasy-data/v2-22667.png,82,\alpha,16925
../../hasy-data/v2-22668.png,82,\alpha,16925
../../hasy-data/v2-22669.png,82,\alpha,16925
../../hasy-data/v2-22670.png,82,\alpha,16925
../../hasy-data/v2-22671.png,82,\alpha,16925
../../hasy-data/v2-22672.png,82,\alpha,16925
../../hasy-data/v2-22673.png,82,\alpha,16925
../../hasy-data/v2-22674.png,82,\alpha,16925
../../hasy-data/v2-22675.png,82,\alpha,16925
../../hasy-data/v2-22676.png,82,\alpha,16925
../../hasy-data/v2-22677.png,82,\alpha,16925
../../hasy-data/v2-22678.png,82,\alpha,16925
../../hasy-data/v2-22679.png,82,\alpha,16925
../../hasy-data/v2-22680.png,82,\alpha,16925
../../hasy-data/v2-22681.png,82,\alpha,16925
../../hasy-data/v2-22682.png,82,\alpha,16925
../../hasy-data/v2-22683.png,82,\alpha,16925
../../hasy-data/v2-22684.png,82,\alpha,16925
../../hasy-data/v2-22685.png,82,\alpha,16925
../../hasy-data/v2-22686.png,82,\alpha,16925
../../hasy-data/v2-22687.png,82,\alpha,16925
../../hasy-data/v2-22688.png,82,\alpha,16925
../../hasy-data/v2-22689.png,82,\alpha,16925
../../hasy-data/v2-22690.png,82,\alpha,16925
../../hasy-data/v2-22691.png,82,\alpha,16925
../../hasy-data/v2-22692.png,82,\alpha,16925
../../hasy-data/v2-22693.png,82,\alpha,16925
../../hasy-data/v2-22694.png,82,\alpha,16925
../../hasy-data/v2-22695.png,82,\alpha,16925
../../hasy-data/v2-22696.png,82,\alpha,16925
../../hasy-data/v2-22697.png,82,\alpha,16925
../../hasy-data/v2-22698.png,82,\alpha,16925
../../hasy-data/v2-22699.png,82,\alpha,16925
../../hasy-data/v2-22700.png,82,\alpha,16925
../../hasy-data/v2-22701.png,82,\alpha,16925
../../hasy-data/v2-22702.png,82,\alpha,16925
../../hasy-data/v2-22703.png,82,\alpha,16925
../../hasy-data/v2-22704.png,82,\alpha,16925
../../hasy-data/v2-22705.png,82,\alpha,16925
../../hasy-data/v2-22706.png,82,\alpha,16925
../../hasy-data/v2-22707.png,82,\alpha,16925
../../hasy-data/v2-22708.png,82,\alpha,16925
../../hasy-data/v2-22709.png,82,\alpha,16925
../../hasy-data/v2-22710.png,82,\alpha,16925
../../hasy-data/v2-22711.png,82,\alpha,16925
../../hasy-data/v2-22712.png,82,\alpha,16925
../../hasy-data/v2-22713.png,82,\alpha,16925
../../hasy-data/v2-22714.png,82,\alpha,16925
../../hasy-data/v2-22715.png,82,\alpha,16925
../../hasy-data/v2-22716.png,82,\alpha,16925
../../hasy-data/v2-22717.png,82,\alpha,16925
../../hasy-data/v2-22718.png,82,\alpha,16925
../../hasy-data/v2-22719.png,82,\alpha,16925
../../hasy-data/v2-22720.png,82,\alpha,16925
../../hasy-data/v2-22721.png,82,\alpha,16925
../../hasy-data/v2-22722.png,82,\alpha,16925
../../hasy-data/v2-22723.png,82,\alpha,16925
../../hasy-data/v2-22724.png,82,\alpha,16925
../../hasy-data/v2-22725.png,82,\alpha,16925
../../hasy-data/v2-22726.png,82,\alpha,16925
../../hasy-data/v2-22727.png,82,\alpha,16925
../../hasy-data/v2-22728.png,82,\alpha,16925
../../hasy-data/v2-22729.png,82,\alpha,16925
../../hasy-data/v2-22730.png,82,\alpha,16925
../../hasy-data/v2-22731.png,82,\alpha,16925
../../hasy-data/v2-22732.png,82,\alpha,16925
../../hasy-data/v2-22733.png,82,\alpha,16925
../../hasy-data/v2-22734.png,82,\alpha,16925
../../hasy-data/v2-22735.png,82,\alpha,16925
../../hasy-data/v2-22736.png,82,\alpha,16925
../../hasy-data/v2-22737.png,82,\alpha,16925
../../hasy-data/v2-22738.png,82,\alpha,16925
../../hasy-data/v2-22739.png,82,\alpha,16925
../../hasy-data/v2-22740.png,82,\alpha,16925
../../hasy-data/v2-22741.png,82,\alpha,16925
../../hasy-data/v2-22742.png,82,\alpha,16925
../../hasy-data/v2-22743.png,82,\alpha,16925
../../hasy-data/v2-22744.png,82,\alpha,16925
../../hasy-data/v2-22745.png,82,\alpha,16925
../../hasy-data/v2-22746.png,82,\alpha,16925
../../hasy-data/v2-22747.png,82,\alpha,16925
../../hasy-data/v2-22748.png,82,\alpha,16925
../../hasy-data/v2-22749.png,82,\alpha,16925
../../hasy-data/v2-22750.png,82,\alpha,16925
../../hasy-data/v2-22751.png,82,\alpha,16925
../../hasy-data/v2-22752.png,82,\alpha,16925
../../hasy-data/v2-22753.png,82,\alpha,16925
../../hasy-data/v2-22754.png,82,\alpha,16925
../../hasy-data/v2-22755.png,82,\alpha,16925
../../hasy-data/v2-22756.png,82,\alpha,16925
../../hasy-data/v2-22757.png,82,\alpha,16925
../../hasy-data/v2-22758.png,82,\alpha,16925
../../hasy-data/v2-22759.png,82,\alpha,16925
../../hasy-data/v2-22760.png,82,\alpha,16925
../../hasy-data/v2-22761.png,82,\alpha,16925
../../hasy-data/v2-22762.png,82,\alpha,16925
../../hasy-data/v2-22763.png,82,\alpha,16925
../../hasy-data/v2-22764.png,82,\alpha,16925
../../hasy-data/v2-22765.png,82,\alpha,16925
../../hasy-data/v2-22766.png,82,\alpha,16925
../../hasy-data/v2-22767.png,82,\alpha,16925
../../hasy-data/v2-22768.png,82,\alpha,16925
../../hasy-data/v2-22769.png,82,\alpha,16925
../../hasy-data/v2-22770.png,82,\alpha,16925
../../hasy-data/v2-22771.png,82,\alpha,16925
../../hasy-data/v2-22772.png,82,\alpha,16925
../../hasy-data/v2-22773.png,82,\alpha,16925
../../hasy-data/v2-22774.png,82,\alpha,16925
../../hasy-data/v2-22775.png,82,\alpha,16925
../../hasy-data/v2-22776.png,82,\alpha,16925
../../hasy-data/v2-22777.png,82,\alpha,16925
../../hasy-data/v2-22778.png,82,\alpha,16925
../../hasy-data/v2-22779.png,82,\alpha,16925
../../hasy-data/v2-22780.png,82,\alpha,16925
../../hasy-data/v2-22781.png,82,\alpha,16925
../../hasy-data/v2-22782.png,82,\alpha,16925
../../hasy-data/v2-22783.png,82,\alpha,16925
../../hasy-data/v2-22784.png,82,\alpha,16925
../../hasy-data/v2-22785.png,82,\alpha,16925
../../hasy-data/v2-22786.png,82,\alpha,16925
../../hasy-data/v2-22787.png,82,\alpha,16925
../../hasy-data/v2-22788.png,82,\alpha,16925
../../hasy-data/v2-22789.png,82,\alpha,16925
../../hasy-data/v2-22790.png,82,\alpha,16925
../../hasy-data/v2-22791.png,82,\alpha,16925
../../hasy-data/v2-22792.png,82,\alpha,16925
../../hasy-data/v2-22793.png,82,\alpha,16925
../../hasy-data/v2-22794.png,82,\alpha,16925
../../hasy-data/v2-22795.png,82,\alpha,16925
../../hasy-data/v2-22796.png,82,\alpha,16925
../../hasy-data/v2-22797.png,82,\alpha,16925
../../hasy-data/v2-22798.png,82,\alpha,16925
../../hasy-data/v2-22799.png,82,\alpha,16925
../../hasy-data/v2-22800.png,82,\alpha,16925
../../hasy-data/v2-22801.png,82,\alpha,16925
../../hasy-data/v2-22802.png,82,\alpha,16925
../../hasy-data/v2-22803.png,82,\alpha,16925
../../hasy-data/v2-22804.png,82,\alpha,16925
../../hasy-data/v2-22805.png,82,\alpha,16925
../../hasy-data/v2-22806.png,82,\alpha,16925
../../hasy-data/v2-22807.png,82,\alpha,16925
../../hasy-data/v2-22808.png,82,\alpha,16925
../../hasy-data/v2-22809.png,82,\alpha,16925
../../hasy-data/v2-22810.png,82,\alpha,16925
../../hasy-data/v2-22811.png,82,\alpha,16925
../../hasy-data/v2-22812.png,82,\alpha,16925
../../hasy-data/v2-22813.png,82,\alpha,16925
../../hasy-data/v2-22814.png,82,\alpha,16925
../../hasy-data/v2-22815.png,82,\alpha,16925
../../hasy-data/v2-22816.png,82,\alpha,16925
../../hasy-data/v2-22817.png,82,\alpha,16925
../../hasy-data/v2-22818.png,82,\alpha,16925
../../hasy-data/v2-22819.png,82,\alpha,16925
../../hasy-data/v2-22820.png,82,\alpha,16925
../../hasy-data/v2-22821.png,82,\alpha,16925
../../hasy-data/v2-22822.png,82,\alpha,16925
../../hasy-data/v2-22823.png,82,\alpha,16925
../../hasy-data/v2-22824.png,82,\alpha,16925
../../hasy-data/v2-22825.png,82,\alpha,16925
../../hasy-data/v2-22826.png,82,\alpha,16925
../../hasy-data/v2-22827.png,82,\alpha,16925
../../hasy-data/v2-22828.png,82,\alpha,16925
../../hasy-data/v2-22829.png,82,\alpha,16925
../../hasy-data/v2-22830.png,82,\alpha,16925
../../hasy-data/v2-22831.png,82,\alpha,16925
../../hasy-data/v2-22832.png,82,\alpha,16925
../../hasy-data/v2-22833.png,82,\alpha,16925
../../hasy-data/v2-22834.png,82,\alpha,16925
../../hasy-data/v2-22835.png,82,\alpha,16925
../../hasy-data/v2-22836.png,82,\alpha,16925
../../hasy-data/v2-22837.png,82,\alpha,16925
../../hasy-data/v2-22838.png,82,\alpha,16925
../../hasy-data/v2-22839.png,82,\alpha,16925
../../hasy-data/v2-22840.png,82,\alpha,16925
../../hasy-data/v2-22841.png,82,\alpha,16925
../../hasy-data/v2-22842.png,82,\alpha,16925
../../hasy-data/v2-22843.png,82,\alpha,16925
../../hasy-data/v2-22844.png,82,\alpha,16925
../../hasy-data/v2-22845.png,82,\alpha,16925
../../hasy-data/v2-22846.png,82,\alpha,16925
../../hasy-data/v2-22847.png,82,\alpha,16925
../../hasy-data/v2-22848.png,82,\alpha,16925
../../hasy-data/v2-22849.png,82,\alpha,16925
../../hasy-data/v2-22850.png,82,\alpha,16925
../../hasy-data/v2-22851.png,82,\alpha,16925
../../hasy-data/v2-22852.png,82,\alpha,16925
../../hasy-data/v2-22853.png,82,\alpha,16925
../../hasy-data/v2-22854.png,82,\alpha,16925
../../hasy-data/v2-22855.png,82,\alpha,16925
../../hasy-data/v2-22856.png,82,\alpha,16925
../../hasy-data/v2-22857.png,82,\alpha,16925
../../hasy-data/v2-22858.png,82,\alpha,16925
../../hasy-data/v2-22859.png,82,\alpha,16925
../../hasy-data/v2-22860.png,82,\alpha,16925
../../hasy-data/v2-22861.png,82,\alpha,16925
../../hasy-data/v2-22862.png,82,\alpha,16925
../../hasy-data/v2-22863.png,82,\alpha,16925
../../hasy-data/v2-22864.png,82,\alpha,16925
../../hasy-data/v2-22865.png,82,\alpha,16925
../../hasy-data/v2-22866.png,82,\alpha,16925
../../hasy-data/v2-22867.png,82,\alpha,16925
../../hasy-data/v2-22868.png,82,\alpha,16925
../../hasy-data/v2-22869.png,82,\alpha,16925
../../hasy-data/v2-22870.png,82,\alpha,16925
../../hasy-data/v2-22871.png,82,\alpha,16925
../../hasy-data/v2-22872.png,82,\alpha,16925
../../hasy-data/v2-22873.png,82,\alpha,16925
../../hasy-data/v2-22874.png,82,\alpha,16925
../../hasy-data/v2-22875.png,82,\alpha,16925
../../hasy-data/v2-22876.png,82,\alpha,16925
../../hasy-data/v2-22877.png,82,\alpha,16925
../../hasy-data/v2-22878.png,82,\alpha,17057
../../hasy-data/v2-22879.png,82,\alpha,16925
../../hasy-data/v2-22880.png,82,\alpha,16925
../../hasy-data/v2-22881.png,82,\alpha,16925
../../hasy-data/v2-22882.png,82,\alpha,16925
../../hasy-data/v2-22883.png,82,\alpha,16925
../../hasy-data/v2-22884.png,82,\alpha,16925
../../hasy-data/v2-22885.png,82,\alpha,16925
../../hasy-data/v2-22886.png,82,\alpha,16925
../../hasy-data/v2-22887.png,82,\alpha,16925
../../hasy-data/v2-22888.png,82,\alpha,16925
../../hasy-data/v2-22889.png,82,\alpha,16925
../../hasy-data/v2-22890.png,82,\alpha,16925
../../hasy-data/v2-22891.png,82,\alpha,16925
../../hasy-data/v2-22892.png,82,\alpha,16925
../../hasy-data/v2-22893.png,82,\alpha,16925
../../hasy-data/v2-22894.png,82,\alpha,16925
../../hasy-data/v2-22895.png,82,\alpha,16925
../../hasy-data/v2-22896.png,82,\alpha,16925
../../hasy-data/v2-22897.png,82,\alpha,16925
../../hasy-data/v2-22898.png,82,\alpha,16925
../../hasy-data/v2-22899.png,82,\alpha,16925
../../hasy-data/v2-22900.png,82,\alpha,16925
../../hasy-data/v2-22901.png,82,\alpha,16925
../../hasy-data/v2-22902.png,82,\alpha,16925
../../hasy-data/v2-22903.png,82,\alpha,16925
../../hasy-data/v2-22904.png,82,\alpha,16925
../../hasy-data/v2-22905.png,82,\alpha,16925
../../hasy-data/v2-22906.png,82,\alpha,16925
../../hasy-data/v2-22907.png,82,\alpha,16925
../../hasy-data/v2-22908.png,82,\alpha,16925
../../hasy-data/v2-22909.png,82,\alpha,16925
../../hasy-data/v2-22910.png,82,\alpha,16925
../../hasy-data/v2-22911.png,82,\alpha,16925
../../hasy-data/v2-22912.png,82,\alpha,16925
../../hasy-data/v2-22913.png,82,\alpha,16925
../../hasy-data/v2-22914.png,82,\alpha,16925
../../hasy-data/v2-22915.png,82,\alpha,16925
../../hasy-data/v2-22916.png,82,\alpha,16925
../../hasy-data/v2-22917.png,82,\alpha,16925
../../hasy-data/v2-22918.png,82,\alpha,16925
../../hasy-data/v2-22919.png,82,\alpha,16925
../../hasy-data/v2-22920.png,82,\alpha,16925
../../hasy-data/v2-22921.png,82,\alpha,16925
../../hasy-data/v2-22922.png,82,\alpha,16925
../../hasy-data/v2-22923.png,82,\alpha,16925
../../hasy-data/v2-22924.png,82,\alpha,16925
../../hasy-data/v2-22925.png,82,\alpha,16925
../../hasy-data/v2-22926.png,82,\alpha,16925
../../hasy-data/v2-22927.png,82,\alpha,16925
../../hasy-data/v2-22928.png,82,\alpha,16925
../../hasy-data/v2-22929.png,82,\alpha,16925
../../hasy-data/v2-22930.png,82,\alpha,16925
../../hasy-data/v2-22931.png,82,\alpha,16925
../../hasy-data/v2-22932.png,82,\alpha,16925
../../hasy-data/v2-22933.png,82,\alpha,16925
../../hasy-data/v2-22934.png,82,\alpha,16925
../../hasy-data/v2-22935.png,82,\alpha,16925
../../hasy-data/v2-22936.png,82,\alpha,16925
../../hasy-data/v2-22937.png,82,\alpha,16925
../../hasy-data/v2-22938.png,82,\alpha,16925
../../hasy-data/v2-22939.png,82,\alpha,16925
../../hasy-data/v2-22940.png,82,\alpha,16925
../../hasy-data/v2-22941.png,82,\alpha,16925
../../hasy-data/v2-22942.png,82,\alpha,16925
../../hasy-data/v2-22943.png,82,\alpha,16925
../../hasy-data/v2-22944.png,82,\alpha,16925
../../hasy-data/v2-22945.png,82,\alpha,16925
../../hasy-data/v2-22946.png,82,\alpha,16925
../../hasy-data/v2-22947.png,82,\alpha,16925
../../hasy-data/v2-22948.png,82,\alpha,16925
../../hasy-data/v2-22949.png,82,\alpha,16925
../../hasy-data/v2-22950.png,82,\alpha,16925
../../hasy-data/v2-22951.png,82,\alpha,16925
../../hasy-data/v2-22952.png,82,\alpha,16925
../../hasy-data/v2-22953.png,82,\alpha,16925
../../hasy-data/v2-22954.png,82,\alpha,16925
../../hasy-data/v2-22955.png,82,\alpha,16925
../../hasy-data/v2-22956.png,82,\alpha,16925
../../hasy-data/v2-22957.png,82,\alpha,16925
../../hasy-data/v2-22958.png,82,\alpha,16925
../../hasy-data/v2-22959.png,82,\alpha,16925
../../hasy-data/v2-22960.png,82,\alpha,16925
../../hasy-data/v2-22961.png,82,\alpha,16925
../../hasy-data/v2-22962.png,82,\alpha,16925
../../hasy-data/v2-22963.png,82,\alpha,16925
../../hasy-data/v2-22964.png,82,\alpha,16925
../../hasy-data/v2-22965.png,82,\alpha,16925
../../hasy-data/v2-22966.png,82,\alpha,16925
../../hasy-data/v2-22967.png,82,\alpha,16925
../../hasy-data/v2-22968.png,82,\alpha,16925
../../hasy-data/v2-22969.png,82,\alpha,16925
../../hasy-data/v2-22970.png,82,\alpha,16925
../../hasy-data/v2-22971.png,82,\alpha,16925
../../hasy-data/v2-22972.png,82,\alpha,16925
../../hasy-data/v2-22973.png,82,\alpha,16925
../../hasy-data/v2-22974.png,82,\alpha,16925
../../hasy-data/v2-22975.png,82,\alpha,16925
../../hasy-data/v2-22976.png,82,\alpha,16925
../../hasy-data/v2-22977.png,82,\alpha,16925
../../hasy-data/v2-22978.png,82,\alpha,16925
../../hasy-data/v2-22979.png,82,\alpha,16925
../../hasy-data/v2-22980.png,82,\alpha,16925
../../hasy-data/v2-22981.png,82,\alpha,16925
../../hasy-data/v2-22982.png,82,\alpha,16925
../../hasy-data/v2-22983.png,82,\alpha,16925
../../hasy-data/v2-22984.png,82,\alpha,16925
../../hasy-data/v2-22985.png,82,\alpha,16925
../../hasy-data/v2-22986.png,82,\alpha,16925
../../hasy-data/v2-22987.png,82,\alpha,16925
../../hasy-data/v2-22988.png,82,\alpha,16925
../../hasy-data/v2-22989.png,82,\alpha,16925
../../hasy-data/v2-22990.png,82,\alpha,16925
../../hasy-data/v2-22991.png,82,\alpha,16925
../../hasy-data/v2-22992.png,82,\alpha,16925
../../hasy-data/v2-22993.png,82,\alpha,16925
../../hasy-data/v2-22994.png,82,\alpha,16925
../../hasy-data/v2-22995.png,82,\alpha,16925
../../hasy-data/v2-22996.png,82,\alpha,16925
../../hasy-data/v2-22997.png,82,\alpha,16925
../../hasy-data/v2-22998.png,82,\alpha,16925
../../hasy-data/v2-22999.png,82,\alpha,16925
../../hasy-data/v2-23000.png,82,\alpha,16925
../../hasy-data/v2-23001.png,82,\alpha,16925
../../hasy-data/v2-23002.png,82,\alpha,16925
../../hasy-data/v2-23003.png,82,\alpha,16925
../../hasy-data/v2-23004.png,82,\alpha,16925
../../hasy-data/v2-23005.png,82,\alpha,16925
../../hasy-data/v2-23006.png,82,\alpha,16925
../../hasy-data/v2-23007.png,82,\alpha,16925
../../hasy-data/v2-23008.png,82,\alpha,16925
../../hasy-data/v2-23009.png,82,\alpha,16925
../../hasy-data/v2-23010.png,82,\alpha,16925
../../hasy-data/v2-23011.png,82,\alpha,16925
../../hasy-data/v2-23012.png,82,\alpha,16925
../../hasy-data/v2-23013.png,82,\alpha,16925
../../hasy-data/v2-23014.png,82,\alpha,16925
../../hasy-data/v2-23015.png,82,\alpha,16925
../../hasy-data/v2-23016.png,82,\alpha,16925
../../hasy-data/v2-23017.png,82,\alpha,16925
../../hasy-data/v2-23018.png,82,\alpha,16925
../../hasy-data/v2-23019.png,82,\alpha,16925
../../hasy-data/v2-23020.png,82,\alpha,16925
../../hasy-data/v2-23021.png,82,\alpha,16925
../../hasy-data/v2-23022.png,82,\alpha,16925
../../hasy-data/v2-23023.png,82,\alpha,16925
../../hasy-data/v2-23024.png,82,\alpha,16925
../../hasy-data/v2-23025.png,82,\alpha,16925
../../hasy-data/v2-23026.png,82,\alpha,16925
../../hasy-data/v2-23027.png,82,\alpha,16925
../../hasy-data/v2-23028.png,82,\alpha,16925
../../hasy-data/v2-23029.png,82,\alpha,16925
../../hasy-data/v2-23030.png,82,\alpha,16925
../../hasy-data/v2-23031.png,82,\alpha,16925
../../hasy-data/v2-23032.png,82,\alpha,16925
../../hasy-data/v2-23033.png,82,\alpha,16925
../../hasy-data/v2-23034.png,82,\alpha,16925
../../hasy-data/v2-23035.png,82,\alpha,16925
../../hasy-data/v2-23036.png,82,\alpha,16925
../../hasy-data/v2-23037.png,82,\alpha,16925
../../hasy-data/v2-23038.png,82,\alpha,16925
../../hasy-data/v2-23039.png,82,\alpha,16925
../../hasy-data/v2-23040.png,82,\alpha,16925
../../hasy-data/v2-23041.png,82,\alpha,16925
../../hasy-data/v2-23042.png,82,\alpha,16925
../../hasy-data/v2-23043.png,82,\alpha,16925
../../hasy-data/v2-23044.png,82,\alpha,16925
../../hasy-data/v2-23045.png,82,\alpha,16925
../../hasy-data/v2-23046.png,82,\alpha,16925
../../hasy-data/v2-23047.png,82,\alpha,16925
../../hasy-data/v2-23048.png,82,\alpha,16925
../../hasy-data/v2-23049.png,82,\alpha,16925
../../hasy-data/v2-23050.png,82,\alpha,16925
../../hasy-data/v2-23051.png,82,\alpha,16925
../../hasy-data/v2-23052.png,82,\alpha,16925
../../hasy-data/v2-23053.png,82,\alpha,16925
../../hasy-data/v2-23054.png,82,\alpha,16925
../../hasy-data/v2-23055.png,82,\alpha,16925
../../hasy-data/v2-23056.png,82,\alpha,16925
../../hasy-data/v2-23057.png,82,\alpha,16925
../../hasy-data/v2-23058.png,82,\alpha,16925
../../hasy-data/v2-23059.png,82,\alpha,16925
../../hasy-data/v2-23060.png,82,\alpha,16925
../../hasy-data/v2-23061.png,82,\alpha,16925
../../hasy-data/v2-23062.png,82,\alpha,16925
../../hasy-data/v2-23063.png,82,\alpha,16925
../../hasy-data/v2-23064.png,82,\alpha,16925
../../hasy-data/v2-23065.png,82,\alpha,16925
../../hasy-data/v2-23066.png,82,\alpha,16925
../../hasy-data/v2-23067.png,82,\alpha,16925
../../hasy-data/v2-23068.png,82,\alpha,16925
../../hasy-data/v2-23069.png,82,\alpha,16925
../../hasy-data/v2-23070.png,82,\alpha,16925
../../hasy-data/v2-23071.png,82,\alpha,16925
../../hasy-data/v2-23072.png,82,\alpha,16925
../../hasy-data/v2-23073.png,82,\alpha,16925
../../hasy-data/v2-23074.png,82,\alpha,16925
../../hasy-data/v2-23075.png,82,\alpha,16925
../../hasy-data/v2-23076.png,82,\alpha,16925
../../hasy-data/v2-23077.png,82,\alpha,16925
../../hasy-data/v2-23078.png,82,\alpha,16925
../../hasy-data/v2-23079.png,82,\alpha,16925
../../hasy-data/v2-23080.png,82,\alpha,16925
../../hasy-data/v2-23081.png,82,\alpha,16925
../../hasy-data/v2-23082.png,82,\alpha,16925
../../hasy-data/v2-23083.png,82,\alpha,16925
../../hasy-data/v2-23084.png,82,\alpha,16925
../../hasy-data/v2-23085.png,82,\alpha,16925
../../hasy-data/v2-23086.png,82,\alpha,16925
../../hasy-data/v2-23087.png,82,\alpha,16925
../../hasy-data/v2-23088.png,82,\alpha,16925
../../hasy-data/v2-23089.png,82,\alpha,16925
../../hasy-data/v2-23090.png,82,\alpha,16925
../../hasy-data/v2-23091.png,82,\alpha,16925
../../hasy-data/v2-23092.png,82,\alpha,16925
../../hasy-data/v2-23093.png,82,\alpha,16925
../../hasy-data/v2-23094.png,82,\alpha,16925
../../hasy-data/v2-23095.png,82,\alpha,16925
../../hasy-data/v2-23096.png,82,\alpha,16925
../../hasy-data/v2-23097.png,82,\alpha,16925
../../hasy-data/v2-23098.png,82,\alpha,16925
../../hasy-data/v2-23099.png,82,\alpha,16925
../../hasy-data/v2-23100.png,82,\alpha,16925
../../hasy-data/v2-23101.png,82,\alpha,16925
../../hasy-data/v2-23102.png,82,\alpha,16925
../../hasy-data/v2-23103.png,82,\alpha,16925
../../hasy-data/v2-23104.png,82,\alpha,16925
../../hasy-data/v2-23105.png,82,\alpha,16925
../../hasy-data/v2-23106.png,82,\alpha,16925
../../hasy-data/v2-23107.png,82,\alpha,16925
../../hasy-data/v2-23108.png,82,\alpha,16925
../../hasy-data/v2-23109.png,82,\alpha,16925
../../hasy-data/v2-23110.png,82,\alpha,16925
../../hasy-data/v2-23111.png,82,\alpha,16925
../../hasy-data/v2-23112.png,82,\alpha,16925
../../hasy-data/v2-23113.png,82,\alpha,16925
../../hasy-data/v2-23114.png,82,\alpha,16925
../../hasy-data/v2-23115.png,82,\alpha,16925
../../hasy-data/v2-23116.png,82,\alpha,16925
../../hasy-data/v2-23117.png,82,\alpha,16925
../../hasy-data/v2-23118.png,82,\alpha,16925
../../hasy-data/v2-23119.png,82,\alpha,16925
../../hasy-data/v2-23120.png,82,\alpha,16925
../../hasy-data/v2-23121.png,82,\alpha,16925
../../hasy-data/v2-23122.png,82,\alpha,16925
../../hasy-data/v2-23123.png,82,\alpha,16925
../../hasy-data/v2-23124.png,82,\alpha,16925
../../hasy-data/v2-23125.png,82,\alpha,16925
../../hasy-data/v2-23126.png,82,\alpha,16925
../../hasy-data/v2-23127.png,82,\alpha,16925
../../hasy-data/v2-23128.png,82,\alpha,16925
../../hasy-data/v2-23129.png,82,\alpha,16925
../../hasy-data/v2-23130.png,82,\alpha,16925
../../hasy-data/v2-23131.png,82,\alpha,16925
../../hasy-data/v2-23132.png,82,\alpha,16925
../../hasy-data/v2-23133.png,82,\alpha,16925
../../hasy-data/v2-23134.png,82,\alpha,16925
../../hasy-data/v2-23135.png,82,\alpha,16925
../../hasy-data/v2-23136.png,82,\alpha,16925
../../hasy-data/v2-23137.png,82,\alpha,16925
../../hasy-data/v2-23138.png,82,\alpha,16925
../../hasy-data/v2-23139.png,82,\alpha,16925
../../hasy-data/v2-23140.png,82,\alpha,16925
../../hasy-data/v2-23141.png,82,\alpha,16925
../../hasy-data/v2-23142.png,82,\alpha,16925
../../hasy-data/v2-23143.png,82,\alpha,16925
../../hasy-data/v2-23144.png,82,\alpha,16925
../../hasy-data/v2-23145.png,82,\alpha,16925
../../hasy-data/v2-23146.png,82,\alpha,16925
../../hasy-data/v2-23147.png,82,\alpha,16925
../../hasy-data/v2-23148.png,82,\alpha,16925
../../hasy-data/v2-23149.png,82,\alpha,16925
../../hasy-data/v2-23150.png,82,\alpha,16925
../../hasy-data/v2-23151.png,82,\alpha,16925
../../hasy-data/v2-23152.png,82,\alpha,16925
../../hasy-data/v2-23153.png,82,\alpha,16925
../../hasy-data/v2-23154.png,82,\alpha,16925
../../hasy-data/v2-23155.png,82,\alpha,16925
../../hasy-data/v2-23156.png,82,\alpha,16925
../../hasy-data/v2-23157.png,82,\alpha,16925
../../hasy-data/v2-23158.png,82,\alpha,16925
../../hasy-data/v2-23159.png,82,\alpha,16925
../../hasy-data/v2-23160.png,82,\alpha,16925
../../hasy-data/v2-23161.png,82,\alpha,16925
../../hasy-data/v2-23162.png,82,\alpha,16925
../../hasy-data/v2-23163.png,82,\alpha,16925
../../hasy-data/v2-23164.png,82,\alpha,16925
../../hasy-data/v2-23165.png,82,\alpha,16925
../../hasy-data/v2-23166.png,82,\alpha,16925
../../hasy-data/v2-23167.png,82,\alpha,16925
../../hasy-data/v2-23168.png,82,\alpha,16925
../../hasy-data/v2-23169.png,82,\alpha,16925
../../hasy-data/v2-23170.png,82,\alpha,16925
../../hasy-data/v2-23171.png,82,\alpha,16925
../../hasy-data/v2-23172.png,82,\alpha,16925
../../hasy-data/v2-23173.png,82,\alpha,16925
../../hasy-data/v2-23174.png,82,\alpha,16925
../../hasy-data/v2-23175.png,82,\alpha,16925
../../hasy-data/v2-23176.png,82,\alpha,16925
../../hasy-data/v2-23177.png,82,\alpha,16925
../../hasy-data/v2-23178.png,82,\alpha,16925
../../hasy-data/v2-23179.png,82,\alpha,16925
../../hasy-data/v2-23180.png,82,\alpha,16925
../../hasy-data/v2-23181.png,82,\alpha,16925
../../hasy-data/v2-23182.png,82,\alpha,16925
../../hasy-data/v2-23183.png,82,\alpha,16925
../../hasy-data/v2-23184.png,82,\alpha,16925
../../hasy-data/v2-23185.png,82,\alpha,16925
../../hasy-data/v2-23186.png,82,\alpha,16925
../../hasy-data/v2-23187.png,82,\alpha,16925
../../hasy-data/v2-23188.png,82,\alpha,16925
../../hasy-data/v2-23189.png,82,\alpha,16925
../../hasy-data/v2-23190.png,82,\alpha,16925
../../hasy-data/v2-23191.png,82,\alpha,16925
../../hasy-data/v2-23192.png,82,\alpha,16925
../../hasy-data/v2-23193.png,82,\alpha,16925
../../hasy-data/v2-23194.png,82,\alpha,16925
../../hasy-data/v2-23195.png,82,\alpha,16925
../../hasy-data/v2-23196.png,82,\alpha,16925
../../hasy-data/v2-23197.png,82,\alpha,16925
../../hasy-data/v2-23198.png,82,\alpha,16925
../../hasy-data/v2-23199.png,82,\alpha,16925
../../hasy-data/v2-23200.png,82,\alpha,16925
../../hasy-data/v2-23201.png,82,\alpha,16925
../../hasy-data/v2-23202.png,82,\alpha,16925
../../hasy-data/v2-23203.png,82,\alpha,16925
../../hasy-data/v2-23204.png,82,\alpha,16925
../../hasy-data/v2-23205.png,82,\alpha,16925
../../hasy-data/v2-23206.png,82,\alpha,16925
../../hasy-data/v2-23207.png,82,\alpha,16925
../../hasy-data/v2-23208.png,82,\alpha,16925
../../hasy-data/v2-23209.png,82,\alpha,16925
../../hasy-data/v2-23210.png,82,\alpha,16925
../../hasy-data/v2-23211.png,82,\alpha,16925
../../hasy-data/v2-23212.png,82,\alpha,16925
../../hasy-data/v2-23213.png,82,\alpha,16925
../../hasy-data/v2-23214.png,82,\alpha,16925
../../hasy-data/v2-23215.png,82,\alpha,16925
../../hasy-data/v2-23216.png,82,\alpha,16925
../../hasy-data/v2-23217.png,82,\alpha,16925
../../hasy-data/v2-23218.png,82,\alpha,16925
../../hasy-data/v2-23219.png,82,\alpha,16925
../../hasy-data/v2-23220.png,82,\alpha,16925
../../hasy-data/v2-23221.png,82,\alpha,16925
../../hasy-data/v2-23222.png,82,\alpha,16925
../../hasy-data/v2-23223.png,82,\alpha,16925
../../hasy-data/v2-23224.png,82,\alpha,16925
../../hasy-data/v2-23225.png,82,\alpha,16925
../../hasy-data/v2-23226.png,82,\alpha,16925
../../hasy-data/v2-23227.png,82,\alpha,16925
../../hasy-data/v2-23228.png,82,\alpha,16925
../../hasy-data/v2-23229.png,82,\alpha,16925
../../hasy-data/v2-23230.png,82,\alpha,16925
../../hasy-data/v2-23231.png,82,\alpha,16925
../../hasy-data/v2-23232.png,82,\alpha,16925
../../hasy-data/v2-23233.png,82,\alpha,16925
../../hasy-data/v2-23234.png,82,\alpha,16925
../../hasy-data/v2-23235.png,82,\alpha,16925
../../hasy-data/v2-23236.png,82,\alpha,16925
../../hasy-data/v2-23237.png,82,\alpha,16925
../../hasy-data/v2-23238.png,82,\alpha,16925
../../hasy-data/v2-23239.png,82,\alpha,16925
../../hasy-data/v2-23240.png,82,\alpha,16925
../../hasy-data/v2-23241.png,82,\alpha,16925
../../hasy-data/v2-23242.png,82,\alpha,16925
../../hasy-data/v2-23243.png,82,\alpha,16925
../../hasy-data/v2-23244.png,82,\alpha,16925
../../hasy-data/v2-23245.png,82,\alpha,16925
../../hasy-data/v2-23246.png,82,\alpha,16925
../../hasy-data/v2-23247.png,82,\alpha,16925
../../hasy-data/v2-23248.png,82,\alpha,16925
../../hasy-data/v2-23249.png,82,\alpha,16925
../../hasy-data/v2-23250.png,82,\alpha,16925
../../hasy-data/v2-23251.png,82,\alpha,16925
../../hasy-data/v2-23252.png,82,\alpha,16925
../../hasy-data/v2-23253.png,82,\alpha,16925
../../hasy-data/v2-23254.png,82,\alpha,16925
../../hasy-data/v2-23255.png,82,\alpha,16925
../../hasy-data/v2-23256.png,82,\alpha,16925
../../hasy-data/v2-23257.png,82,\alpha,16925
../../hasy-data/v2-23258.png,82,\alpha,16925
../../hasy-data/v2-23259.png,82,\alpha,16925
../../hasy-data/v2-23260.png,82,\alpha,16925
../../hasy-data/v2-23261.png,82,\alpha,16925
../../hasy-data/v2-23262.png,82,\alpha,16925
../../hasy-data/v2-23263.png,82,\alpha,16925
../../hasy-data/v2-23264.png,82,\alpha,16925
../../hasy-data/v2-23265.png,82,\alpha,16925
../../hasy-data/v2-23266.png,82,\alpha,16925
../../hasy-data/v2-23267.png,82,\alpha,16925
../../hasy-data/v2-23268.png,82,\alpha,16925
../../hasy-data/v2-23269.png,82,\alpha,16925
../../hasy-data/v2-23270.png,82,\alpha,16925
../../hasy-data/v2-23271.png,82,\alpha,16925
../../hasy-data/v2-23272.png,82,\alpha,16925
../../hasy-data/v2-23273.png,82,\alpha,16925
../../hasy-data/v2-23274.png,82,\alpha,16925
../../hasy-data/v2-23275.png,82,\alpha,16925
../../hasy-data/v2-23276.png,82,\alpha,16925
../../hasy-data/v2-23277.png,82,\alpha,16925
../../hasy-data/v2-23278.png,82,\alpha,16925
../../hasy-data/v2-23279.png,82,\alpha,16925
../../hasy-data/v2-23280.png,82,\alpha,16925
../../hasy-data/v2-23281.png,82,\alpha,16925
../../hasy-data/v2-23282.png,82,\alpha,16925
../../hasy-data/v2-23283.png,82,\alpha,16925
../../hasy-data/v2-23284.png,82,\alpha,16925
../../hasy-data/v2-23285.png,82,\alpha,16925
../../hasy-data/v2-23286.png,82,\alpha,16925
../../hasy-data/v2-23287.png,82,\alpha,16925
../../hasy-data/v2-23288.png,82,\alpha,16925
../../hasy-data/v2-23289.png,82,\alpha,16925
../../hasy-data/v2-23290.png,82,\alpha,16925
../../hasy-data/v2-23291.png,82,\alpha,16925
../../hasy-data/v2-23292.png,82,\alpha,16925
../../hasy-data/v2-23293.png,82,\alpha,16925
../../hasy-data/v2-23294.png,82,\alpha,16925
../../hasy-data/v2-23295.png,82,\alpha,16925
../../hasy-data/v2-23296.png,82,\alpha,16925
../../hasy-data/v2-23297.png,82,\alpha,16925
../../hasy-data/v2-23298.png,82,\alpha,16925
../../hasy-data/v2-23299.png,82,\alpha,16925
../../hasy-data/v2-23300.png,82,\alpha,16925
../../hasy-data/v2-23301.png,82,\alpha,16925
../../hasy-data/v2-23302.png,82,\alpha,16925
../../hasy-data/v2-23303.png,82,\alpha,16925
../../hasy-data/v2-23304.png,82,\alpha,16925
../../hasy-data/v2-23305.png,82,\alpha,16925
../../hasy-data/v2-23306.png,82,\alpha,16925
../../hasy-data/v2-23307.png,82,\alpha,16925
../../hasy-data/v2-23308.png,82,\alpha,16925
../../hasy-data/v2-23309.png,82,\alpha,16925
../../hasy-data/v2-23310.png,82,\alpha,16925
../../hasy-data/v2-23311.png,82,\alpha,16925
../../hasy-data/v2-23312.png,82,\alpha,16925
../../hasy-data/v2-23313.png,82,\alpha,16925
../../hasy-data/v2-23314.png,82,\alpha,16925
../../hasy-data/v2-23315.png,82,\alpha,16925
../../hasy-data/v2-23316.png,82,\alpha,16925
../../hasy-data/v2-23317.png,82,\alpha,16925
../../hasy-data/v2-23318.png,82,\alpha,16925
../../hasy-data/v2-23319.png,82,\alpha,16925
../../hasy-data/v2-23320.png,82,\alpha,16925
../../hasy-data/v2-23321.png,82,\alpha,16925
../../hasy-data/v2-23322.png,82,\alpha,16925
../../hasy-data/v2-23323.png,82,\alpha,16925
../../hasy-data/v2-23324.png,82,\alpha,16925
../../hasy-data/v2-23325.png,82,\alpha,16925
../../hasy-data/v2-23326.png,82,\alpha,16925
../../hasy-data/v2-23327.png,82,\alpha,16925
../../hasy-data/v2-23328.png,82,\alpha,16925
../../hasy-data/v2-23329.png,82,\alpha,16925
../../hasy-data/v2-23330.png,82,\alpha,16925
../../hasy-data/v2-23331.png,82,\alpha,16925
../../hasy-data/v2-23332.png,82,\alpha,16925
../../hasy-data/v2-23333.png,82,\alpha,16925
../../hasy-data/v2-23334.png,82,\alpha,16925
../../hasy-data/v2-23335.png,82,\alpha,16925
../../hasy-data/v2-23336.png,82,\alpha,16925
../../hasy-data/v2-23337.png,82,\alpha,16925
../../hasy-data/v2-23338.png,82,\alpha,16925
../../hasy-data/v2-23339.png,82,\alpha,16925
../../hasy-data/v2-23340.png,82,\alpha,16925
../../hasy-data/v2-23341.png,82,\alpha,16925
../../hasy-data/v2-23342.png,82,\alpha,16925
../../hasy-data/v2-23343.png,82,\alpha,16925
../../hasy-data/v2-23344.png,82,\alpha,16925
../../hasy-data/v2-23345.png,82,\alpha,16925
../../hasy-data/v2-23346.png,82,\alpha,16925
../../hasy-data/v2-23347.png,82,\alpha,16925
../../hasy-data/v2-23348.png,82,\alpha,16925
../../hasy-data/v2-23349.png,82,\alpha,16925
../../hasy-data/v2-23350.png,82,\alpha,16925
../../hasy-data/v2-23351.png,82,\alpha,16925
../../hasy-data/v2-23352.png,82,\alpha,16925
../../hasy-data/v2-23353.png,82,\alpha,16925
../../hasy-data/v2-23354.png,82,\alpha,16925
../../hasy-data/v2-23355.png,82,\alpha,16925
../../hasy-data/v2-23356.png,82,\alpha,16925
../../hasy-data/v2-23357.png,82,\alpha,16925
../../hasy-data/v2-23358.png,82,\alpha,16925
../../hasy-data/v2-23359.png,82,\alpha,16925
../../hasy-data/v2-23360.png,82,\alpha,16925
../../hasy-data/v2-23361.png,82,\alpha,16925
../../hasy-data/v2-23362.png,82,\alpha,16925
../../hasy-data/v2-23363.png,82,\alpha,16925
../../hasy-data/v2-23364.png,82,\alpha,16925
../../hasy-data/v2-23365.png,82,\alpha,16925
../../hasy-data/v2-23366.png,82,\alpha,16925
../../hasy-data/v2-23367.png,82,\alpha,16925
../../hasy-data/v2-23368.png,82,\alpha,16925
../../hasy-data/v2-23369.png,82,\alpha,16925
../../hasy-data/v2-23370.png,82,\alpha,16925
../../hasy-data/v2-23371.png,82,\alpha,16925
../../hasy-data/v2-23372.png,82,\alpha,16925
../../hasy-data/v2-23373.png,82,\alpha,16925
../../hasy-data/v2-23374.png,82,\alpha,16925
../../hasy-data/v2-23375.png,82,\alpha,16925
../../hasy-data/v2-23376.png,82,\alpha,16925
../../hasy-data/v2-23377.png,82,\alpha,16925
../../hasy-data/v2-23378.png,82,\alpha,16925
../../hasy-data/v2-23379.png,82,\alpha,16925
../../hasy-data/v2-23380.png,82,\alpha,16925
../../hasy-data/v2-23381.png,82,\alpha,16925
../../hasy-data/v2-23382.png,82,\alpha,16925
../../hasy-data/v2-23383.png,82,\alpha,16925
../../hasy-data/v2-23384.png,82,\alpha,16925
../../hasy-data/v2-23385.png,82,\alpha,16925
../../hasy-data/v2-23386.png,82,\alpha,16925
../../hasy-data/v2-23387.png,82,\alpha,16925
../../hasy-data/v2-23388.png,82,\alpha,16925
../../hasy-data/v2-23389.png,82,\alpha,16925
../../hasy-data/v2-23390.png,82,\alpha,16925
../../hasy-data/v2-23391.png,82,\alpha,16925
../../hasy-data/v2-23392.png,82,\alpha,16925
../../hasy-data/v2-23393.png,82,\alpha,16925
../../hasy-data/v2-23394.png,82,\alpha,16925
../../hasy-data/v2-23395.png,82,\alpha,16925
../../hasy-data/v2-23396.png,82,\alpha,16925
../../hasy-data/v2-23397.png,82,\alpha,16925
../../hasy-data/v2-23398.png,82,\alpha,16925
../../hasy-data/v2-23399.png,82,\alpha,16925
../../hasy-data/v2-23400.png,82,\alpha,16925
../../hasy-data/v2-23401.png,82,\alpha,16925
../../hasy-data/v2-23402.png,82,\alpha,16925
../../hasy-data/v2-23403.png,82,\alpha,16925
../../hasy-data/v2-23404.png,82,\alpha,16925
../../hasy-data/v2-23405.png,82,\alpha,16925
../../hasy-data/v2-23406.png,82,\alpha,16925
../../hasy-data/v2-23407.png,82,\alpha,16925
../../hasy-data/v2-23408.png,82,\alpha,16925
../../hasy-data/v2-23409.png,82,\alpha,16925
../../hasy-data/v2-23410.png,82,\alpha,16925
../../hasy-data/v2-23411.png,82,\alpha,16925
../../hasy-data/v2-23412.png,82,\alpha,16925
../../hasy-data/v2-23413.png,82,\alpha,16925
../../hasy-data/v2-23414.png,82,\alpha,16925
../../hasy-data/v2-23415.png,82,\alpha,16925
../../hasy-data/v2-23416.png,82,\alpha,16925
../../hasy-data/v2-23417.png,82,\alpha,16925
../../hasy-data/v2-23418.png,82,\alpha,16925
../../hasy-data/v2-23419.png,82,\alpha,16925
../../hasy-data/v2-23420.png,82,\alpha,16925
../../hasy-data/v2-23421.png,82,\alpha,16925
../../hasy-data/v2-23422.png,82,\alpha,16925
../../hasy-data/v2-23423.png,82,\alpha,16925
../../hasy-data/v2-23424.png,82,\alpha,16925
../../hasy-data/v2-23425.png,82,\alpha,16925
../../hasy-data/v2-23426.png,82,\alpha,16925
../../hasy-data/v2-23427.png,82,\alpha,16925
../../hasy-data/v2-23428.png,82,\alpha,16925
../../hasy-data/v2-23429.png,82,\alpha,16925
../../hasy-data/v2-23430.png,82,\alpha,16925
../../hasy-data/v2-23431.png,82,\alpha,16925
../../hasy-data/v2-23432.png,82,\alpha,16925
../../hasy-data/v2-23433.png,82,\alpha,16925
../../hasy-data/v2-23434.png,82,\alpha,16925
../../hasy-data/v2-23435.png,82,\alpha,16925
../../hasy-data/v2-23436.png,82,\alpha,16925
../../hasy-data/v2-23437.png,82,\alpha,16925
../../hasy-data/v2-23438.png,82,\alpha,16925
../../hasy-data/v2-23439.png,82,\alpha,16925
../../hasy-data/v2-23440.png,82,\alpha,16925
../../hasy-data/v2-23441.png,82,\alpha,16925
../../hasy-data/v2-23442.png,82,\alpha,16925
../../hasy-data/v2-23443.png,82,\alpha,16925
../../hasy-data/v2-23444.png,82,\alpha,16925
../../hasy-data/v2-23445.png,82,\alpha,16925
../../hasy-data/v2-23446.png,82,\alpha,16925
../../hasy-data/v2-23447.png,82,\alpha,16925
../../hasy-data/v2-23448.png,82,\alpha,16925
../../hasy-data/v2-23449.png,82,\alpha,16925
../../hasy-data/v2-23450.png,82,\alpha,16925
../../hasy-data/v2-23451.png,82,\alpha,16925
../../hasy-data/v2-23452.png,82,\alpha,16925
../../hasy-data/v2-23453.png,82,\alpha,16925
../../hasy-data/v2-23454.png,82,\alpha,16925
../../hasy-data/v2-23455.png,82,\alpha,16925
../../hasy-data/v2-23456.png,82,\alpha,16925
../../hasy-data/v2-23457.png,82,\alpha,16925
../../hasy-data/v2-23458.png,82,\alpha,16925
../../hasy-data/v2-23459.png,82,\alpha,16925
../../hasy-data/v2-23460.png,82,\alpha,16925
../../hasy-data/v2-23461.png,82,\alpha,16925
../../hasy-data/v2-23462.png,82,\alpha,16925
../../hasy-data/v2-23463.png,82,\alpha,16925
../../hasy-data/v2-23464.png,82,\alpha,16925
../../hasy-data/v2-23465.png,82,\alpha,16925
../../hasy-data/v2-23466.png,82,\alpha,16925
../../hasy-data/v2-23467.png,82,\alpha,16925
../../hasy-data/v2-23468.png,82,\alpha,16925
../../hasy-data/v2-23469.png,82,\alpha,16925
../../hasy-data/v2-23470.png,82,\alpha,16925
../../hasy-data/v2-23471.png,82,\alpha,16925
../../hasy-data/v2-23472.png,82,\alpha,16925
../../hasy-data/v2-23473.png,82,\alpha,16925
../../hasy-data/v2-23474.png,82,\alpha,16925
../../hasy-data/v2-23475.png,82,\alpha,16925
../../hasy-data/v2-23476.png,82,\alpha,16925
../../hasy-data/v2-23477.png,82,\alpha,16925
../../hasy-data/v2-23478.png,82,\alpha,16925
../../hasy-data/v2-23479.png,82,\alpha,16925
../../hasy-data/v2-23480.png,82,\alpha,16925
../../hasy-data/v2-23481.png,82,\alpha,16925
../../hasy-data/v2-23482.png,82,\alpha,16925
../../hasy-data/v2-23483.png,82,\alpha,16925
../../hasy-data/v2-23484.png,82,\alpha,16925
../../hasy-data/v2-23485.png,82,\alpha,16925
../../hasy-data/v2-23486.png,82,\alpha,16925
../../hasy-data/v2-23487.png,82,\alpha,16925
../../hasy-data/v2-23488.png,82,\alpha,16925
../../hasy-data/v2-23489.png,82,\alpha,16925
../../hasy-data/v2-23490.png,82,\alpha,16925
../../hasy-data/v2-23491.png,82,\alpha,16925
../../hasy-data/v2-23492.png,82,\alpha,16925
../../hasy-data/v2-23493.png,82,\alpha,16925
../../hasy-data/v2-23494.png,82,\alpha,16925
../../hasy-data/v2-23495.png,82,\alpha,16925
../../hasy-data/v2-23496.png,82,\alpha,16925
../../hasy-data/v2-23497.png,82,\alpha,16925
../../hasy-data/v2-23498.png,82,\alpha,16925
../../hasy-data/v2-23499.png,82,\alpha,16925
../../hasy-data/v2-23500.png,82,\alpha,16925
../../hasy-data/v2-23501.png,82,\alpha,16925
../../hasy-data/v2-23502.png,82,\alpha,16925
../../hasy-data/v2-23503.png,82,\alpha,16925
../../hasy-data/v2-23504.png,82,\alpha,16925
../../hasy-data/v2-23505.png,82,\alpha,16925
../../hasy-data/v2-23506.png,82,\alpha,16925
../../hasy-data/v2-23507.png,82,\alpha,16925
../../hasy-data/v2-23508.png,82,\alpha,16925
../../hasy-data/v2-23509.png,82,\alpha,16925
../../hasy-data/v2-23510.png,82,\alpha,16925
../../hasy-data/v2-23511.png,82,\alpha,16925
../../hasy-data/v2-23512.png,82,\alpha,16925
../../hasy-data/v2-23513.png,82,\alpha,16925
../../hasy-data/v2-23514.png,82,\alpha,16925
../../hasy-data/v2-23515.png,82,\alpha,16925
../../hasy-data/v2-23516.png,82,\alpha,16925
../../hasy-data/v2-23517.png,82,\alpha,16925
../../hasy-data/v2-23518.png,82,\alpha,16925
../../hasy-data/v2-23519.png,82,\alpha,16925
../../hasy-data/v2-23520.png,82,\alpha,16925
../../hasy-data/v2-23521.png,82,\alpha,16925
../../hasy-data/v2-23522.png,82,\alpha,16925
../../hasy-data/v2-23523.png,82,\alpha,16925
../../hasy-data/v2-23524.png,82,\alpha,16925
../../hasy-data/v2-23525.png,82,\alpha,16925
../../hasy-data/v2-23526.png,82,\alpha,16925
../../hasy-data/v2-23527.png,82,\alpha,16925
../../hasy-data/v2-23528.png,82,\alpha,16925
../../hasy-data/v2-23529.png,82,\alpha,16925
../../hasy-data/v2-23530.png,82,\alpha,16925
../../hasy-data/v2-23531.png,82,\alpha,16925
../../hasy-data/v2-23532.png,82,\alpha,16925
../../hasy-data/v2-23533.png,82,\alpha,16925
../../hasy-data/v2-23534.png,82,\alpha,16925
../../hasy-data/v2-23535.png,82,\alpha,16925
../../hasy-data/v2-23536.png,82,\alpha,16925
../../hasy-data/v2-23537.png,82,\alpha,16925
../../hasy-data/v2-23538.png,82,\alpha,16925
../../hasy-data/v2-23539.png,82,\alpha,16925
../../hasy-data/v2-23540.png,82,\alpha,16925
../../hasy-data/v2-23541.png,82,\alpha,16925
../../hasy-data/v2-23542.png,82,\alpha,16925
../../hasy-data/v2-23543.png,82,\alpha,16925
../../hasy-data/v2-23544.png,82,\alpha,16925
../../hasy-data/v2-23545.png,82,\alpha,16925
../../hasy-data/v2-23546.png,82,\alpha,16925
../../hasy-data/v2-23547.png,82,\alpha,16925
../../hasy-data/v2-23548.png,82,\alpha,16925
../../hasy-data/v2-23549.png,82,\alpha,16925
../../hasy-data/v2-23550.png,82,\alpha,16925
../../hasy-data/v2-23551.png,82,\alpha,16925
../../hasy-data/v2-23552.png,82,\alpha,16925
../../hasy-data/v2-23553.png,82,\alpha,16925
../../hasy-data/v2-23554.png,82,\alpha,16925
../../hasy-data/v2-23555.png,82,\alpha,16925
../../hasy-data/v2-23556.png,82,\alpha,16925
../../hasy-data/v2-23557.png,82,\alpha,16925
../../hasy-data/v2-23558.png,82,\alpha,16925
../../hasy-data/v2-23559.png,82,\alpha,16925
../../hasy-data/v2-23560.png,82,\alpha,16925
../../hasy-data/v2-23561.png,82,\alpha,16925
../../hasy-data/v2-23562.png,82,\alpha,16925
../../hasy-data/v2-23563.png,82,\alpha,16925
../../hasy-data/v2-23564.png,82,\alpha,16925
../../hasy-data/v2-23565.png,82,\alpha,16925
../../hasy-data/v2-23566.png,82,\alpha,16925
../../hasy-data/v2-23567.png,82,\alpha,16925
../../hasy-data/v2-23568.png,82,\alpha,16925
../../hasy-data/v2-23569.png,82,\alpha,16925
../../hasy-data/v2-23570.png,82,\alpha,16925
../../hasy-data/v2-23571.png,82,\alpha,16925
../../hasy-data/v2-23572.png,82,\alpha,16925
../../hasy-data/v2-23573.png,82,\alpha,16925
../../hasy-data/v2-23574.png,82,\alpha,16925
../../hasy-data/v2-23575.png,82,\alpha,16925
../../hasy-data/v2-23576.png,82,\alpha,16925
../../hasy-data/v2-23577.png,82,\alpha,16925
../../hasy-data/v2-23578.png,82,\alpha,16925
../../hasy-data/v2-23579.png,82,\alpha,16925
../../hasy-data/v2-23580.png,82,\alpha,16925
../../hasy-data/v2-23581.png,82,\alpha,16925
../../hasy-data/v2-23582.png,82,\alpha,16925
../../hasy-data/v2-23583.png,82,\alpha,16925
../../hasy-data/v2-23584.png,82,\alpha,16925
../../hasy-data/v2-23585.png,82,\alpha,16925
../../hasy-data/v2-23586.png,82,\alpha,16925
../../hasy-data/v2-23587.png,82,\alpha,16925
../../hasy-data/v2-23588.png,82,\alpha,16925
../../hasy-data/v2-23589.png,82,\alpha,16925
../../hasy-data/v2-23590.png,82,\alpha,16925
../../hasy-data/v2-23591.png,82,\alpha,16925
../../hasy-data/v2-23592.png,82,\alpha,16925
../../hasy-data/v2-23593.png,82,\alpha,16925
../../hasy-data/v2-23594.png,82,\alpha,16925
../../hasy-data/v2-23595.png,82,\alpha,16925
../../hasy-data/v2-23596.png,82,\alpha,16925
../../hasy-data/v2-23597.png,82,\alpha,16925
../../hasy-data/v2-23598.png,82,\alpha,16925
../../hasy-data/v2-23599.png,82,\alpha,16925
../../hasy-data/v2-23600.png,82,\alpha,16925
../../hasy-data/v2-23601.png,82,\alpha,16925
../../hasy-data/v2-23602.png,82,\alpha,16925
../../hasy-data/v2-23603.png,82,\alpha,16925
../../hasy-data/v2-23604.png,82,\alpha,16925
../../hasy-data/v2-23605.png,82,\alpha,16925
../../hasy-data/v2-23606.png,82,\alpha,16925
../../hasy-data/v2-23607.png,82,\alpha,16925
../../hasy-data/v2-23608.png,82,\alpha,16925
../../hasy-data/v2-23609.png,82,\alpha,16925
../../hasy-data/v2-23610.png,82,\alpha,16925
../../hasy-data/v2-23611.png,82,\alpha,16925
../../hasy-data/v2-23612.png,82,\alpha,16925
../../hasy-data/v2-23613.png,82,\alpha,16925
../../hasy-data/v2-23614.png,82,\alpha,16925
../../hasy-data/v2-23615.png,82,\alpha,16925
../../hasy-data/v2-23616.png,82,\alpha,16925
../../hasy-data/v2-23617.png,82,\alpha,16925
../../hasy-data/v2-23618.png,82,\alpha,16925
../../hasy-data/v2-23619.png,82,\alpha,16925
../../hasy-data/v2-23620.png,82,\alpha,16925
../../hasy-data/v2-23621.png,82,\alpha,16925
../../hasy-data/v2-23622.png,82,\alpha,16925
../../hasy-data/v2-23623.png,82,\alpha,16925
../../hasy-data/v2-23624.png,82,\alpha,16925
../../hasy-data/v2-23625.png,82,\alpha,16925
../../hasy-data/v2-23626.png,82,\alpha,16925
../../hasy-data/v2-23627.png,82,\alpha,16925
../../hasy-data/v2-23628.png,82,\alpha,16925
../../hasy-data/v2-23629.png,82,\alpha,16925
../../hasy-data/v2-23630.png,82,\alpha,16925
../../hasy-data/v2-23631.png,82,\alpha,16925
../../hasy-data/v2-23632.png,82,\alpha,16925
../../hasy-data/v2-23633.png,82,\alpha,16925
../../hasy-data/v2-23634.png,82,\alpha,16925
../../hasy-data/v2-23635.png,82,\alpha,16925
../../hasy-data/v2-23636.png,82,\alpha,16925
../../hasy-data/v2-23637.png,82,\alpha,16925
../../hasy-data/v2-23638.png,82,\alpha,16925
../../hasy-data/v2-23639.png,82,\alpha,16925
../../hasy-data/v2-23640.png,82,\alpha,16925
../../hasy-data/v2-23641.png,82,\alpha,16925
../../hasy-data/v2-23642.png,82,\alpha,16925
../../hasy-data/v2-23643.png,82,\alpha,16925
../../hasy-data/v2-23644.png,82,\alpha,16925
../../hasy-data/v2-23645.png,82,\alpha,16925
../../hasy-data/v2-23646.png,82,\alpha,16925
../../hasy-data/v2-23647.png,82,\alpha,16925
../../hasy-data/v2-23648.png,82,\alpha,16925
../../hasy-data/v2-23649.png,82,\alpha,16925
../../hasy-data/v2-23650.png,82,\alpha,16925
../../hasy-data/v2-23651.png,82,\alpha,16925
../../hasy-data/v2-23652.png,82,\alpha,16925
../../hasy-data/v2-23653.png,82,\alpha,16925
../../hasy-data/v2-23654.png,82,\alpha,16925
../../hasy-data/v2-23655.png,82,\alpha,16925
../../hasy-data/v2-23656.png,82,\alpha,16925
../../hasy-data/v2-23657.png,82,\alpha,16925
../../hasy-data/v2-23658.png,82,\alpha,16925
../../hasy-data/v2-23659.png,82,\alpha,16925
../../hasy-data/v2-23660.png,82,\alpha,16925
../../hasy-data/v2-23661.png,82,\alpha,16925
../../hasy-data/v2-23662.png,82,\alpha,16925
../../hasy-data/v2-23663.png,82,\alpha,16925
../../hasy-data/v2-23664.png,82,\alpha,16925
../../hasy-data/v2-23665.png,82,\alpha,16925
../../hasy-data/v2-23666.png,82,\alpha,16925
../../hasy-data/v2-23667.png,82,\alpha,16925
../../hasy-data/v2-23668.png,82,\alpha,16925
../../hasy-data/v2-23669.png,82,\alpha,16925
../../hasy-data/v2-23670.png,82,\alpha,16925
../../hasy-data/v2-23671.png,82,\alpha,16925
../../hasy-data/v2-23672.png,82,\alpha,16925
../../hasy-data/v2-23673.png,82,\alpha,16925
../../hasy-data/v2-23674.png,82,\alpha,16925
../../hasy-data/v2-23675.png,82,\alpha,16925
../../hasy-data/v2-23676.png,82,\alpha,16925
../../hasy-data/v2-23677.png,82,\alpha,16925
../../hasy-data/v2-23678.png,82,\alpha,16925
../../hasy-data/v2-23679.png,82,\alpha,16925
../../hasy-data/v2-23680.png,82,\alpha,16925
../../hasy-data/v2-23681.png,82,\alpha,16925
../../hasy-data/v2-23682.png,82,\alpha,16925
../../hasy-data/v2-23683.png,82,\alpha,16925
../../hasy-data/v2-23684.png,82,\alpha,16925
../../hasy-data/v2-23685.png,82,\alpha,16925
../../hasy-data/v2-23686.png,82,\alpha,16925
../../hasy-data/v2-23687.png,82,\alpha,16925
../../hasy-data/v2-23688.png,82,\alpha,16925
../../hasy-data/v2-23689.png,82,\alpha,16925
../../hasy-data/v2-23690.png,82,\alpha,16925
../../hasy-data/v2-23691.png,82,\alpha,16925
../../hasy-data/v2-23692.png,82,\alpha,16925
../../hasy-data/v2-23693.png,82,\alpha,16925
../../hasy-data/v2-23694.png,82,\alpha,16925
../../hasy-data/v2-23695.png,82,\alpha,16925
../../hasy-data/v2-23696.png,82,\alpha,16925
../../hasy-data/v2-23697.png,82,\alpha,16925
../../hasy-data/v2-23698.png,82,\alpha,16925
../../hasy-data/v2-23699.png,82,\alpha,16925
../../hasy-data/v2-23700.png,82,\alpha,16925
../../hasy-data/v2-23701.png,82,\alpha,16925
../../hasy-data/v2-23702.png,82,\alpha,16925
../../hasy-data/v2-23703.png,82,\alpha,16925
../../hasy-data/v2-23704.png,82,\alpha,16925
../../hasy-data/v2-23705.png,82,\alpha,16925
../../hasy-data/v2-23706.png,82,\alpha,16925
../../hasy-data/v2-23707.png,82,\alpha,16925
../../hasy-data/v2-23708.png,82,\alpha,16925
../../hasy-data/v2-23709.png,82,\alpha,16925
../../hasy-data/v2-23710.png,82,\alpha,16925
../../hasy-data/v2-23711.png,82,\alpha,16925
../../hasy-data/v2-23712.png,82,\alpha,16925
../../hasy-data/v2-23713.png,82,\alpha,16925
../../hasy-data/v2-23714.png,82,\alpha,16925
../../hasy-data/v2-23715.png,82,\alpha,16925
../../hasy-data/v2-23716.png,82,\alpha,16925
../../hasy-data/v2-23717.png,82,\alpha,16925
../../hasy-data/v2-23718.png,82,\alpha,16925
../../hasy-data/v2-23719.png,82,\alpha,16925
../../hasy-data/v2-23720.png,82,\alpha,16925
../../hasy-data/v2-23721.png,82,\alpha,16925
../../hasy-data/v2-23722.png,82,\alpha,16925
../../hasy-data/v2-23723.png,82,\alpha,16925
../../hasy-data/v2-23724.png,82,\alpha,16925
../../hasy-data/v2-23725.png,82,\alpha,16925
../../hasy-data/v2-23726.png,82,\alpha,16925
../../hasy-data/v2-23727.png,82,\alpha,16925
../../hasy-data/v2-23728.png,82,\alpha,16925
../../hasy-data/v2-23729.png,82,\alpha,16925
../../hasy-data/v2-23730.png,82,\alpha,16925
../../hasy-data/v2-23731.png,82,\alpha,16925
../../hasy-data/v2-23732.png,82,\alpha,16925
../../hasy-data/v2-23733.png,82,\alpha,16925
../../hasy-data/v2-23734.png,82,\alpha,16925
../../hasy-data/v2-23735.png,82,\alpha,16925
../../hasy-data/v2-23736.png,82,\alpha,16925
../../hasy-data/v2-23737.png,82,\alpha,16925
../../hasy-data/v2-23738.png,82,\alpha,16925
../../hasy-data/v2-23739.png,82,\alpha,16925
../../hasy-data/v2-23740.png,82,\alpha,16925
../../hasy-data/v2-23741.png,82,\alpha,16925
../../hasy-data/v2-23742.png,82,\alpha,16925
../../hasy-data/v2-23743.png,82,\alpha,16925
../../hasy-data/v2-23744.png,82,\alpha,16925
../../hasy-data/v2-23745.png,82,\alpha,16925
../../hasy-data/v2-23746.png,82,\alpha,16925
../../hasy-data/v2-23747.png,82,\alpha,16925
../../hasy-data/v2-23748.png,82,\alpha,16925
../../hasy-data/v2-23749.png,82,\alpha,16925
../../hasy-data/v2-23750.png,82,\alpha,16925
../../hasy-data/v2-23751.png,82,\alpha,16925
../../hasy-data/v2-23752.png,82,\alpha,16925
../../hasy-data/v2-23753.png,82,\alpha,16925
../../hasy-data/v2-23754.png,82,\alpha,16925
../../hasy-data/v2-23755.png,82,\alpha,16925
../../hasy-data/v2-23756.png,82,\alpha,16925
../../hasy-data/v2-23757.png,82,\alpha,16925
../../hasy-data/v2-23758.png,82,\alpha,16925
../../hasy-data/v2-23759.png,82,\alpha,16925
../../hasy-data/v2-23760.png,82,\alpha,16925
../../hasy-data/v2-23761.png,82,\alpha,16925
../../hasy-data/v2-23762.png,82,\alpha,16925
../../hasy-data/v2-23763.png,82,\alpha,16925
../../hasy-data/v2-23764.png,82,\alpha,16925
../../hasy-data/v2-23765.png,82,\alpha,16925
../../hasy-data/v2-23766.png,82,\alpha,16925
../../hasy-data/v2-23767.png,82,\alpha,16925
../../hasy-data/v2-23768.png,82,\alpha,16925
../../hasy-data/v2-23769.png,82,\alpha,16925
../../hasy-data/v2-23770.png,82,\alpha,16925
../../hasy-data/v2-23771.png,82,\alpha,16925
../../hasy-data/v2-23772.png,82,\alpha,16925
../../hasy-data/v2-23773.png,82,\alpha,16925
../../hasy-data/v2-23774.png,82,\alpha,16925
../../hasy-data/v2-23775.png,82,\alpha,16925
../../hasy-data/v2-23776.png,82,\alpha,16925
../../hasy-data/v2-23777.png,82,\alpha,16925
../../hasy-data/v2-23778.png,82,\alpha,16925
../../hasy-data/v2-23779.png,82,\alpha,16925
../../hasy-data/v2-23780.png,82,\alpha,16925
../../hasy-data/v2-23781.png,82,\alpha,16925
../../hasy-data/v2-23782.png,82,\alpha,16925
../../hasy-data/v2-23783.png,82,\alpha,16925
../../hasy-data/v2-23784.png,82,\alpha,16925
../../hasy-data/v2-23785.png,82,\alpha,16925
../../hasy-data/v2-23786.png,82,\alpha,16925
../../hasy-data/v2-23787.png,82,\alpha,16925
../../hasy-data/v2-23788.png,82,\alpha,16925
../../hasy-data/v2-23789.png,82,\alpha,16925
../../hasy-data/v2-23790.png,82,\alpha,16925
../../hasy-data/v2-23791.png,82,\alpha,16925
../../hasy-data/v2-23792.png,82,\alpha,16925
../../hasy-data/v2-23793.png,82,\alpha,16925
../../hasy-data/v2-23794.png,82,\alpha,16925
../../hasy-data/v2-23795.png,82,\alpha,16925
../../hasy-data/v2-23796.png,82,\alpha,16925
../../hasy-data/v2-23797.png,82,\alpha,16925
../../hasy-data/v2-23798.png,82,\alpha,16925
../../hasy-data/v2-23799.png,82,\alpha,16925
../../hasy-data/v2-23800.png,82,\alpha,16925
../../hasy-data/v2-23801.png,82,\alpha,16925
../../hasy-data/v2-23802.png,82,\alpha,16925
../../hasy-data/v2-23803.png,82,\alpha,16925
../../hasy-data/v2-23804.png,82,\alpha,16925
../../hasy-data/v2-23805.png,82,\alpha,16925
../../hasy-data/v2-23806.png,82,\alpha,16925
../../hasy-data/v2-23807.png,82,\alpha,16925
../../hasy-data/v2-23808.png,82,\alpha,16925
../../hasy-data/v2-23809.png,82,\alpha,16925
../../hasy-data/v2-23810.png,82,\alpha,16925
../../hasy-data/v2-23811.png,82,\alpha,16925
../../hasy-data/v2-23812.png,82,\alpha,16925
../../hasy-data/v2-23813.png,82,\alpha,16925
../../hasy-data/v2-23814.png,82,\alpha,16925
../../hasy-data/v2-23815.png,82,\alpha,16925
../../hasy-data/v2-23816.png,82,\alpha,16925
../../hasy-data/v2-23817.png,82,\alpha,16925
../../hasy-data/v2-23818.png,82,\alpha,16925
../../hasy-data/v2-23819.png,82,\alpha,16925
../../hasy-data/v2-23820.png,82,\alpha,16925
../../hasy-data/v2-23821.png,82,\alpha,16925
../../hasy-data/v2-23822.png,82,\alpha,16925
../../hasy-data/v2-23823.png,82,\alpha,16925
../../hasy-data/v2-23824.png,82,\alpha,16925
../../hasy-data/v2-23825.png,82,\alpha,16925
../../hasy-data/v2-23826.png,82,\alpha,16925
../../hasy-data/v2-23827.png,82,\alpha,16925
../../hasy-data/v2-23828.png,82,\alpha,16925
../../hasy-data/v2-23829.png,82,\alpha,16925
../../hasy-data/v2-23830.png,82,\alpha,16925
../../hasy-data/v2-23831.png,82,\alpha,16925
../../hasy-data/v2-23832.png,82,\alpha,16925
../../hasy-data/v2-23833.png,82,\alpha,16925
../../hasy-data/v2-23834.png,82,\alpha,16925
../../hasy-data/v2-23835.png,82,\alpha,16925
../../hasy-data/v2-23836.png,82,\alpha,16925
../../hasy-data/v2-23837.png,82,\alpha,16925
../../hasy-data/v2-23838.png,82,\alpha,16925
../../hasy-data/v2-23839.png,82,\alpha,16925
../../hasy-data/v2-23840.png,82,\alpha,16925
../../hasy-data/v2-23841.png,82,\alpha,16925
../../hasy-data/v2-23842.png,82,\alpha,16925
../../hasy-data/v2-23843.png,82,\alpha,16925
../../hasy-data/v2-23844.png,82,\alpha,16925
../../hasy-data/v2-23845.png,82,\alpha,16925
../../hasy-data/v2-23846.png,82,\alpha,16925
../../hasy-data/v2-23847.png,82,\alpha,16925
../../hasy-data/v2-23848.png,82,\alpha,16925
../../hasy-data/v2-23849.png,82,\alpha,16925
../../hasy-data/v2-23850.png,82,\alpha,16925
../../hasy-data/v2-23851.png,82,\alpha,16925
../../hasy-data/v2-23852.png,82,\alpha,16925
../../hasy-data/v2-23853.png,82,\alpha,16925
../../hasy-data/v2-23854.png,82,\alpha,16925
../../hasy-data/v2-23855.png,82,\alpha,16925
../../hasy-data/v2-23856.png,82,\alpha,16925
../../hasy-data/v2-23857.png,82,\alpha,16925
../../hasy-data/v2-23858.png,82,\alpha,16925
../../hasy-data/v2-23859.png,82,\alpha,16925
../../hasy-data/v2-23860.png,82,\alpha,16925
../../hasy-data/v2-23861.png,82,\alpha,16925
../../hasy-data/v2-23862.png,82,\alpha,16925
../../hasy-data/v2-23863.png,82,\alpha,16925
../../hasy-data/v2-23864.png,82,\alpha,16925
../../hasy-data/v2-23865.png,82,\alpha,16925
../../hasy-data/v2-23866.png,82,\alpha,16925
../../hasy-data/v2-23867.png,82,\alpha,16925
../../hasy-data/v2-23868.png,82,\alpha,16925
../../hasy-data/v2-23869.png,82,\alpha,16925
../../hasy-data/v2-23870.png,82,\alpha,16925
../../hasy-data/v2-23871.png,82,\alpha,16925
../../hasy-data/v2-23872.png,82,\alpha,16925
../../hasy-data/v2-23873.png,82,\alpha,16925
../../hasy-data/v2-23874.png,82,\alpha,16925
../../hasy-data/v2-23875.png,82,\alpha,16925
../../hasy-data/v2-23876.png,82,\alpha,16925
../../hasy-data/v2-23877.png,82,\alpha,16925
../../hasy-data/v2-23878.png,82,\alpha,16925
../../hasy-data/v2-23879.png,82,\alpha,16925
../../hasy-data/v2-23880.png,82,\alpha,16925
../../hasy-data/v2-23881.png,82,\alpha,16925
../../hasy-data/v2-23882.png,82,\alpha,16925
../../hasy-data/v2-23883.png,82,\alpha,16925
../../hasy-data/v2-23884.png,82,\alpha,16925
../../hasy-data/v2-23885.png,82,\alpha,16925
../../hasy-data/v2-23886.png,82,\alpha,16925
../../hasy-data/v2-23887.png,82,\alpha,16925
../../hasy-data/v2-23888.png,82,\alpha,16925
../../hasy-data/v2-23889.png,82,\alpha,16925
../../hasy-data/v2-23890.png,82,\alpha,16925
../../hasy-data/v2-23891.png,82,\alpha,16925
../../hasy-data/v2-23892.png,82,\alpha,16925
../../hasy-data/v2-23893.png,82,\alpha,16925
../../hasy-data/v2-23894.png,82,\alpha,16925
../../hasy-data/v2-23895.png,82,\alpha,16925
../../hasy-data/v2-23896.png,82,\alpha,16925
../../hasy-data/v2-23897.png,82,\alpha,16925
../../hasy-data/v2-23898.png,82,\alpha,16925
../../hasy-data/v2-23899.png,82,\alpha,16925
../../hasy-data/v2-23900.png,82,\alpha,16925
../../hasy-data/v2-23901.png,82,\alpha,16925
../../hasy-data/v2-23902.png,82,\alpha,16925
../../hasy-data/v2-23903.png,82,\alpha,16925
../../hasy-data/v2-23904.png,82,\alpha,16925
../../hasy-data/v2-23905.png,82,\alpha,16925
../../hasy-data/v2-23906.png,82,\alpha,16925
../../hasy-data/v2-23907.png,82,\alpha,16925
../../hasy-data/v2-23908.png,82,\alpha,16925
../../hasy-data/v2-23909.png,82,\alpha,16925
../../hasy-data/v2-23910.png,82,\alpha,16925
../../hasy-data/v2-23911.png,82,\alpha,16925
../../hasy-data/v2-23912.png,82,\alpha,16925
../../hasy-data/v2-23913.png,82,\alpha,16925
../../hasy-data/v2-23914.png,82,\alpha,16925
../../hasy-data/v2-23915.png,82,\alpha,16925
../../hasy-data/v2-23916.png,82,\alpha,16925
../../hasy-data/v2-23917.png,82,\alpha,16925
../../hasy-data/v2-23918.png,82,\alpha,16925
../../hasy-data/v2-23919.png,82,\alpha,16925
../../hasy-data/v2-23920.png,82,\alpha,16925
../../hasy-data/v2-23921.png,82,\alpha,16925
../../hasy-data/v2-23922.png,82,\alpha,16925
../../hasy-data/v2-23923.png,82,\alpha,16925
../../hasy-data/v2-23924.png,82,\alpha,16925
../../hasy-data/v2-23925.png,82,\alpha,16925
../../hasy-data/v2-23926.png,82,\alpha,16925
../../hasy-data/v2-23927.png,82,\alpha,16925
../../hasy-data/v2-23928.png,82,\alpha,16925
../../hasy-data/v2-23929.png,82,\alpha,16925
../../hasy-data/v2-23930.png,82,\alpha,16925
../../hasy-data/v2-23931.png,82,\alpha,16925
../../hasy-data/v2-23932.png,82,\alpha,16925
../../hasy-data/v2-23933.png,82,\alpha,16925
../../hasy-data/v2-23934.png,82,\alpha,16925
../../hasy-data/v2-23935.png,82,\alpha,16925
../../hasy-data/v2-23936.png,82,\alpha,16925
../../hasy-data/v2-23937.png,82,\alpha,16925
../../hasy-data/v2-23938.png,82,\alpha,16925
../../hasy-data/v2-23939.png,82,\alpha,16925
../../hasy-data/v2-23940.png,82,\alpha,16925
../../hasy-data/v2-23941.png,82,\alpha,16925
../../hasy-data/v2-23942.png,82,\alpha,16925
../../hasy-data/v2-23943.png,82,\alpha,16925
../../hasy-data/v2-23944.png,82,\alpha,16925
../../hasy-data/v2-23945.png,82,\alpha,16925
../../hasy-data/v2-23946.png,82,\alpha,16925
../../hasy-data/v2-23947.png,82,\alpha,16925
../../hasy-data/v2-23948.png,82,\alpha,16925
../../hasy-data/v2-23949.png,82,\alpha,16925
../../hasy-data/v2-23950.png,82,\alpha,16925
../../hasy-data/v2-23951.png,82,\alpha,16925
../../hasy-data/v2-23952.png,82,\alpha,16925
../../hasy-data/v2-23953.png,82,\alpha,16925
../../hasy-data/v2-23954.png,82,\alpha,16925
../../hasy-data/v2-23955.png,82,\alpha,16925
../../hasy-data/v2-23956.png,82,\alpha,16925
../../hasy-data/v2-23957.png,82,\alpha,16925
../../hasy-data/v2-23958.png,82,\alpha,16925
../../hasy-data/v2-23959.png,82,\alpha,16925
../../hasy-data/v2-23960.png,82,\alpha,16925
../../hasy-data/v2-23961.png,82,\alpha,16925
../../hasy-data/v2-23962.png,82,\alpha,16925
../../hasy-data/v2-23963.png,82,\alpha,16925
../../hasy-data/v2-23964.png,82,\alpha,16925
../../hasy-data/v2-23965.png,82,\alpha,16925
../../hasy-data/v2-23966.png,82,\alpha,16925
../../hasy-data/v2-23967.png,82,\alpha,16925
../../hasy-data/v2-23968.png,82,\alpha,16925
../../hasy-data/v2-23969.png,82,\alpha,16925
../../hasy-data/v2-23970.png,82,\alpha,16925
../../hasy-data/v2-23971.png,82,\alpha,16925
../../hasy-data/v2-23972.png,82,\alpha,16925
../../hasy-data/v2-23973.png,82,\alpha,16925
../../hasy-data/v2-23974.png,82,\alpha,16925
../../hasy-data/v2-23975.png,82,\alpha,16925
../../hasy-data/v2-23976.png,82,\alpha,16925
../../hasy-data/v2-23977.png,82,\alpha,16925
../../hasy-data/v2-23978.png,82,\alpha,16925
../../hasy-data/v2-23979.png,82,\alpha,16925
../../hasy-data/v2-23980.png,82,\alpha,16925
../../hasy-data/v2-23981.png,82,\alpha,16925
../../hasy-data/v2-23982.png,82,\alpha,16925
../../hasy-data/v2-23983.png,82,\alpha,16925
../../hasy-data/v2-23984.png,82,\alpha,16925
../../hasy-data/v2-23985.png,82,\alpha,16925
../../hasy-data/v2-23986.png,82,\alpha,16925
../../hasy-data/v2-23987.png,82,\alpha,16925
../../hasy-data/v2-23988.png,82,\alpha,16925
../../hasy-data/v2-23989.png,82,\alpha,16925
../../hasy-data/v2-23990.png,82,\alpha,16925
../../hasy-data/v2-23991.png,82,\alpha,16925
../../hasy-data/v2-23992.png,82,\alpha,16925
../../hasy-data/v2-23993.png,82,\alpha,16925
../../hasy-data/v2-23994.png,82,\alpha,16925
../../hasy-data/v2-23995.png,82,\alpha,16925
../../hasy-data/v2-23996.png,82,\alpha,16925
../../hasy-data/v2-23997.png,82,\alpha,16925
../../hasy-data/v2-23998.png,82,\alpha,16925
../../hasy-data/v2-23999.png,82,\alpha,16925
../../hasy-data/v2-24000.png,82,\alpha,16925
../../hasy-data/v2-24001.png,82,\alpha,16925
../../hasy-data/v2-24002.png,82,\alpha,16925
../../hasy-data/v2-24003.png,82,\alpha,16925
../../hasy-data/v2-24004.png,82,\alpha,16925
../../hasy-data/v2-24005.png,82,\alpha,16925
../../hasy-data/v2-24006.png,82,\alpha,16925
../../hasy-data/v2-24007.png,82,\alpha,16925
../../hasy-data/v2-24008.png,82,\alpha,16925
../../hasy-data/v2-24009.png,82,\alpha,16925
../../hasy-data/v2-24010.png,82,\alpha,16925
../../hasy-data/v2-24011.png,82,\alpha,16925
../../hasy-data/v2-24012.png,82,\alpha,16925
../../hasy-data/v2-24013.png,82,\alpha,16925
../../hasy-data/v2-24014.png,82,\alpha,16925
../../hasy-data/v2-24015.png,82,\alpha,16925
../../hasy-data/v2-24016.png,82,\alpha,16925
../../hasy-data/v2-24017.png,82,\alpha,16925
../../hasy-data/v2-24018.png,82,\alpha,16925
../../hasy-data/v2-24019.png,82,\alpha,16925
../../hasy-data/v2-24020.png,82,\alpha,16925
../../hasy-data/v2-24021.png,82,\alpha,16925
../../hasy-data/v2-24022.png,82,\alpha,16925
../../hasy-data/v2-24023.png,82,\alpha,16925
../../hasy-data/v2-24024.png,82,\alpha,16925
../../hasy-data/v2-24025.png,82,\alpha,16925
../../hasy-data/v2-24026.png,82,\alpha,16925
../../hasy-data/v2-24027.png,82,\alpha,16925
../../hasy-data/v2-24028.png,82,\alpha,16925
../../hasy-data/v2-24029.png,82,\alpha,16925
../../hasy-data/v2-24030.png,82,\alpha,16925
../../hasy-data/v2-24031.png,82,\alpha,16925
../../hasy-data/v2-24032.png,82,\alpha,16925
../../hasy-data/v2-24033.png,82,\alpha,16925
../../hasy-data/v2-24034.png,82,\alpha,16925
../../hasy-data/v2-24035.png,82,\alpha,16925
../../hasy-data/v2-24036.png,82,\alpha,16925
../../hasy-data/v2-24037.png,82,\alpha,16925
../../hasy-data/v2-24038.png,82,\alpha,16925
../../hasy-data/v2-24039.png,82,\alpha,16925
../../hasy-data/v2-24040.png,82,\alpha,16925
../../hasy-data/v2-24041.png,82,\alpha,16925
../../hasy-data/v2-24042.png,82,\alpha,16925
../../hasy-data/v2-24043.png,82,\alpha,16925
../../hasy-data/v2-24044.png,82,\alpha,16925
../../hasy-data/v2-24045.png,82,\alpha,16925
../../hasy-data/v2-24046.png,82,\alpha,16925
../../hasy-data/v2-24047.png,82,\alpha,16925
../../hasy-data/v2-24048.png,82,\alpha,16925
../../hasy-data/v2-24049.png,82,\alpha,16925
../../hasy-data/v2-24050.png,82,\alpha,16925
../../hasy-data/v2-24051.png,82,\alpha,16925
../../hasy-data/v2-24052.png,82,\alpha,16925
../../hasy-data/v2-24053.png,82,\alpha,16925
../../hasy-data/v2-24054.png,82,\alpha,16925
../../hasy-data/v2-24055.png,82,\alpha,16925
../../hasy-data/v2-24056.png,82,\alpha,16925
../../hasy-data/v2-24057.png,82,\alpha,16925
../../hasy-data/v2-24058.png,82,\alpha,16925
../../hasy-data/v2-24059.png,82,\alpha,16925
../../hasy-data/v2-24060.png,82,\alpha,16925
../../hasy-data/v2-24061.png,82,\alpha,16925
../../hasy-data/v2-24062.png,82,\alpha,16925
../../hasy-data/v2-24063.png,82,\alpha,16925
../../hasy-data/v2-24064.png,82,\alpha,16925
../../hasy-data/v2-24065.png,82,\alpha,16925
../../hasy-data/v2-24066.png,82,\alpha,16925
../../hasy-data/v2-24067.png,82,\alpha,16925
../../hasy-data/v2-24068.png,82,\alpha,16925
../../hasy-data/v2-24069.png,82,\alpha,16925
../../hasy-data/v2-24070.png,82,\alpha,16925
../../hasy-data/v2-24071.png,82,\alpha,16925
../../hasy-data/v2-24072.png,82,\alpha,16925
../../hasy-data/v2-24073.png,82,\alpha,16925
../../hasy-data/v2-24074.png,82,\alpha,16925
../../hasy-data/v2-24075.png,82,\alpha,16925
../../hasy-data/v2-24076.png,82,\alpha,16925
../../hasy-data/v2-24077.png,82,\alpha,16925
../../hasy-data/v2-24078.png,82,\alpha,16925
../../hasy-data/v2-24079.png,82,\alpha,16925
../../hasy-data/v2-24080.png,82,\alpha,16925
../../hasy-data/v2-24081.png,82,\alpha,16925
../../hasy-data/v2-24082.png,82,\alpha,16925
../../hasy-data/v2-24083.png,82,\alpha,16925
../../hasy-data/v2-24084.png,82,\alpha,16925
../../hasy-data/v2-24085.png,82,\alpha,16925
../../hasy-data/v2-24086.png,82,\alpha,16925
../../hasy-data/v2-24087.png,82,\alpha,16925
../../hasy-data/v2-24088.png,82,\alpha,16925
../../hasy-data/v2-24089.png,82,\alpha,16925
../../hasy-data/v2-24090.png,82,\alpha,16925
../../hasy-data/v2-24091.png,82,\alpha,16925
../../hasy-data/v2-24092.png,82,\alpha,16925
../../hasy-data/v2-24093.png,82,\alpha,16925
../../hasy-data/v2-24094.png,82,\alpha,16925
../../hasy-data/v2-24095.png,82,\alpha,16925
../../hasy-data/v2-24096.png,82,\alpha,16925
../../hasy-data/v2-24097.png,82,\alpha,16925
../../hasy-data/v2-24098.png,82,\alpha,16925
../../hasy-data/v2-24099.png,82,\alpha,16925
../../hasy-data/v2-24100.png,82,\alpha,16925
../../hasy-data/v2-24101.png,82,\alpha,16925
../../hasy-data/v2-24102.png,82,\alpha,16925
../../hasy-data/v2-24103.png,82,\alpha,16925
../../hasy-data/v2-24104.png,82,\alpha,16925
../../hasy-data/v2-24105.png,82,\alpha,16925
../../hasy-data/v2-24106.png,82,\alpha,16925
../../hasy-data/v2-24107.png,82,\alpha,16925
../../hasy-data/v2-24108.png,82,\alpha,16925
../../hasy-data/v2-24109.png,82,\alpha,16925
../../hasy-data/v2-24110.png,82,\alpha,16925
../../hasy-data/v2-24111.png,82,\alpha,16925
../../hasy-data/v2-24112.png,82,\alpha,16925
../../hasy-data/v2-24113.png,82,\alpha,16925
../../hasy-data/v2-24114.png,82,\alpha,16925
../../hasy-data/v2-24115.png,82,\alpha,16925
../../hasy-data/v2-24116.png,82,\alpha,16925
../../hasy-data/v2-24117.png,82,\alpha,16925
../../hasy-data/v2-24118.png,82,\alpha,16925
../../hasy-data/v2-24119.png,82,\alpha,16925
../../hasy-data/v2-24120.png,82,\alpha,16925
../../hasy-data/v2-24121.png,82,\alpha,16925
../../hasy-data/v2-24122.png,82,\alpha,16925
../../hasy-data/v2-24123.png,82,\alpha,16925
../../hasy-data/v2-24124.png,82,\alpha,16925
../../hasy-data/v2-24125.png,82,\alpha,16925
../../hasy-data/v2-24126.png,82,\alpha,16925
../../hasy-data/v2-24127.png,82,\alpha,16925
../../hasy-data/v2-24128.png,82,\alpha,16925
../../hasy-data/v2-24129.png,82,\alpha,16925
../../hasy-data/v2-24130.png,82,\alpha,16925
../../hasy-data/v2-24131.png,82,\alpha,16925
../../hasy-data/v2-24132.png,82,\alpha,16925
../../hasy-data/v2-24133.png,82,\alpha,16925
../../hasy-data/v2-24134.png,82,\alpha,16925
../../hasy-data/v2-24135.png,82,\alpha,16925
../../hasy-data/v2-24136.png,82,\alpha,16925
../../hasy-data/v2-24137.png,82,\alpha,16925
../../hasy-data/v2-24138.png,82,\alpha,16925
../../hasy-data/v2-24139.png,82,\alpha,16925
../../hasy-data/v2-24140.png,82,\alpha,16925
../../hasy-data/v2-24141.png,82,\alpha,16925
../../hasy-data/v2-24142.png,82,\alpha,16925
../../hasy-data/v2-24143.png,82,\alpha,16925
../../hasy-data/v2-24144.png,82,\alpha,16925
../../hasy-data/v2-24145.png,82,\alpha,16925
../../hasy-data/v2-24146.png,82,\alpha,16925
../../hasy-data/v2-24147.png,82,\alpha,16925
../../hasy-data/v2-24148.png,82,\alpha,16925
../../hasy-data/v2-24149.png,82,\alpha,16925
../../hasy-data/v2-24150.png,82,\alpha,16925
../../hasy-data/v2-24151.png,82,\alpha,16925
../../hasy-data/v2-24152.png,82,\alpha,16925
../../hasy-data/v2-24153.png,82,\alpha,16925
../../hasy-data/v2-24154.png,82,\alpha,16925
../../hasy-data/v2-24155.png,82,\alpha,16925
../../hasy-data/v2-24156.png,82,\alpha,16925
../../hasy-data/v2-24157.png,82,\alpha,16925
../../hasy-data/v2-24158.png,82,\alpha,16925
../../hasy-data/v2-24159.png,82,\alpha,16925
../../hasy-data/v2-24160.png,82,\alpha,16925
../../hasy-data/v2-24161.png,82,\alpha,16925
../../hasy-data/v2-24162.png,82,\alpha,16925
../../hasy-data/v2-24163.png,82,\alpha,16925
../../hasy-data/v2-24164.png,82,\alpha,16925
../../hasy-data/v2-24165.png,82,\alpha,16925
../../hasy-data/v2-24166.png,82,\alpha,16925
../../hasy-data/v2-24167.png,82,\alpha,16925
../../hasy-data/v2-24168.png,82,\alpha,16925
../../hasy-data/v2-24169.png,82,\alpha,16925
../../hasy-data/v2-24170.png,82,\alpha,16925
../../hasy-data/v2-24171.png,82,\alpha,16925
../../hasy-data/v2-24172.png,82,\alpha,16925
../../hasy-data/v2-24173.png,82,\alpha,16925
../../hasy-data/v2-24174.png,82,\alpha,16925
../../hasy-data/v2-24175.png,82,\alpha,16925
../../hasy-data/v2-24176.png,82,\alpha,16925
../../hasy-data/v2-24177.png,82,\alpha,16925
../../hasy-data/v2-24178.png,82,\alpha,16925
../../hasy-data/v2-24179.png,82,\alpha,16925
../../hasy-data/v2-24180.png,82,\alpha,16925
../../hasy-data/v2-24181.png,82,\alpha,16925
../../hasy-data/v2-24182.png,82,\alpha,16925
../../hasy-data/v2-24183.png,82,\alpha,16925
../../hasy-data/v2-24184.png,82,\alpha,16925
../../hasy-data/v2-24185.png,82,\alpha,16925
../../hasy-data/v2-24186.png,82,\alpha,16925
../../hasy-data/v2-24187.png,82,\alpha,16925
../../hasy-data/v2-24188.png,82,\alpha,16925
../../hasy-data/v2-24189.png,82,\alpha,16925
../../hasy-data/v2-24190.png,82,\alpha,16925
../../hasy-data/v2-24191.png,82,\alpha,16925
../../hasy-data/v2-24192.png,82,\alpha,16925
../../hasy-data/v2-24193.png,82,\alpha,16925
../../hasy-data/v2-24194.png,82,\alpha,16925
../../hasy-data/v2-24195.png,82,\alpha,16925
../../hasy-data/v2-24196.png,82,\alpha,16925
../../hasy-data/v2-24197.png,82,\alpha,16925
../../hasy-data/v2-24198.png,82,\alpha,16925
../../hasy-data/v2-24199.png,82,\alpha,16925
../../hasy-data/v2-24200.png,82,\alpha,16925
../../hasy-data/v2-24201.png,82,\alpha,16925
../../hasy-data/v2-24202.png,82,\alpha,16925
../../hasy-data/v2-24203.png,82,\alpha,16925
../../hasy-data/v2-24204.png,82,\alpha,16925
../../hasy-data/v2-24205.png,82,\alpha,16925
../../hasy-data/v2-24206.png,82,\alpha,16925
../../hasy-data/v2-24207.png,82,\alpha,16925
../../hasy-data/v2-24208.png,82,\alpha,16925
../../hasy-data/v2-24209.png,82,\alpha,16925
../../hasy-data/v2-24210.png,82,\alpha,16925
../../hasy-data/v2-24211.png,82,\alpha,16925
../../hasy-data/v2-24212.png,82,\alpha,16925
../../hasy-data/v2-24213.png,82,\alpha,16925
../../hasy-data/v2-24214.png,82,\alpha,16925
../../hasy-data/v2-24215.png,82,\alpha,16925
../../hasy-data/v2-24216.png,82,\alpha,16925
../../hasy-data/v2-24217.png,82,\alpha,16925
../../hasy-data/v2-24218.png,82,\alpha,16925
../../hasy-data/v2-24219.png,82,\alpha,16925
../../hasy-data/v2-24220.png,82,\alpha,16925
../../hasy-data/v2-24221.png,82,\alpha,16925
../../hasy-data/v2-24222.png,82,\alpha,16925
../../hasy-data/v2-24223.png,82,\alpha,16925
../../hasy-data/v2-24224.png,82,\alpha,16925
../../hasy-data/v2-24225.png,82,\alpha,16925
../../hasy-data/v2-24226.png,82,\alpha,16925
../../hasy-data/v2-24227.png,82,\alpha,16925
../../hasy-data/v2-24228.png,82,\alpha,16925
../../hasy-data/v2-24229.png,82,\alpha,16925
../../hasy-data/v2-24230.png,82,\alpha,16925
../../hasy-data/v2-24231.png,82,\alpha,16925
../../hasy-data/v2-24232.png,82,\alpha,16925
../../hasy-data/v2-24233.png,82,\alpha,16925
../../hasy-data/v2-24234.png,82,\alpha,16925
../../hasy-data/v2-24235.png,82,\alpha,16925
../../hasy-data/v2-24236.png,82,\alpha,16925
../../hasy-data/v2-24237.png,82,\alpha,16925
../../hasy-data/v2-24238.png,82,\alpha,16925
../../hasy-data/v2-24239.png,82,\alpha,16925
../../hasy-data/v2-24240.png,82,\alpha,16925
../../hasy-data/v2-24241.png,82,\alpha,16925
../../hasy-data/v2-24242.png,82,\alpha,16925
../../hasy-data/v2-24243.png,82,\alpha,16925
../../hasy-data/v2-24244.png,82,\alpha,16925
../../hasy-data/v2-24245.png,82,\alpha,16925
../../hasy-data/v2-24246.png,82,\alpha,16925
../../hasy-data/v2-24247.png,82,\alpha,16925
../../hasy-data/v2-24248.png,82,\alpha,16925
../../hasy-data/v2-24249.png,82,\alpha,16925
../../hasy-data/v2-24250.png,82,\alpha,16925
../../hasy-data/v2-24251.png,82,\alpha,16925
../../hasy-data/v2-24252.png,82,\alpha,16925
../../hasy-data/v2-24253.png,82,\alpha,16925
../../hasy-data/v2-24254.png,82,\alpha,16925
../../hasy-data/v2-24255.png,82,\alpha,16925
../../hasy-data/v2-24256.png,82,\alpha,16925
../../hasy-data/v2-24257.png,82,\alpha,16925
../../hasy-data/v2-24258.png,82,\alpha,16925
../../hasy-data/v2-24259.png,82,\alpha,16925
../../hasy-data/v2-24260.png,82,\alpha,16925
../../hasy-data/v2-24261.png,82,\alpha,16925
../../hasy-data/v2-24262.png,82,\alpha,16925
../../hasy-data/v2-24263.png,82,\alpha,16925
../../hasy-data/v2-24264.png,82,\alpha,16925
../../hasy-data/v2-24265.png,82,\alpha,16925
../../hasy-data/v2-24266.png,82,\alpha,16925
../../hasy-data/v2-24267.png,82,\alpha,16925
../../hasy-data/v2-24268.png,82,\alpha,16925
../../hasy-data/v2-24269.png,82,\alpha,16925
../../hasy-data/v2-24270.png,82,\alpha,16925
../../hasy-data/v2-24271.png,82,\alpha,16925
../../hasy-data/v2-24272.png,82,\alpha,16925
../../hasy-data/v2-24273.png,82,\alpha,16925
../../hasy-data/v2-24274.png,82,\alpha,16925
../../hasy-data/v2-24275.png,82,\alpha,16925
../../hasy-data/v2-24276.png,82,\alpha,16925
../../hasy-data/v2-24277.png,82,\alpha,16925
../../hasy-data/v2-24278.png,82,\alpha,16925
../../hasy-data/v2-24279.png,82,\alpha,16925
../../hasy-data/v2-24280.png,82,\alpha,16925
../../hasy-data/v2-24281.png,82,\alpha,16925
../../hasy-data/v2-24282.png,82,\alpha,16925
../../hasy-data/v2-24283.png,82,\alpha,16925
../../hasy-data/v2-24284.png,82,\alpha,16925
../../hasy-data/v2-24285.png,82,\alpha,16925
../../hasy-data/v2-24286.png,82,\alpha,16925
../../hasy-data/v2-24287.png,82,\alpha,16925
../../hasy-data/v2-24288.png,82,\alpha,16925
../../hasy-data/v2-24289.png,82,\alpha,16925
../../hasy-data/v2-24290.png,82,\alpha,16925
../../hasy-data/v2-24291.png,82,\alpha,16925
../../hasy-data/v2-24292.png,82,\alpha,16925
../../hasy-data/v2-24293.png,82,\alpha,16925
../../hasy-data/v2-24294.png,82,\alpha,16925
../../hasy-data/v2-24295.png,82,\alpha,16925
../../hasy-data/v2-24296.png,82,\alpha,16925
../../hasy-data/v2-24297.png,82,\alpha,16925
../../hasy-data/v2-24298.png,82,\alpha,16925
../../hasy-data/v2-24299.png,82,\alpha,16925
../../hasy-data/v2-24300.png,82,\alpha,16925
../../hasy-data/v2-24301.png,82,\alpha,16925
../../hasy-data/v2-24302.png,82,\alpha,16925
../../hasy-data/v2-24303.png,82,\alpha,16925
../../hasy-data/v2-24304.png,82,\alpha,16925
../../hasy-data/v2-24305.png,82,\alpha,16925
../../hasy-data/v2-24306.png,82,\alpha,16925
../../hasy-data/v2-24307.png,82,\alpha,16925
../../hasy-data/v2-24308.png,82,\alpha,16925
../../hasy-data/v2-24309.png,82,\alpha,16925
../../hasy-data/v2-24310.png,82,\alpha,16925
../../hasy-data/v2-24311.png,82,\alpha,16925
../../hasy-data/v2-24312.png,82,\alpha,16925
../../hasy-data/v2-24313.png,82,\alpha,16925
../../hasy-data/v2-24314.png,82,\alpha,16925
../../hasy-data/v2-24315.png,82,\alpha,16925
../../hasy-data/v2-24316.png,82,\alpha,16925
../../hasy-data/v2-24317.png,82,\alpha,16925
../../hasy-data/v2-24318.png,82,\alpha,16925
../../hasy-data/v2-24319.png,82,\alpha,16925
../../hasy-data/v2-24320.png,82,\alpha,16925
../../hasy-data/v2-24321.png,82,\alpha,16925
../../hasy-data/v2-24322.png,82,\alpha,16925
../../hasy-data/v2-24323.png,82,\alpha,16925
../../hasy-data/v2-24324.png,82,\alpha,16925
../../hasy-data/v2-24325.png,82,\alpha,16925
../../hasy-data/v2-24326.png,82,\alpha,16925
../../hasy-data/v2-24327.png,82,\alpha,16925
../../hasy-data/v2-24328.png,82,\alpha,16925
../../hasy-data/v2-24329.png,82,\alpha,16925
../../hasy-data/v2-24330.png,82,\alpha,16925
../../hasy-data/v2-24331.png,82,\alpha,16925
../../hasy-data/v2-24332.png,82,\alpha,16925
../../hasy-data/v2-24333.png,82,\alpha,16925
../../hasy-data/v2-24334.png,82,\alpha,16925
../../hasy-data/v2-24335.png,82,\alpha,16925
../../hasy-data/v2-24336.png,82,\alpha,16925
../../hasy-data/v2-24337.png,82,\alpha,16925
../../hasy-data/v2-24338.png,82,\alpha,16925
../../hasy-data/v2-24339.png,82,\alpha,16925
../../hasy-data/v2-24340.png,82,\alpha,16925
../../hasy-data/v2-24341.png,82,\alpha,16925
../../hasy-data/v2-24342.png,82,\alpha,16925
../../hasy-data/v2-24343.png,82,\alpha,16925
../../hasy-data/v2-24344.png,82,\alpha,16925
../../hasy-data/v2-24345.png,82,\alpha,16925
../../hasy-data/v2-24346.png,82,\alpha,16925
../../hasy-data/v2-24347.png,82,\alpha,16925
../../hasy-data/v2-24348.png,82,\alpha,16925
../../hasy-data/v2-24349.png,82,\alpha,16925
../../hasy-data/v2-24350.png,82,\alpha,16925
../../hasy-data/v2-24351.png,82,\alpha,16925
../../hasy-data/v2-24352.png,82,\alpha,16925
../../hasy-data/v2-24353.png,82,\alpha,16925
../../hasy-data/v2-24354.png,82,\alpha,16925
../../hasy-data/v2-24355.png,82,\alpha,16925
../../hasy-data/v2-24356.png,82,\alpha,16925
../../hasy-data/v2-24357.png,82,\alpha,16925
../../hasy-data/v2-24358.png,82,\alpha,16925
../../hasy-data/v2-24359.png,82,\alpha,16925
../../hasy-data/v2-24360.png,82,\alpha,16925
../../hasy-data/v2-24361.png,82,\alpha,16925
../../hasy-data/v2-24362.png,82,\alpha,16925
../../hasy-data/v2-24363.png,82,\alpha,16925
../../hasy-data/v2-24364.png,82,\alpha,16925
../../hasy-data/v2-24365.png,82,\alpha,16925
../../hasy-data/v2-24366.png,82,\alpha,16925
../../hasy-data/v2-24367.png,82,\alpha,16925
../../hasy-data/v2-24368.png,82,\alpha,16925
../../hasy-data/v2-24369.png,82,\alpha,16925
../../hasy-data/v2-24370.png,82,\alpha,16925
../../hasy-data/v2-24371.png,82,\alpha,16925
../../hasy-data/v2-24372.png,82,\alpha,16925
../../hasy-data/v2-24373.png,82,\alpha,16925
../../hasy-data/v2-24374.png,82,\alpha,16925
../../hasy-data/v2-24375.png,82,\alpha,16925
../../hasy-data/v2-24376.png,82,\alpha,16925
../../hasy-data/v2-24377.png,82,\alpha,16925
../../hasy-data/v2-24378.png,82,\alpha,16925
../../hasy-data/v2-24379.png,82,\alpha,16925
../../hasy-data/v2-24380.png,82,\alpha,16925
../../hasy-data/v2-24381.png,82,\alpha,16925
../../hasy-data/v2-24382.png,82,\alpha,16925
../../hasy-data/v2-24383.png,82,\alpha,16925
../../hasy-data/v2-24384.png,82,\alpha,16925
../../hasy-data/v2-24385.png,82,\alpha,16925
../../hasy-data/v2-24386.png,82,\alpha,16925
../../hasy-data/v2-24387.png,82,\alpha,16925
../../hasy-data/v2-24388.png,82,\alpha,16925
../../hasy-data/v2-24389.png,82,\alpha,16925
../../hasy-data/v2-24390.png,82,\alpha,16925
../../hasy-data/v2-24391.png,82,\alpha,16925
../../hasy-data/v2-24392.png,82,\alpha,16925
../../hasy-data/v2-24393.png,82,\alpha,16925
../../hasy-data/v2-24394.png,82,\alpha,16925
../../hasy-data/v2-24395.png,82,\alpha,16925
../../hasy-data/v2-24396.png,82,\alpha,16925
../../hasy-data/v2-24397.png,82,\alpha,16925
../../hasy-data/v2-24398.png,82,\alpha,16925
../../hasy-data/v2-24399.png,82,\alpha,16925
../../hasy-data/v2-24400.png,82,\alpha,16925
../../hasy-data/v2-24401.png,82,\alpha,16925
../../hasy-data/v2-24402.png,82,\alpha,16925
../../hasy-data/v2-24403.png,82,\alpha,16925
../../hasy-data/v2-24404.png,82,\alpha,16925
../../hasy-data/v2-24405.png,82,\alpha,16925
../../hasy-data/v2-24406.png,82,\alpha,16925
../../hasy-data/v2-24407.png,82,\alpha,16925
../../hasy-data/v2-24408.png,82,\alpha,16925
../../hasy-data/v2-24409.png,82,\alpha,16925
../../hasy-data/v2-24410.png,82,\alpha,16925
../../hasy-data/v2-24411.png,82,\alpha,16925
../../hasy-data/v2-24412.png,82,\alpha,16925
../../hasy-data/v2-24413.png,82,\alpha,16925
../../hasy-data/v2-24414.png,82,\alpha,16925
../../hasy-data/v2-24415.png,82,\alpha,16925
../../hasy-data/v2-24416.png,82,\alpha,16925
../../hasy-data/v2-24417.png,82,\alpha,16925
../../hasy-data/v2-24418.png,82,\alpha,16925
../../hasy-data/v2-24419.png,82,\alpha,16925
../../hasy-data/v2-24420.png,82,\alpha,16925
../../hasy-data/v2-24421.png,82,\alpha,16925
../../hasy-data/v2-24422.png,82,\alpha,16925
../../hasy-data/v2-24423.png,82,\alpha,16925
../../hasy-data/v2-24424.png,82,\alpha,16925
../../hasy-data/v2-24425.png,82,\alpha,16925
../../hasy-data/v2-24426.png,82,\alpha,16925
../../hasy-data/v2-24427.png,82,\alpha,16925
../../hasy-data/v2-24428.png,82,\alpha,16925
../../hasy-data/v2-24429.png,82,\alpha,16925
../../hasy-data/v2-24430.png,82,\alpha,16925
../../hasy-data/v2-24431.png,82,\alpha,16925
../../hasy-data/v2-24432.png,82,\alpha,16925
../../hasy-data/v2-24433.png,82,\alpha,16925
../../hasy-data/v2-24434.png,82,\alpha,16925
../../hasy-data/v2-24435.png,82,\alpha,16925
../../hasy-data/v2-24436.png,82,\alpha,16925
../../hasy-data/v2-24437.png,82,\alpha,16925
../../hasy-data/v2-24438.png,82,\alpha,16925
../../hasy-data/v2-24439.png,82,\alpha,16925
../../hasy-data/v2-24440.png,82,\alpha,16925
../../hasy-data/v2-24441.png,82,\alpha,16925
../../hasy-data/v2-24442.png,82,\alpha,16925
../../hasy-data/v2-24443.png,82,\alpha,16925
../../hasy-data/v2-24444.png,82,\alpha,16925
../../hasy-data/v2-24445.png,82,\alpha,16925
../../hasy-data/v2-24446.png,82,\alpha,16925
../../hasy-data/v2-24447.png,82,\alpha,16925
../../hasy-data/v2-24448.png,82,\alpha,16925
../../hasy-data/v2-24449.png,82,\alpha,16925
../../hasy-data/v2-24450.png,82,\alpha,16925
../../hasy-data/v2-24451.png,82,\alpha,16925
../../hasy-data/v2-24452.png,82,\alpha,16925
../../hasy-data/v2-24453.png,82,\alpha,16925
../../hasy-data/v2-24454.png,82,\alpha,16925
../../hasy-data/v2-24455.png,82,\alpha,16925
../../hasy-data/v2-24456.png,82,\alpha,16925
../../hasy-data/v2-24457.png,82,\alpha,16925
../../hasy-data/v2-24458.png,82,\alpha,16925
../../hasy-data/v2-24459.png,82,\alpha,16925
../../hasy-data/v2-24460.png,82,\alpha,16925
../../hasy-data/v2-24461.png,82,\alpha,16925
../../hasy-data/v2-24462.png,82,\alpha,16925
../../hasy-data/v2-24463.png,82,\alpha,16925
../../hasy-data/v2-24464.png,82,\alpha,16925
../../hasy-data/v2-24465.png,82,\alpha,16925
../../hasy-data/v2-24466.png,82,\alpha,16925
../../hasy-data/v2-24467.png,82,\alpha,16925
../../hasy-data/v2-24468.png,82,\alpha,16925
../../hasy-data/v2-24469.png,82,\alpha,16925
../../hasy-data/v2-24470.png,82,\alpha,16925
../../hasy-data/v2-24471.png,82,\alpha,16925
../../hasy-data/v2-24472.png,82,\alpha,16925
../../hasy-data/v2-24473.png,82,\alpha,16925
../../hasy-data/v2-24474.png,82,\alpha,16925
../../hasy-data/v2-24475.png,82,\alpha,16925
../../hasy-data/v2-24476.png,82,\alpha,16925
../../hasy-data/v2-24477.png,82,\alpha,16925
../../hasy-data/v2-24478.png,82,\alpha,16925
../../hasy-data/v2-24479.png,82,\alpha,16925
../../hasy-data/v2-24480.png,82,\alpha,16925
../../hasy-data/v2-24481.png,82,\alpha,16925
../../hasy-data/v2-24482.png,82,\alpha,16925
../../hasy-data/v2-24483.png,82,\alpha,16925
../../hasy-data/v2-24484.png,82,\alpha,16925
../../hasy-data/v2-24485.png,82,\alpha,16925
../../hasy-data/v2-24486.png,82,\alpha,16925
../../hasy-data/v2-24487.png,82,\alpha,16925
../../hasy-data/v2-24488.png,82,\alpha,16925
../../hasy-data/v2-24489.png,82,\alpha,16925
../../hasy-data/v2-24490.png,82,\alpha,29589
../../hasy-data/v2-24491.png,82,\alpha,40709
../../hasy-data/v2-24492.png,82,\alpha,42321
../../hasy-data/v2-24493.png,82,\alpha,10
../../hasy-data/v2-24494.png,82,\alpha,10
../../hasy-data/v2-24495.png,82,\alpha,59154
../../hasy-data/v2-24496.png,82,\alpha,65362
../../hasy-data/v2-24497.png,82,\alpha,10
../../hasy-data/v2-24498.png,82,\alpha,10
../../hasy-data/v2-24499.png,82,\alpha,10
../../hasy-data/v2-24500.png,82,\alpha,89526
../../hasy-data/v2-24501.png,82,\alpha,15
../../hasy-data/v2-24502.png,82,\alpha,15
../../hasy-data/v2-24503.png,82,\alpha,15
../../hasy-data/v2-24504.png,82,\alpha,15
../../hasy-data/v2-24505.png,82,\alpha,92768
../../hasy-data/v2-24506.png,82,\alpha,10
../../hasy-data/v2-24507.png,82,\alpha,100030
../../hasy-data/v2-24508.png,82,\alpha,100079
../../hasy-data/v2-24509.png,82,\alpha,100156
../../hasy-data/v2-24510.png,82,\alpha,100157
../../hasy-data/v2-24511.png,82,\alpha,100839
../../hasy-data/v2-24512.png,82,\alpha,100845
../../hasy-data/v2-24513.png,82,\alpha,100853
../../hasy-data/v2-24514.png,82,\alpha,100887
../../hasy-data/v2-24515.png,82,\alpha,100895
../../hasy-data/v2-24516.png,82,\alpha,101152
../../hasy-data/v2-24517.png,82,\alpha,101152
../../hasy-data/v2-24518.png,82,\alpha,101158
../../hasy-data/v2-24519.png,82,\alpha,101176
../../hasy-data/v2-24520.png,82,\alpha,101223
../../hasy-data/v2-24521.png,82,\alpha,101227
../../hasy-data/v2-24522.png,82,\alpha,101228
../../hasy-data/v2-24523.png,82,\alpha,101229
../../hasy-data/v2-24524.png,82,\alpha,101231
../../hasy-data/v2-24525.png,82,\alpha,101232
../../hasy-data/v2-24526.png,82,\alpha,101234
../../hasy-data/v2-24527.png,82,\alpha,101235
../../hasy-data/v2-24528.png,82,\alpha,101236
../../hasy-data/v2-24529.png,82,\alpha,101237
../../hasy-data/v2-24530.png,82,\alpha,101238
../../hasy-data/v2-24531.png,82,\alpha,101240
../../hasy-data/v2-24532.png,82,\alpha,101750
../../hasy-data/v2-24533.png,82,\alpha,101794
../../hasy-data/v2-24534.png,82,\alpha,101836
../../hasy-data/v2-24535.png,82,\alpha,101836
../../hasy-data/v2-24536.png,82,\alpha,102018
../../hasy-data/v2-24537.png,82,\alpha,116471
../../hasy-data/v2-24538.png,82,\alpha,116664
../../hasy-data/v2-24539.png,82,\alpha,117684
../../hasy-data/v2-24540.png,82,\alpha,118089
../../hasy-data/v2-24541.png,82,\alpha,124916
../../hasy-data/v2-24542.png,82,\alpha,125926
../../hasy-data/v2-24544.png,87,\beta,10
../../hasy-data/v2-24545.png,87,\beta,15
../../hasy-data/v2-24546.png,87,\beta,10
../../hasy-data/v2-24547.png,87,\beta,10
../../hasy-data/v2-24548.png,87,\beta,10
../../hasy-data/v2-24549.png,87,\beta,10
../../hasy-data/v2-24550.png,87,\beta,10
../../hasy-data/v2-24551.png,87,\beta,10
../../hasy-data/v2-24552.png,87,\beta,10
../../hasy-data/v2-24553.png,87,\beta,10
../../hasy-data/v2-24554.png,87,\beta,10
../../hasy-data/v2-24555.png,87,\beta,10
../../hasy-data/v2-24556.png,87,\beta,10
../../hasy-data/v2-24557.png,87,\beta,10
../../hasy-data/v2-24558.png,87,\beta,10
../../hasy-data/v2-24559.png,87,\beta,10
../../hasy-data/v2-24560.png,87,\beta,10
../../hasy-data/v2-24561.png,87,\beta,10
../../hasy-data/v2-24562.png,87,\beta,10
../../hasy-data/v2-24563.png,87,\beta,10
../../hasy-data/v2-24564.png,87,\beta,10
../../hasy-data/v2-24565.png,87,\beta,10
../../hasy-data/v2-24566.png,87,\beta,10
../../hasy-data/v2-24567.png,87,\beta,10
../../hasy-data/v2-24568.png,87,\beta,10
../../hasy-data/v2-24569.png,87,\beta,10
../../hasy-data/v2-24570.png,87,\beta,10
../../hasy-data/v2-24571.png,87,\beta,10
../../hasy-data/v2-24572.png,87,\beta,10
../../hasy-data/v2-24573.png,87,\beta,10
../../hasy-data/v2-24574.png,87,\beta,10
../../hasy-data/v2-24575.png,87,\beta,10
../../hasy-data/v2-24576.png,87,\beta,10
../../hasy-data/v2-24577.png,87,\beta,10
../../hasy-data/v2-24578.png,87,\beta,10
../../hasy-data/v2-24579.png,87,\beta,10
../../hasy-data/v2-24580.png,87,\beta,10
../../hasy-data/v2-24581.png,87,\beta,10
../../hasy-data/v2-24582.png,87,\beta,10
../../hasy-data/v2-24583.png,87,\beta,10
../../hasy-data/v2-24584.png,87,\beta,10
../../hasy-data/v2-24585.png,87,\beta,10
../../hasy-data/v2-24586.png,87,\beta,10
../../hasy-data/v2-24587.png,87,\beta,10
../../hasy-data/v2-24588.png,87,\beta,10
../../hasy-data/v2-24589.png,87,\beta,10
../../hasy-data/v2-24590.png,87,\beta,10
../../hasy-data/v2-24591.png,87,\beta,34
../../hasy-data/v2-24592.png,87,\beta,32
../../hasy-data/v2-24593.png,87,\beta,35
../../hasy-data/v2-24594.png,87,\beta,37
../../hasy-data/v2-24595.png,87,\beta,40
../../hasy-data/v2-24596.png,87,\beta,44
../../hasy-data/v2-24597.png,87,\beta,46
../../hasy-data/v2-24598.png,87,\beta,48
../../hasy-data/v2-24599.png,87,\beta,10
../../hasy-data/v2-24600.png,87,\beta,51
../../hasy-data/v2-24601.png,87,\beta,59
../../hasy-data/v2-24602.png,87,\beta,10
../../hasy-data/v2-24603.png,87,\beta,1692
../../hasy-data/v2-24604.png,87,\beta,1710
../../hasy-data/v2-24605.png,87,\beta,3320
../../hasy-data/v2-24606.png,87,\beta,3620
../../hasy-data/v2-24607.png,87,\beta,4435
../../hasy-data/v2-24608.png,87,\beta,4435
../../hasy-data/v2-24609.png,87,\beta,4142
../../hasy-data/v2-24610.png,87,\beta,5572
../../hasy-data/v2-24611.png,87,\beta,5822
../../hasy-data/v2-24612.png,87,\beta,5852
../../hasy-data/v2-24613.png,87,\beta,5877
../../hasy-data/v2-24614.png,87,\beta,5879
../../hasy-data/v2-24615.png,87,\beta,5864
../../hasy-data/v2-24616.png,87,\beta,10
../../hasy-data/v2-24617.png,87,\beta,1696
../../hasy-data/v2-24618.png,87,\beta,6188
../../hasy-data/v2-24619.png,87,\beta,6483
../../hasy-data/v2-24620.png,87,\beta,6483
../../hasy-data/v2-24621.png,87,\beta,6567
../../hasy-data/v2-24622.png,87,\beta,6565
../../hasy-data/v2-24623.png,87,\beta,6483
../../hasy-data/v2-24624.png,87,\beta,6483
../../hasy-data/v2-24625.png,87,\beta,6640
../../hasy-data/v2-24626.png,87,\beta,6643
../../hasy-data/v2-24627.png,87,\beta,6662
../../hasy-data/v2-24628.png,87,\beta,6686
../../hasy-data/v2-24629.png,87,\beta,6672
../../hasy-data/v2-24630.png,87,\beta,6899
../../hasy-data/v2-24631.png,87,\beta,6902
../../hasy-data/v2-24632.png,87,\beta,6483
../../hasy-data/v2-24633.png,87,\beta,7052
../../hasy-data/v2-24634.png,87,\beta,7841
../../hasy-data/v2-24635.png,87,\beta,6958
../../hasy-data/v2-24636.png,87,\beta,7957
../../hasy-data/v2-24637.png,87,\beta,8071
../../hasy-data/v2-24638.png,87,\beta,8457
../../hasy-data/v2-24639.png,87,\beta,8486
../../hasy-data/v2-24640.png,87,\beta,8633
../../hasy-data/v2-24641.png,87,\beta,6483
../../hasy-data/v2-24642.png,87,\beta,8754
../../hasy-data/v2-24643.png,87,\beta,8788
../../hasy-data/v2-24644.png,87,\beta,8788
../../hasy-data/v2-24645.png,87,\beta,8788
../../hasy-data/v2-24646.png,87,\beta,8788
../../hasy-data/v2-24647.png,87,\beta,9017
../../hasy-data/v2-24648.png,87,\beta,9283
../../hasy-data/v2-24649.png,87,\beta,9505
../../hasy-data/v2-24650.png,87,\beta,16925
../../hasy-data/v2-24651.png,87,\beta,16925
../../hasy-data/v2-24652.png,87,\beta,16925
../../hasy-data/v2-24653.png,87,\beta,16925
../../hasy-data/v2-24654.png,87,\beta,16925
../../hasy-data/v2-24655.png,87,\beta,16925
../../hasy-data/v2-24656.png,87,\beta,16925
../../hasy-data/v2-24657.png,87,\beta,16925
../../hasy-data/v2-24658.png,87,\beta,16925
../../hasy-data/v2-24659.png,87,\beta,16925
../../hasy-data/v2-24660.png,87,\beta,16925
../../hasy-data/v2-24661.png,87,\beta,16925
../../hasy-data/v2-24662.png,87,\beta,16925
../../hasy-data/v2-24663.png,87,\beta,16925
../../hasy-data/v2-24664.png,87,\beta,16925
../../hasy-data/v2-24665.png,87,\beta,16925
../../hasy-data/v2-24666.png,87,\beta,16925
../../hasy-data/v2-24667.png,87,\beta,16925
../../hasy-data/v2-24668.png,87,\beta,16925
../../hasy-data/v2-24669.png,87,\beta,16925
../../hasy-data/v2-24670.png,87,\beta,16925
../../hasy-data/v2-24671.png,87,\beta,16925
../../hasy-data/v2-24672.png,87,\beta,16925
../../hasy-data/v2-24673.png,87,\beta,16925
../../hasy-data/v2-24674.png,87,\beta,16925
../../hasy-data/v2-24675.png,87,\beta,16925
../../hasy-data/v2-24676.png,87,\beta,16925
../../hasy-data/v2-24677.png,87,\beta,16925
../../hasy-data/v2-24678.png,87,\beta,16925
../../hasy-data/v2-24679.png,87,\beta,16925
../../hasy-data/v2-24680.png,87,\beta,16925
../../hasy-data/v2-24681.png,87,\beta,16925
../../hasy-data/v2-24682.png,87,\beta,16925
../../hasy-data/v2-24683.png,87,\beta,16925
../../hasy-data/v2-24684.png,87,\beta,16925
../../hasy-data/v2-24685.png,87,\beta,16925
../../hasy-data/v2-24686.png,87,\beta,16925
../../hasy-data/v2-24687.png,87,\beta,16925
../../hasy-data/v2-24688.png,87,\beta,16925
../../hasy-data/v2-24689.png,87,\beta,16925
../../hasy-data/v2-24690.png,87,\beta,16925
../../hasy-data/v2-24691.png,87,\beta,16925
../../hasy-data/v2-24692.png,87,\beta,16925
../../hasy-data/v2-24693.png,87,\beta,16925
../../hasy-data/v2-24694.png,87,\beta,16925
../../hasy-data/v2-24695.png,87,\beta,16925
../../hasy-data/v2-24696.png,87,\beta,16925
../../hasy-data/v2-24697.png,87,\beta,16925
../../hasy-data/v2-24698.png,87,\beta,16925
../../hasy-data/v2-24699.png,87,\beta,16925
../../hasy-data/v2-24700.png,87,\beta,16925
../../hasy-data/v2-24701.png,87,\beta,16925
../../hasy-data/v2-24702.png,87,\beta,16925
../../hasy-data/v2-24703.png,87,\beta,16925
../../hasy-data/v2-24704.png,87,\beta,16925
../../hasy-data/v2-24705.png,87,\beta,16925
../../hasy-data/v2-24706.png,87,\beta,16925
../../hasy-data/v2-24707.png,87,\beta,16925
../../hasy-data/v2-24708.png,87,\beta,16925
../../hasy-data/v2-24709.png,87,\beta,16925
../../hasy-data/v2-24710.png,87,\beta,16925
../../hasy-data/v2-24711.png,87,\beta,16925
../../hasy-data/v2-24712.png,87,\beta,16925
../../hasy-data/v2-24713.png,87,\beta,16925
../../hasy-data/v2-24714.png,87,\beta,16925
../../hasy-data/v2-24715.png,87,\beta,16925
../../hasy-data/v2-24716.png,87,\beta,16925
../../hasy-data/v2-24717.png,87,\beta,16925
../../hasy-data/v2-24718.png,87,\beta,16925
../../hasy-data/v2-24719.png,87,\beta,16925
../../hasy-data/v2-24720.png,87,\beta,16925
../../hasy-data/v2-24721.png,87,\beta,16925
../../hasy-data/v2-24722.png,87,\beta,16925
../../hasy-data/v2-24723.png,87,\beta,16925
../../hasy-data/v2-24724.png,87,\beta,16925
../../hasy-data/v2-24725.png,87,\beta,16925
../../hasy-data/v2-24726.png,87,\beta,16925
../../hasy-data/v2-24727.png,87,\beta,16925
../../hasy-data/v2-24728.png,87,\beta,16925
../../hasy-data/v2-24729.png,87,\beta,16925
../../hasy-data/v2-24730.png,87,\beta,16925
../../hasy-data/v2-24731.png,87,\beta,16925
../../hasy-data/v2-24732.png,87,\beta,16925
../../hasy-data/v2-24733.png,87,\beta,16925
../../hasy-data/v2-24734.png,87,\beta,16925
../../hasy-data/v2-24735.png,87,\beta,16925
../../hasy-data/v2-24736.png,87,\beta,16925
../../hasy-data/v2-24737.png,87,\beta,16925
../../hasy-data/v2-24738.png,87,\beta,16925
../../hasy-data/v2-24739.png,87,\beta,16925
../../hasy-data/v2-24740.png,87,\beta,16925
../../hasy-data/v2-24741.png,87,\beta,16925
../../hasy-data/v2-24742.png,87,\beta,16925
../../hasy-data/v2-24743.png,87,\beta,16925
../../hasy-data/v2-24744.png,87,\beta,16925
../../hasy-data/v2-24745.png,87,\beta,16925
../../hasy-data/v2-24746.png,87,\beta,16925
../../hasy-data/v2-24747.png,87,\beta,16925
../../hasy-data/v2-24748.png,87,\beta,16925
../../hasy-data/v2-24749.png,87,\beta,16925
../../hasy-data/v2-24750.png,87,\beta,16925
../../hasy-data/v2-24751.png,87,\beta,16925
../../hasy-data/v2-24752.png,87,\beta,16925
../../hasy-data/v2-24753.png,87,\beta,16925
../../hasy-data/v2-24754.png,87,\beta,16925
../../hasy-data/v2-24755.png,87,\beta,16925
../../hasy-data/v2-24756.png,87,\beta,16925
../../hasy-data/v2-24757.png,87,\beta,16925
../../hasy-data/v2-24758.png,87,\beta,16925
../../hasy-data/v2-24759.png,87,\beta,16925
../../hasy-data/v2-24760.png,87,\beta,16925
../../hasy-data/v2-24761.png,87,\beta,16925
../../hasy-data/v2-24762.png,87,\beta,16925
../../hasy-data/v2-24763.png,87,\beta,16925
../../hasy-data/v2-24764.png,87,\beta,16925
../../hasy-data/v2-24765.png,87,\beta,16925
../../hasy-data/v2-24766.png,87,\beta,16925
../../hasy-data/v2-24767.png,87,\beta,16925
../../hasy-data/v2-24768.png,87,\beta,16925
../../hasy-data/v2-24769.png,87,\beta,16925
../../hasy-data/v2-24770.png,87,\beta,16925
../../hasy-data/v2-24771.png,87,\beta,16925
../../hasy-data/v2-24772.png,87,\beta,16925
../../hasy-data/v2-24773.png,87,\beta,16925
../../hasy-data/v2-24774.png,87,\beta,16925
../../hasy-data/v2-24775.png,87,\beta,16925
../../hasy-data/v2-24776.png,87,\beta,16925
../../hasy-data/v2-24777.png,87,\beta,16925
../../hasy-data/v2-24778.png,87,\beta,16925
../../hasy-data/v2-24779.png,87,\beta,16925
../../hasy-data/v2-24780.png,87,\beta,16925
../../hasy-data/v2-24781.png,87,\beta,16925
../../hasy-data/v2-24782.png,87,\beta,16925
../../hasy-data/v2-24783.png,87,\beta,16925
../../hasy-data/v2-24784.png,87,\beta,16925
../../hasy-data/v2-24785.png,87,\beta,16925
../../hasy-data/v2-24786.png,87,\beta,16925
../../hasy-data/v2-24787.png,87,\beta,16925
../../hasy-data/v2-24788.png,87,\beta,16925
../../hasy-data/v2-24789.png,87,\beta,16925
../../hasy-data/v2-24790.png,87,\beta,16925
../../hasy-data/v2-24791.png,87,\beta,16925
../../hasy-data/v2-24792.png,87,\beta,16925
../../hasy-data/v2-24793.png,87,\beta,16925
../../hasy-data/v2-24794.png,87,\beta,16925
../../hasy-data/v2-24795.png,87,\beta,16925
../../hasy-data/v2-24796.png,87,\beta,16925
../../hasy-data/v2-24797.png,87,\beta,16925
../../hasy-data/v2-24798.png,87,\beta,16925
../../hasy-data/v2-24799.png,87,\beta,16925
../../hasy-data/v2-24800.png,87,\beta,16925
../../hasy-data/v2-24801.png,87,\beta,16925
../../hasy-data/v2-24802.png,87,\beta,16925
../../hasy-data/v2-24803.png,87,\beta,16925
../../hasy-data/v2-24804.png,87,\beta,16925
../../hasy-data/v2-24805.png,87,\beta,16925
../../hasy-data/v2-24806.png,87,\beta,16925
../../hasy-data/v2-24807.png,87,\beta,16925
../../hasy-data/v2-24808.png,87,\beta,16925
../../hasy-data/v2-24809.png,87,\beta,16925
../../hasy-data/v2-24810.png,87,\beta,16925
../../hasy-data/v2-24811.png,87,\beta,16925
../../hasy-data/v2-24812.png,87,\beta,16925
../../hasy-data/v2-24813.png,87,\beta,16925
../../hasy-data/v2-24814.png,87,\beta,16925
../../hasy-data/v2-24815.png,87,\beta,16925
../../hasy-data/v2-24816.png,87,\beta,16925
../../hasy-data/v2-24817.png,87,\beta,16925
../../hasy-data/v2-24818.png,87,\beta,16925
../../hasy-data/v2-24819.png,87,\beta,16925
../../hasy-data/v2-24820.png,87,\beta,16925
../../hasy-data/v2-24821.png,87,\beta,16925
../../hasy-data/v2-24822.png,87,\beta,16925
../../hasy-data/v2-24823.png,87,\beta,16925
../../hasy-data/v2-24824.png,87,\beta,16925
../../hasy-data/v2-24825.png,87,\beta,16925
../../hasy-data/v2-24826.png,87,\beta,16925
../../hasy-data/v2-24827.png,87,\beta,16925
../../hasy-data/v2-24828.png,87,\beta,16925
../../hasy-data/v2-24829.png,87,\beta,16925
../../hasy-data/v2-24830.png,87,\beta,16925
../../hasy-data/v2-24831.png,87,\beta,16925
../../hasy-data/v2-24832.png,87,\beta,16925
../../hasy-data/v2-24833.png,87,\beta,16925
../../hasy-data/v2-24834.png,87,\beta,16925
../../hasy-data/v2-24835.png,87,\beta,16925
../../hasy-data/v2-24836.png,87,\beta,16925
../../hasy-data/v2-24837.png,87,\beta,16925
../../hasy-data/v2-24838.png,87,\beta,16925
../../hasy-data/v2-24839.png,87,\beta,16925
../../hasy-data/v2-24840.png,87,\beta,16925
../../hasy-data/v2-24841.png,87,\beta,16925
../../hasy-data/v2-24842.png,87,\beta,16925
../../hasy-data/v2-24843.png,87,\beta,16925
../../hasy-data/v2-24844.png,87,\beta,16925
../../hasy-data/v2-24845.png,87,\beta,16925
../../hasy-data/v2-24846.png,87,\beta,16925
../../hasy-data/v2-24847.png,87,\beta,16925
../../hasy-data/v2-24848.png,87,\beta,16925
../../hasy-data/v2-24849.png,87,\beta,16925
../../hasy-data/v2-24850.png,87,\beta,16925
../../hasy-data/v2-24851.png,87,\beta,16925
../../hasy-data/v2-24852.png,87,\beta,16925
../../hasy-data/v2-24853.png,87,\beta,16925
../../hasy-data/v2-24854.png,87,\beta,16925
../../hasy-data/v2-24855.png,87,\beta,16925
../../hasy-data/v2-24856.png,87,\beta,16925
../../hasy-data/v2-24857.png,87,\beta,16925
../../hasy-data/v2-24858.png,87,\beta,16925
../../hasy-data/v2-24859.png,87,\beta,16925
../../hasy-data/v2-24860.png,87,\beta,16925
../../hasy-data/v2-24861.png,87,\beta,16925
../../hasy-data/v2-24862.png,87,\beta,16925
../../hasy-data/v2-24863.png,87,\beta,16925
../../hasy-data/v2-24864.png,87,\beta,16925
../../hasy-data/v2-24865.png,87,\beta,16925
../../hasy-data/v2-24866.png,87,\beta,16925
../../hasy-data/v2-24867.png,87,\beta,16925
../../hasy-data/v2-24868.png,87,\beta,16925
../../hasy-data/v2-24869.png,87,\beta,16925
../../hasy-data/v2-24870.png,87,\beta,16925
../../hasy-data/v2-24871.png,87,\beta,16925
../../hasy-data/v2-24872.png,87,\beta,16925
../../hasy-data/v2-24873.png,87,\beta,16925
../../hasy-data/v2-24874.png,87,\beta,16925
../../hasy-data/v2-24875.png,87,\beta,16925
../../hasy-data/v2-24876.png,87,\beta,16925
../../hasy-data/v2-24877.png,87,\beta,16925
../../hasy-data/v2-24878.png,87,\beta,16925
../../hasy-data/v2-24879.png,87,\beta,16925
../../hasy-data/v2-24880.png,87,\beta,16925
../../hasy-data/v2-24881.png,87,\beta,16925
../../hasy-data/v2-24882.png,87,\beta,16925
../../hasy-data/v2-24883.png,87,\beta,16925
../../hasy-data/v2-24884.png,87,\beta,16925
../../hasy-data/v2-24885.png,87,\beta,16925
../../hasy-data/v2-24886.png,87,\beta,16925
../../hasy-data/v2-24887.png,87,\beta,16925
../../hasy-data/v2-24888.png,87,\beta,16925
../../hasy-data/v2-24889.png,87,\beta,16925
../../hasy-data/v2-24890.png,87,\beta,16925
../../hasy-data/v2-24891.png,87,\beta,16925
../../hasy-data/v2-24892.png,87,\beta,16925
../../hasy-data/v2-24893.png,87,\beta,16925
../../hasy-data/v2-24894.png,87,\beta,16925
../../hasy-data/v2-24895.png,87,\beta,16925
../../hasy-data/v2-24896.png,87,\beta,16925
../../hasy-data/v2-24897.png,87,\beta,16925
../../hasy-data/v2-24898.png,87,\beta,16925
../../hasy-data/v2-24899.png,87,\beta,16925
../../hasy-data/v2-24900.png,87,\beta,16925
../../hasy-data/v2-24901.png,87,\beta,16925
../../hasy-data/v2-24902.png,87,\beta,16925
../../hasy-data/v2-24903.png,87,\beta,16925
../../hasy-data/v2-24904.png,87,\beta,16925
../../hasy-data/v2-24905.png,87,\beta,16925
../../hasy-data/v2-24906.png,87,\beta,16925
../../hasy-data/v2-24907.png,87,\beta,16925
../../hasy-data/v2-24908.png,87,\beta,16925
../../hasy-data/v2-24909.png,87,\beta,16925
../../hasy-data/v2-24910.png,87,\beta,16925
../../hasy-data/v2-24911.png,87,\beta,16925
../../hasy-data/v2-24912.png,87,\beta,16925
../../hasy-data/v2-24913.png,87,\beta,16925
../../hasy-data/v2-24914.png,87,\beta,16925
../../hasy-data/v2-24915.png,87,\beta,16925
../../hasy-data/v2-24916.png,87,\beta,16925
../../hasy-data/v2-24917.png,87,\beta,16925
../../hasy-data/v2-24918.png,87,\beta,16925
../../hasy-data/v2-24919.png,87,\beta,16925
../../hasy-data/v2-24920.png,87,\beta,16925
../../hasy-data/v2-24921.png,87,\beta,16925
../../hasy-data/v2-24922.png,87,\beta,16925
../../hasy-data/v2-24923.png,87,\beta,16925
../../hasy-data/v2-24924.png,87,\beta,16925
../../hasy-data/v2-24925.png,87,\beta,16925
../../hasy-data/v2-24926.png,87,\beta,16925
../../hasy-data/v2-24927.png,87,\beta,16925
../../hasy-data/v2-24928.png,87,\beta,16925
../../hasy-data/v2-24929.png,87,\beta,16925
../../hasy-data/v2-24930.png,87,\beta,16925
../../hasy-data/v2-24931.png,87,\beta,16925
../../hasy-data/v2-24932.png,87,\beta,16925
../../hasy-data/v2-24933.png,87,\beta,16925
../../hasy-data/v2-24934.png,87,\beta,16925
../../hasy-data/v2-24935.png,87,\beta,16925
../../hasy-data/v2-24936.png,87,\beta,16925
../../hasy-data/v2-24937.png,87,\beta,16925
../../hasy-data/v2-24938.png,87,\beta,16925
../../hasy-data/v2-24939.png,87,\beta,16925
../../hasy-data/v2-24940.png,87,\beta,16925
../../hasy-data/v2-24941.png,87,\beta,16925
../../hasy-data/v2-24942.png,87,\beta,16925
../../hasy-data/v2-24943.png,87,\beta,16925
../../hasy-data/v2-24944.png,87,\beta,16925
../../hasy-data/v2-24945.png,87,\beta,16925
../../hasy-data/v2-24946.png,87,\beta,16925
../../hasy-data/v2-24947.png,87,\beta,16925
../../hasy-data/v2-24948.png,87,\beta,16925
../../hasy-data/v2-24949.png,87,\beta,16925
../../hasy-data/v2-24950.png,87,\beta,16925
../../hasy-data/v2-24951.png,87,\beta,16925
../../hasy-data/v2-24952.png,87,\beta,16925
../../hasy-data/v2-24953.png,87,\beta,16925
../../hasy-data/v2-24954.png,87,\beta,16925
../../hasy-data/v2-24955.png,87,\beta,16925
../../hasy-data/v2-24956.png,87,\beta,16925
../../hasy-data/v2-24957.png,87,\beta,16925
../../hasy-data/v2-24958.png,87,\beta,16925
../../hasy-data/v2-24959.png,87,\beta,16925
../../hasy-data/v2-24960.png,87,\beta,16925
../../hasy-data/v2-24961.png,87,\beta,16925
../../hasy-data/v2-24962.png,87,\beta,16925
../../hasy-data/v2-24963.png,87,\beta,16925
../../hasy-data/v2-24964.png,87,\beta,16925
../../hasy-data/v2-24965.png,87,\beta,16925
../../hasy-data/v2-24966.png,87,\beta,16925
../../hasy-data/v2-24967.png,87,\beta,16925
../../hasy-data/v2-24968.png,87,\beta,16925
../../hasy-data/v2-24969.png,87,\beta,16925
../../hasy-data/v2-24970.png,87,\beta,16925
../../hasy-data/v2-24971.png,87,\beta,16925
../../hasy-data/v2-24972.png,87,\beta,16925
../../hasy-data/v2-24973.png,87,\beta,16925
../../hasy-data/v2-24974.png,87,\beta,16925
../../hasy-data/v2-24975.png,87,\beta,16925
../../hasy-data/v2-24976.png,87,\beta,16925
../../hasy-data/v2-24977.png,87,\beta,16925
../../hasy-data/v2-24978.png,87,\beta,16925
../../hasy-data/v2-24979.png,87,\beta,16925
../../hasy-data/v2-24980.png,87,\beta,16925
../../hasy-data/v2-24981.png,87,\beta,16925
../../hasy-data/v2-24982.png,87,\beta,16925
../../hasy-data/v2-24983.png,87,\beta,16925
../../hasy-data/v2-24984.png,87,\beta,16925
../../hasy-data/v2-24985.png,87,\beta,16925
../../hasy-data/v2-24986.png,87,\beta,16925
../../hasy-data/v2-24987.png,87,\beta,16925
../../hasy-data/v2-24988.png,87,\beta,16925
../../hasy-data/v2-24989.png,87,\beta,16925
../../hasy-data/v2-24990.png,87,\beta,16925
../../hasy-data/v2-24991.png,87,\beta,16925
../../hasy-data/v2-24992.png,87,\beta,16925
../../hasy-data/v2-24993.png,87,\beta,16925
../../hasy-data/v2-24994.png,87,\beta,16925
../../hasy-data/v2-24995.png,87,\beta,16925
../../hasy-data/v2-24996.png,87,\beta,16925
../../hasy-data/v2-24997.png,87,\beta,16925
../../hasy-data/v2-24998.png,87,\beta,16925
../../hasy-data/v2-24999.png,87,\beta,16925
../../hasy-data/v2-25000.png,87,\beta,16925
../../hasy-data/v2-25001.png,87,\beta,16925
../../hasy-data/v2-25002.png,87,\beta,16925
../../hasy-data/v2-25003.png,87,\beta,16925
../../hasy-data/v2-25004.png,87,\beta,16925
../../hasy-data/v2-25005.png,87,\beta,16925
../../hasy-data/v2-25006.png,87,\beta,16925
../../hasy-data/v2-25007.png,87,\beta,16925
../../hasy-data/v2-25008.png,87,\beta,16925
../../hasy-data/v2-25009.png,87,\beta,16925
../../hasy-data/v2-25010.png,87,\beta,16925
../../hasy-data/v2-25011.png,87,\beta,16925
../../hasy-data/v2-25012.png,87,\beta,16925
../../hasy-data/v2-25013.png,87,\beta,16925
../../hasy-data/v2-25014.png,87,\beta,16925
../../hasy-data/v2-25015.png,87,\beta,16925
../../hasy-data/v2-25016.png,87,\beta,16925
../../hasy-data/v2-25017.png,87,\beta,16925
../../hasy-data/v2-25018.png,87,\beta,16925
../../hasy-data/v2-25019.png,87,\beta,16925
../../hasy-data/v2-25020.png,87,\beta,16925
../../hasy-data/v2-25021.png,87,\beta,16925
../../hasy-data/v2-25022.png,87,\beta,16925
../../hasy-data/v2-25023.png,87,\beta,16925
../../hasy-data/v2-25024.png,87,\beta,16925
../../hasy-data/v2-25025.png,87,\beta,16925
../../hasy-data/v2-25026.png,87,\beta,16925
../../hasy-data/v2-25027.png,87,\beta,16925
../../hasy-data/v2-25028.png,87,\beta,16925
../../hasy-data/v2-25029.png,87,\beta,16925
../../hasy-data/v2-25030.png,87,\beta,16925
../../hasy-data/v2-25031.png,87,\beta,16925
../../hasy-data/v2-25032.png,87,\beta,16925
../../hasy-data/v2-25033.png,87,\beta,16925
../../hasy-data/v2-25034.png,87,\beta,16925
../../hasy-data/v2-25035.png,87,\beta,16925
../../hasy-data/v2-25036.png,87,\beta,16925
../../hasy-data/v2-25037.png,87,\beta,16925
../../hasy-data/v2-25038.png,87,\beta,16925
../../hasy-data/v2-25039.png,87,\beta,16925
../../hasy-data/v2-25040.png,87,\beta,16925
../../hasy-data/v2-25041.png,87,\beta,16925
../../hasy-data/v2-25042.png,87,\beta,16925
../../hasy-data/v2-25043.png,87,\beta,16925
../../hasy-data/v2-25044.png,87,\beta,16925
../../hasy-data/v2-25045.png,87,\beta,16925
../../hasy-data/v2-25046.png,87,\beta,16925
../../hasy-data/v2-25047.png,87,\beta,16925
../../hasy-data/v2-25048.png,87,\beta,16925
../../hasy-data/v2-25049.png,87,\beta,16925
../../hasy-data/v2-25050.png,87,\beta,16925
../../hasy-data/v2-25051.png,87,\beta,16925
../../hasy-data/v2-25052.png,87,\beta,16925
../../hasy-data/v2-25053.png,87,\beta,16925
../../hasy-data/v2-25054.png,87,\beta,16925
../../hasy-data/v2-25055.png,87,\beta,16925
../../hasy-data/v2-25056.png,87,\beta,16925
../../hasy-data/v2-25057.png,87,\beta,16925
../../hasy-data/v2-25058.png,87,\beta,16925
../../hasy-data/v2-25059.png,87,\beta,16925
../../hasy-data/v2-25060.png,87,\beta,16925
../../hasy-data/v2-25061.png,87,\beta,16925
../../hasy-data/v2-25062.png,87,\beta,16925
../../hasy-data/v2-25063.png,87,\beta,16925
../../hasy-data/v2-25064.png,87,\beta,16925
../../hasy-data/v2-25065.png,87,\beta,16925
../../hasy-data/v2-25066.png,87,\beta,16925
../../hasy-data/v2-25067.png,87,\beta,16925
../../hasy-data/v2-25068.png,87,\beta,16925
../../hasy-data/v2-25069.png,87,\beta,16925
../../hasy-data/v2-25070.png,87,\beta,16925
../../hasy-data/v2-25071.png,87,\beta,16925
../../hasy-data/v2-25072.png,87,\beta,16925
../../hasy-data/v2-25073.png,87,\beta,16925
../../hasy-data/v2-25074.png,87,\beta,16925
../../hasy-data/v2-25075.png,87,\beta,16925
../../hasy-data/v2-25076.png,87,\beta,16925
../../hasy-data/v2-25077.png,87,\beta,16925
../../hasy-data/v2-25078.png,87,\beta,16925
../../hasy-data/v2-25079.png,87,\beta,16925
../../hasy-data/v2-25080.png,87,\beta,16925
../../hasy-data/v2-25081.png,87,\beta,16925
../../hasy-data/v2-25082.png,87,\beta,16925
../../hasy-data/v2-25083.png,87,\beta,16925
../../hasy-data/v2-25084.png,87,\beta,16925
../../hasy-data/v2-25085.png,87,\beta,16925
../../hasy-data/v2-25086.png,87,\beta,16925
../../hasy-data/v2-25087.png,87,\beta,16925
../../hasy-data/v2-25088.png,87,\beta,16925
../../hasy-data/v2-25089.png,87,\beta,16925
../../hasy-data/v2-25090.png,87,\beta,16925
../../hasy-data/v2-25091.png,87,\beta,16925
../../hasy-data/v2-25092.png,87,\beta,16925
../../hasy-data/v2-25093.png,87,\beta,16925
../../hasy-data/v2-25094.png,87,\beta,16925
../../hasy-data/v2-25095.png,87,\beta,16925
../../hasy-data/v2-25096.png,87,\beta,16925
../../hasy-data/v2-25097.png,87,\beta,16925
../../hasy-data/v2-25098.png,87,\beta,16925
../../hasy-data/v2-25099.png,87,\beta,16925
../../hasy-data/v2-25100.png,87,\beta,16925
../../hasy-data/v2-25101.png,87,\beta,16925
../../hasy-data/v2-25102.png,87,\beta,16925
../../hasy-data/v2-25103.png,87,\beta,16925
../../hasy-data/v2-25104.png,87,\beta,16925
../../hasy-data/v2-25105.png,87,\beta,16925
../../hasy-data/v2-25106.png,87,\beta,16925
../../hasy-data/v2-25107.png,87,\beta,16925
../../hasy-data/v2-25108.png,87,\beta,16925
../../hasy-data/v2-25109.png,87,\beta,16925
../../hasy-data/v2-25110.png,87,\beta,16925
../../hasy-data/v2-25111.png,87,\beta,16925
../../hasy-data/v2-25112.png,87,\beta,16925
../../hasy-data/v2-25113.png,87,\beta,16925
../../hasy-data/v2-25114.png,87,\beta,16925
../../hasy-data/v2-25115.png,87,\beta,16925
../../hasy-data/v2-25116.png,87,\beta,16925
../../hasy-data/v2-25117.png,87,\beta,16925
../../hasy-data/v2-25118.png,87,\beta,16925
../../hasy-data/v2-25119.png,87,\beta,16925
../../hasy-data/v2-25120.png,87,\beta,16925
../../hasy-data/v2-25121.png,87,\beta,16925
../../hasy-data/v2-25122.png,87,\beta,16925
../../hasy-data/v2-25123.png,87,\beta,16925
../../hasy-data/v2-25124.png,87,\beta,16925
../../hasy-data/v2-25125.png,87,\beta,16925
../../hasy-data/v2-25126.png,87,\beta,16925
../../hasy-data/v2-25127.png,87,\beta,16925
../../hasy-data/v2-25128.png,87,\beta,16925
../../hasy-data/v2-25129.png,87,\beta,16925
../../hasy-data/v2-25130.png,87,\beta,16925
../../hasy-data/v2-25131.png,87,\beta,16925
../../hasy-data/v2-25132.png,87,\beta,16925
../../hasy-data/v2-25133.png,87,\beta,16925
../../hasy-data/v2-25134.png,87,\beta,16925
../../hasy-data/v2-25135.png,87,\beta,16925
../../hasy-data/v2-25136.png,87,\beta,16925
../../hasy-data/v2-25137.png,87,\beta,16925
../../hasy-data/v2-25138.png,87,\beta,16925
../../hasy-data/v2-25139.png,87,\beta,16925
../../hasy-data/v2-25140.png,87,\beta,16925
../../hasy-data/v2-25141.png,87,\beta,16925
../../hasy-data/v2-25142.png,87,\beta,16925
../../hasy-data/v2-25143.png,87,\beta,16925
../../hasy-data/v2-25144.png,87,\beta,16925
../../hasy-data/v2-25145.png,87,\beta,16925
../../hasy-data/v2-25146.png,87,\beta,16925
../../hasy-data/v2-25147.png,87,\beta,16925
../../hasy-data/v2-25148.png,87,\beta,16925
../../hasy-data/v2-25149.png,87,\beta,16925
../../hasy-data/v2-25150.png,87,\beta,16925
../../hasy-data/v2-25151.png,87,\beta,16925
../../hasy-data/v2-25152.png,87,\beta,16925
../../hasy-data/v2-25153.png,87,\beta,16925
../../hasy-data/v2-25154.png,87,\beta,16925
../../hasy-data/v2-25155.png,87,\beta,16925
../../hasy-data/v2-25156.png,87,\beta,16925
../../hasy-data/v2-25157.png,87,\beta,16925
../../hasy-data/v2-25158.png,87,\beta,16925
../../hasy-data/v2-25159.png,87,\beta,16925
../../hasy-data/v2-25160.png,87,\beta,16925
../../hasy-data/v2-25161.png,87,\beta,16925
../../hasy-data/v2-25162.png,87,\beta,16925
../../hasy-data/v2-25163.png,87,\beta,16925
../../hasy-data/v2-25164.png,87,\beta,16925
../../hasy-data/v2-25165.png,87,\beta,16925
../../hasy-data/v2-25166.png,87,\beta,16925
../../hasy-data/v2-25167.png,87,\beta,16925
../../hasy-data/v2-25168.png,87,\beta,16925
../../hasy-data/v2-25169.png,87,\beta,16925
../../hasy-data/v2-25170.png,87,\beta,16925
../../hasy-data/v2-25171.png,87,\beta,16925
../../hasy-data/v2-25172.png,87,\beta,16925
../../hasy-data/v2-25173.png,87,\beta,16925
../../hasy-data/v2-25174.png,87,\beta,16925
../../hasy-data/v2-25175.png,87,\beta,16925
../../hasy-data/v2-25176.png,87,\beta,16925
../../hasy-data/v2-25177.png,87,\beta,16925
../../hasy-data/v2-25178.png,87,\beta,16925
../../hasy-data/v2-25179.png,87,\beta,16925
../../hasy-data/v2-25180.png,87,\beta,16925
../../hasy-data/v2-25181.png,87,\beta,16925
../../hasy-data/v2-25182.png,87,\beta,16925
../../hasy-data/v2-25183.png,87,\beta,16925
../../hasy-data/v2-25184.png,87,\beta,16925
../../hasy-data/v2-25185.png,87,\beta,16925
../../hasy-data/v2-25186.png,87,\beta,16925
../../hasy-data/v2-25187.png,87,\beta,16925
../../hasy-data/v2-25188.png,87,\beta,16925
../../hasy-data/v2-25189.png,87,\beta,16925
../../hasy-data/v2-25190.png,87,\beta,16925
../../hasy-data/v2-25191.png,87,\beta,16925
../../hasy-data/v2-25192.png,87,\beta,16925
../../hasy-data/v2-25193.png,87,\beta,16925
../../hasy-data/v2-25194.png,87,\beta,16925
../../hasy-data/v2-25195.png,87,\beta,16925
../../hasy-data/v2-25196.png,87,\beta,16925
../../hasy-data/v2-25197.png,87,\beta,16925
../../hasy-data/v2-25198.png,87,\beta,16925
../../hasy-data/v2-25199.png,87,\beta,16925
../../hasy-data/v2-25200.png,87,\beta,16925
../../hasy-data/v2-25201.png,87,\beta,16925
../../hasy-data/v2-25202.png,87,\beta,16925
../../hasy-data/v2-25203.png,87,\beta,16925
../../hasy-data/v2-25204.png,87,\beta,16925
../../hasy-data/v2-25205.png,87,\beta,16925
../../hasy-data/v2-25206.png,87,\beta,16925
../../hasy-data/v2-25207.png,87,\beta,16925
../../hasy-data/v2-25208.png,87,\beta,16925
../../hasy-data/v2-25209.png,87,\beta,16925
../../hasy-data/v2-25210.png,87,\beta,16925
../../hasy-data/v2-25211.png,87,\beta,16925
../../hasy-data/v2-25212.png,87,\beta,16925
../../hasy-data/v2-25213.png,87,\beta,16925
../../hasy-data/v2-25214.png,87,\beta,16925
../../hasy-data/v2-25215.png,87,\beta,16925
../../hasy-data/v2-25216.png,87,\beta,16925
../../hasy-data/v2-25217.png,87,\beta,16925
../../hasy-data/v2-25218.png,87,\beta,16925
../../hasy-data/v2-25219.png,87,\beta,16925
../../hasy-data/v2-25220.png,87,\beta,16925
../../hasy-data/v2-25221.png,87,\beta,16925
../../hasy-data/v2-25222.png,87,\beta,16925
../../hasy-data/v2-25223.png,87,\beta,16925
../../hasy-data/v2-25224.png,87,\beta,16925
../../hasy-data/v2-25225.png,87,\beta,16925
../../hasy-data/v2-25226.png,87,\beta,16925
../../hasy-data/v2-25227.png,87,\beta,16925
../../hasy-data/v2-25228.png,87,\beta,16925
../../hasy-data/v2-25229.png,87,\beta,16925
../../hasy-data/v2-25230.png,87,\beta,16925
../../hasy-data/v2-25231.png,87,\beta,16925
../../hasy-data/v2-25232.png,87,\beta,16925
../../hasy-data/v2-25233.png,87,\beta,16925
../../hasy-data/v2-25234.png,87,\beta,16925
../../hasy-data/v2-25235.png,87,\beta,16925
../../hasy-data/v2-25236.png,87,\beta,16925
../../hasy-data/v2-25237.png,87,\beta,16925
../../hasy-data/v2-25238.png,87,\beta,16925
../../hasy-data/v2-25239.png,87,\beta,16925
../../hasy-data/v2-25240.png,87,\beta,16925
../../hasy-data/v2-25241.png,87,\beta,16925
../../hasy-data/v2-25242.png,87,\beta,16925
../../hasy-data/v2-25243.png,87,\beta,16925
../../hasy-data/v2-25244.png,87,\beta,16925
../../hasy-data/v2-25245.png,87,\beta,16925
../../hasy-data/v2-25246.png,87,\beta,16925
../../hasy-data/v2-25247.png,87,\beta,16925
../../hasy-data/v2-25248.png,87,\beta,16925
../../hasy-data/v2-25249.png,87,\beta,16925
../../hasy-data/v2-25250.png,87,\beta,16925
../../hasy-data/v2-25251.png,87,\beta,16925
../../hasy-data/v2-25252.png,87,\beta,16925
../../hasy-data/v2-25253.png,87,\beta,16925
../../hasy-data/v2-25254.png,87,\beta,16925
../../hasy-data/v2-25255.png,87,\beta,16925
../../hasy-data/v2-25256.png,87,\beta,16925
../../hasy-data/v2-25257.png,87,\beta,16925
../../hasy-data/v2-25258.png,87,\beta,16925
../../hasy-data/v2-25259.png,87,\beta,16925
../../hasy-data/v2-25260.png,87,\beta,16925
../../hasy-data/v2-25261.png,87,\beta,16925
../../hasy-data/v2-25262.png,87,\beta,16925
../../hasy-data/v2-25263.png,87,\beta,16925
../../hasy-data/v2-25264.png,87,\beta,16925
../../hasy-data/v2-25265.png,87,\beta,16925
../../hasy-data/v2-25266.png,87,\beta,16925
../../hasy-data/v2-25267.png,87,\beta,16925
../../hasy-data/v2-25268.png,87,\beta,16925
../../hasy-data/v2-25269.png,87,\beta,16925
../../hasy-data/v2-25270.png,87,\beta,16925
../../hasy-data/v2-25271.png,87,\beta,16925
../../hasy-data/v2-25272.png,87,\beta,16925
../../hasy-data/v2-25273.png,87,\beta,16925
../../hasy-data/v2-25274.png,87,\beta,16925
../../hasy-data/v2-25275.png,87,\beta,16925
../../hasy-data/v2-25276.png,87,\beta,16925
../../hasy-data/v2-25277.png,87,\beta,16925
../../hasy-data/v2-25278.png,87,\beta,16925
../../hasy-data/v2-25279.png,87,\beta,16925
../../hasy-data/v2-25280.png,87,\beta,16925
../../hasy-data/v2-25281.png,87,\beta,16925
../../hasy-data/v2-25282.png,87,\beta,16925
../../hasy-data/v2-25283.png,87,\beta,16925
../../hasy-data/v2-25284.png,87,\beta,16925
../../hasy-data/v2-25285.png,87,\beta,16925
../../hasy-data/v2-25286.png,87,\beta,16925
../../hasy-data/v2-25287.png,87,\beta,16925
../../hasy-data/v2-25288.png,87,\beta,16925
../../hasy-data/v2-25289.png,87,\beta,16925
../../hasy-data/v2-25290.png,87,\beta,16925
../../hasy-data/v2-25291.png,87,\beta,16925
../../hasy-data/v2-25292.png,87,\beta,16925
../../hasy-data/v2-25293.png,87,\beta,16925
../../hasy-data/v2-25294.png,87,\beta,16925
../../hasy-data/v2-25295.png,87,\beta,16925
../../hasy-data/v2-25296.png,87,\beta,16925
../../hasy-data/v2-25297.png,87,\beta,16925
../../hasy-data/v2-25298.png,87,\beta,16925
../../hasy-data/v2-25299.png,87,\beta,16925
../../hasy-data/v2-25300.png,87,\beta,16925
../../hasy-data/v2-25301.png,87,\beta,16925
../../hasy-data/v2-25302.png,87,\beta,16925
../../hasy-data/v2-25303.png,87,\beta,16925
../../hasy-data/v2-25304.png,87,\beta,16925
../../hasy-data/v2-25305.png,87,\beta,16925
../../hasy-data/v2-25306.png,87,\beta,16925
../../hasy-data/v2-25307.png,87,\beta,16925
../../hasy-data/v2-25308.png,87,\beta,16925
../../hasy-data/v2-25309.png,87,\beta,16925
../../hasy-data/v2-25310.png,87,\beta,16925
../../hasy-data/v2-25311.png,87,\beta,16925
../../hasy-data/v2-25312.png,87,\beta,16925
../../hasy-data/v2-25313.png,87,\beta,16925
../../hasy-data/v2-25314.png,87,\beta,16925
../../hasy-data/v2-25315.png,87,\beta,16925
../../hasy-data/v2-25316.png,87,\beta,16925
../../hasy-data/v2-25317.png,87,\beta,16925
../../hasy-data/v2-25318.png,87,\beta,16925
../../hasy-data/v2-25319.png,87,\beta,16925
../../hasy-data/v2-25320.png,87,\beta,16925
../../hasy-data/v2-25321.png,87,\beta,16925
../../hasy-data/v2-25322.png,87,\beta,16925
../../hasy-data/v2-25323.png,87,\beta,16925
../../hasy-data/v2-25324.png,87,\beta,16925
../../hasy-data/v2-25325.png,87,\beta,16925
../../hasy-data/v2-25326.png,87,\beta,16925
../../hasy-data/v2-25327.png,87,\beta,16925
../../hasy-data/v2-25328.png,87,\beta,16925
../../hasy-data/v2-25329.png,87,\beta,16925
../../hasy-data/v2-25330.png,87,\beta,16925
../../hasy-data/v2-25331.png,87,\beta,16925
../../hasy-data/v2-25332.png,87,\beta,16925
../../hasy-data/v2-25333.png,87,\beta,16925
../../hasy-data/v2-25334.png,87,\beta,16925
../../hasy-data/v2-25335.png,87,\beta,16925
../../hasy-data/v2-25336.png,87,\beta,16925
../../hasy-data/v2-25337.png,87,\beta,16925
../../hasy-data/v2-25338.png,87,\beta,16925
../../hasy-data/v2-25339.png,87,\beta,16925
../../hasy-data/v2-25340.png,87,\beta,16925
../../hasy-data/v2-25341.png,87,\beta,16925
../../hasy-data/v2-25342.png,87,\beta,16925
../../hasy-data/v2-25343.png,87,\beta,16925
../../hasy-data/v2-25344.png,87,\beta,16925
../../hasy-data/v2-25345.png,87,\beta,16925
../../hasy-data/v2-25346.png,87,\beta,16925
../../hasy-data/v2-25347.png,87,\beta,16925
../../hasy-data/v2-25348.png,87,\beta,16925
../../hasy-data/v2-25349.png,87,\beta,16925
../../hasy-data/v2-25350.png,87,\beta,16925
../../hasy-data/v2-25351.png,87,\beta,16925
../../hasy-data/v2-25352.png,87,\beta,16925
../../hasy-data/v2-25353.png,87,\beta,16925
../../hasy-data/v2-25354.png,87,\beta,16925
../../hasy-data/v2-25355.png,87,\beta,16925
../../hasy-data/v2-25356.png,87,\beta,16925
../../hasy-data/v2-25357.png,87,\beta,16925
../../hasy-data/v2-25358.png,87,\beta,16925
../../hasy-data/v2-25359.png,87,\beta,16925
../../hasy-data/v2-25360.png,87,\beta,16925
../../hasy-data/v2-25361.png,87,\beta,16925
../../hasy-data/v2-25362.png,87,\beta,16925
../../hasy-data/v2-25363.png,87,\beta,16925
../../hasy-data/v2-25364.png,87,\beta,16925
../../hasy-data/v2-25365.png,87,\beta,16925
../../hasy-data/v2-25366.png,87,\beta,16925
../../hasy-data/v2-25367.png,87,\beta,16925
../../hasy-data/v2-25368.png,87,\beta,16925
../../hasy-data/v2-25369.png,87,\beta,16925
../../hasy-data/v2-25370.png,87,\beta,16925
../../hasy-data/v2-25371.png,87,\beta,16925
../../hasy-data/v2-25372.png,87,\beta,16925
../../hasy-data/v2-25373.png,87,\beta,16925
../../hasy-data/v2-25374.png,87,\beta,16925
../../hasy-data/v2-25375.png,87,\beta,16925
../../hasy-data/v2-25376.png,87,\beta,16925
../../hasy-data/v2-25377.png,87,\beta,16925
../../hasy-data/v2-25378.png,87,\beta,16925
../../hasy-data/v2-25379.png,87,\beta,16925
../../hasy-data/v2-25380.png,87,\beta,16925
../../hasy-data/v2-25381.png,87,\beta,16925
../../hasy-data/v2-25382.png,87,\beta,16925
../../hasy-data/v2-25383.png,87,\beta,16925
../../hasy-data/v2-25384.png,87,\beta,16925
../../hasy-data/v2-25385.png,87,\beta,16925
../../hasy-data/v2-25386.png,87,\beta,16925
../../hasy-data/v2-25387.png,87,\beta,16925
../../hasy-data/v2-25388.png,87,\beta,16925
../../hasy-data/v2-25389.png,87,\beta,16925
../../hasy-data/v2-25390.png,87,\beta,16925
../../hasy-data/v2-25391.png,87,\beta,16925
../../hasy-data/v2-25392.png,87,\beta,16925
../../hasy-data/v2-25393.png,87,\beta,16925
../../hasy-data/v2-25394.png,87,\beta,16925
../../hasy-data/v2-25395.png,87,\beta,16925
../../hasy-data/v2-25396.png,87,\beta,16925
../../hasy-data/v2-25397.png,87,\beta,16925
../../hasy-data/v2-25398.png,87,\beta,16925
../../hasy-data/v2-25399.png,87,\beta,16925
../../hasy-data/v2-25400.png,87,\beta,16925
../../hasy-data/v2-25401.png,87,\beta,16925
../../hasy-data/v2-25402.png,87,\beta,16925
../../hasy-data/v2-25403.png,87,\beta,16925
../../hasy-data/v2-25404.png,87,\beta,16925
../../hasy-data/v2-25405.png,87,\beta,16925
../../hasy-data/v2-25406.png,87,\beta,16925
../../hasy-data/v2-25407.png,87,\beta,16925
../../hasy-data/v2-25408.png,87,\beta,16925
../../hasy-data/v2-25409.png,87,\beta,16925
../../hasy-data/v2-25410.png,87,\beta,16925
../../hasy-data/v2-25411.png,87,\beta,16925
../../hasy-data/v2-25412.png,87,\beta,16925
../../hasy-data/v2-25413.png,87,\beta,16925
../../hasy-data/v2-25414.png,87,\beta,16925
../../hasy-data/v2-25415.png,87,\beta,16925
../../hasy-data/v2-25416.png,87,\beta,16925
../../hasy-data/v2-25417.png,87,\beta,16925
../../hasy-data/v2-25418.png,87,\beta,16925
../../hasy-data/v2-25419.png,87,\beta,16925
../../hasy-data/v2-25420.png,87,\beta,16925
../../hasy-data/v2-25421.png,87,\beta,16925
../../hasy-data/v2-25422.png,87,\beta,16925
../../hasy-data/v2-25423.png,87,\beta,16925
../../hasy-data/v2-25424.png,87,\beta,16925
../../hasy-data/v2-25425.png,87,\beta,16925
../../hasy-data/v2-25426.png,87,\beta,16925
../../hasy-data/v2-25427.png,87,\beta,16925
../../hasy-data/v2-25428.png,87,\beta,16925
../../hasy-data/v2-25429.png,87,\beta,16925
../../hasy-data/v2-25430.png,87,\beta,16925
../../hasy-data/v2-25431.png,87,\beta,16925
../../hasy-data/v2-25432.png,87,\beta,16925
../../hasy-data/v2-25433.png,87,\beta,16925
../../hasy-data/v2-25434.png,87,\beta,16925
../../hasy-data/v2-25435.png,87,\beta,16925
../../hasy-data/v2-25436.png,87,\beta,16925
../../hasy-data/v2-25437.png,87,\beta,16925
../../hasy-data/v2-25438.png,87,\beta,16925
../../hasy-data/v2-25439.png,87,\beta,16925
../../hasy-data/v2-25440.png,87,\beta,16925
../../hasy-data/v2-25441.png,87,\beta,16925
../../hasy-data/v2-25442.png,87,\beta,16925
../../hasy-data/v2-25443.png,87,\beta,16925
../../hasy-data/v2-25444.png,87,\beta,16925
../../hasy-data/v2-25445.png,87,\beta,16925
../../hasy-data/v2-25446.png,87,\beta,16925
../../hasy-data/v2-25447.png,87,\beta,16925
../../hasy-data/v2-25448.png,87,\beta,16925
../../hasy-data/v2-25449.png,87,\beta,16925
../../hasy-data/v2-25450.png,87,\beta,16925
../../hasy-data/v2-25451.png,87,\beta,16925
../../hasy-data/v2-25452.png,87,\beta,16925
../../hasy-data/v2-25453.png,87,\beta,16925
../../hasy-data/v2-25454.png,87,\beta,16925
../../hasy-data/v2-25455.png,87,\beta,16925
../../hasy-data/v2-25456.png,87,\beta,16925
../../hasy-data/v2-25457.png,87,\beta,16925
../../hasy-data/v2-25458.png,87,\beta,16925
../../hasy-data/v2-25459.png,87,\beta,16925
../../hasy-data/v2-25460.png,87,\beta,16925
../../hasy-data/v2-25461.png,87,\beta,16925
../../hasy-data/v2-25462.png,87,\beta,16925
../../hasy-data/v2-25463.png,87,\beta,16925
../../hasy-data/v2-25464.png,87,\beta,16925
../../hasy-data/v2-25465.png,87,\beta,16925
../../hasy-data/v2-25466.png,87,\beta,16925
../../hasy-data/v2-25467.png,87,\beta,16925
../../hasy-data/v2-25468.png,87,\beta,16925
../../hasy-data/v2-25469.png,87,\beta,16925
../../hasy-data/v2-25470.png,87,\beta,16925
../../hasy-data/v2-25471.png,87,\beta,16925
../../hasy-data/v2-25472.png,87,\beta,16925
../../hasy-data/v2-25473.png,87,\beta,16925
../../hasy-data/v2-25474.png,87,\beta,16925
../../hasy-data/v2-25475.png,87,\beta,16925
../../hasy-data/v2-25476.png,87,\beta,16925
../../hasy-data/v2-25477.png,87,\beta,16925
../../hasy-data/v2-25478.png,87,\beta,16925
../../hasy-data/v2-25479.png,87,\beta,16925
../../hasy-data/v2-25480.png,87,\beta,16925
../../hasy-data/v2-25481.png,87,\beta,16925
../../hasy-data/v2-25482.png,87,\beta,16925
../../hasy-data/v2-25483.png,87,\beta,16925
../../hasy-data/v2-25484.png,87,\beta,16925
../../hasy-data/v2-25485.png,87,\beta,16925
../../hasy-data/v2-25486.png,87,\beta,16925
../../hasy-data/v2-25487.png,87,\beta,16925
../../hasy-data/v2-25488.png,87,\beta,16925
../../hasy-data/v2-25489.png,87,\beta,16925
../../hasy-data/v2-25490.png,87,\beta,16925
../../hasy-data/v2-25491.png,87,\beta,16925
../../hasy-data/v2-25492.png,87,\beta,16925
../../hasy-data/v2-25493.png,87,\beta,16925
../../hasy-data/v2-25494.png,87,\beta,16925
../../hasy-data/v2-25495.png,87,\beta,16925
../../hasy-data/v2-25496.png,87,\beta,16925
../../hasy-data/v2-25497.png,87,\beta,16925
../../hasy-data/v2-25498.png,87,\beta,16925
../../hasy-data/v2-25499.png,87,\beta,16925
../../hasy-data/v2-25500.png,87,\beta,16925
../../hasy-data/v2-25501.png,87,\beta,16925
../../hasy-data/v2-25502.png,87,\beta,16925
../../hasy-data/v2-25503.png,87,\beta,16925
../../hasy-data/v2-25504.png,87,\beta,16925
../../hasy-data/v2-25505.png,87,\beta,16925
../../hasy-data/v2-25506.png,87,\beta,16925
../../hasy-data/v2-25507.png,87,\beta,16925
../../hasy-data/v2-25508.png,87,\beta,16925
../../hasy-data/v2-25509.png,87,\beta,16925
../../hasy-data/v2-25510.png,87,\beta,16925
../../hasy-data/v2-25511.png,87,\beta,16925
../../hasy-data/v2-25512.png,87,\beta,16925
../../hasy-data/v2-25513.png,87,\beta,16925
../../hasy-data/v2-25514.png,87,\beta,16925
../../hasy-data/v2-25515.png,87,\beta,16925
../../hasy-data/v2-25516.png,87,\beta,16925
../../hasy-data/v2-25517.png,87,\beta,16925
../../hasy-data/v2-25518.png,87,\beta,16925
../../hasy-data/v2-25519.png,87,\beta,16925
../../hasy-data/v2-25520.png,87,\beta,16925
../../hasy-data/v2-25521.png,87,\beta,16925
../../hasy-data/v2-25522.png,87,\beta,16925
../../hasy-data/v2-25523.png,87,\beta,16925
../../hasy-data/v2-25524.png,87,\beta,16925
../../hasy-data/v2-25525.png,87,\beta,16925
../../hasy-data/v2-25526.png,87,\beta,16925
../../hasy-data/v2-25527.png,87,\beta,16925
../../hasy-data/v2-25528.png,87,\beta,16925
../../hasy-data/v2-25529.png,87,\beta,16925
../../hasy-data/v2-25530.png,87,\beta,16925
../../hasy-data/v2-25531.png,87,\beta,16925
../../hasy-data/v2-25532.png,87,\beta,16925
../../hasy-data/v2-25533.png,87,\beta,16925
../../hasy-data/v2-25534.png,87,\beta,16925
../../hasy-data/v2-25535.png,87,\beta,16925
../../hasy-data/v2-25536.png,87,\beta,16925
../../hasy-data/v2-25537.png,87,\beta,16925
../../hasy-data/v2-25538.png,87,\beta,16925
../../hasy-data/v2-25539.png,87,\beta,16925
../../hasy-data/v2-25540.png,87,\beta,16925
../../hasy-data/v2-25541.png,87,\beta,16925
../../hasy-data/v2-25542.png,87,\beta,16925
../../hasy-data/v2-25543.png,87,\beta,16925
../../hasy-data/v2-25544.png,87,\beta,16925
../../hasy-data/v2-25545.png,87,\beta,16925
../../hasy-data/v2-25546.png,87,\beta,16925
../../hasy-data/v2-25547.png,87,\beta,16925
../../hasy-data/v2-25548.png,87,\beta,16925
../../hasy-data/v2-25549.png,87,\beta,16925
../../hasy-data/v2-25550.png,87,\beta,16925
../../hasy-data/v2-25551.png,87,\beta,16925
../../hasy-data/v2-25552.png,87,\beta,59154
../../hasy-data/v2-25553.png,87,\beta,92768
../../hasy-data/v2-25554.png,87,\beta,101152
../../hasy-data/v2-25555.png,87,\beta,116225
../../hasy-data/v2-25556.png,87,\beta,116471
../../hasy-data/v2-25557.png,87,\beta,116664
../../hasy-data/v2-25558.png,87,\beta,117684
../../hasy-data/v2-25559.png,87,\beta,124916
../../hasy-data/v2-25560.png,87,\beta,125926
../../hasy-data/v2-25561.png,88,\sum,15
../../hasy-data/v2-25562.png,88,\sum,15
../../hasy-data/v2-25563.png,88,\sum,15
../../hasy-data/v2-25564.png,88,\sum,15
../../hasy-data/v2-25565.png,88,\sum,10
../../hasy-data/v2-25566.png,88,\sum,10
../../hasy-data/v2-25567.png,88,\sum,10
../../hasy-data/v2-25568.png,88,\sum,10
../../hasy-data/v2-25569.png,88,\sum,46
../../hasy-data/v2-25570.png,88,\sum,10
../../hasy-data/v2-25571.png,88,\sum,1798
../../hasy-data/v2-25572.png,88,\sum,4142
../../hasy-data/v2-25573.png,88,\sum,6036
../../hasy-data/v2-25574.png,88,\sum,4142
../../hasy-data/v2-25575.png,88,\sum,6483
../../hasy-data/v2-25576.png,88,\sum,6567
../../hasy-data/v2-25577.png,88,\sum,6567
../../hasy-data/v2-25578.png,88,\sum,6643
../../hasy-data/v2-25579.png,88,\sum,6662
../../hasy-data/v2-25580.png,88,\sum,6672
../../hasy-data/v2-25581.png,88,\sum,6935
../../hasy-data/v2-25582.png,88,\sum,6935
../../hasy-data/v2-25583.png,88,\sum,6935
../../hasy-data/v2-25584.png,88,\sum,6483
../../hasy-data/v2-25585.png,88,\sum,5879
../../hasy-data/v2-25586.png,88,\sum,6483
../../hasy-data/v2-25587.png,88,\sum,7052
../../hasy-data/v2-25588.png,88,\sum,7052
../../hasy-data/v2-25589.png,88,\sum,7713
../../hasy-data/v2-25590.png,88,\sum,7841
../../hasy-data/v2-25591.png,88,\sum,7841
../../hasy-data/v2-25592.png,88,\sum,7841
../../hasy-data/v2-25593.png,88,\sum,7841
../../hasy-data/v2-25594.png,88,\sum,3320
../../hasy-data/v2-25595.png,88,\sum,8324
../../hasy-data/v2-25596.png,88,\sum,8486
../../hasy-data/v2-25597.png,88,\sum,8633
../../hasy-data/v2-25598.png,88,\sum,8788
../../hasy-data/v2-25599.png,88,\sum,9017
../../hasy-data/v2-25600.png,88,\sum,15
../../hasy-data/v2-25601.png,88,\sum,15
../../hasy-data/v2-25602.png,88,\sum,9153
../../hasy-data/v2-25603.png,88,\sum,9505
../../hasy-data/v2-25604.png,88,\sum,9505
../../hasy-data/v2-25605.png,88,\sum,15
../../hasy-data/v2-25606.png,88,\sum,5879
../../hasy-data/v2-25607.png,88,\sum,16925
../../hasy-data/v2-25608.png,88,\sum,16925
../../hasy-data/v2-25609.png,88,\sum,16925
../../hasy-data/v2-25610.png,88,\sum,16925
../../hasy-data/v2-25611.png,88,\sum,16925
../../hasy-data/v2-25612.png,88,\sum,16925
../../hasy-data/v2-25613.png,88,\sum,16925
../../hasy-data/v2-25614.png,88,\sum,16925
../../hasy-data/v2-25615.png,88,\sum,16925
../../hasy-data/v2-25616.png,88,\sum,16925
../../hasy-data/v2-25617.png,88,\sum,16925
../../hasy-data/v2-25618.png,88,\sum,16925
../../hasy-data/v2-25619.png,88,\sum,16925
../../hasy-data/v2-25620.png,88,\sum,16925
../../hasy-data/v2-25621.png,88,\sum,16925
../../hasy-data/v2-25622.png,88,\sum,16925
../../hasy-data/v2-25623.png,88,\sum,16925
../../hasy-data/v2-25624.png,88,\sum,16925
../../hasy-data/v2-25625.png,88,\sum,16925
../../hasy-data/v2-25626.png,88,\sum,16925
../../hasy-data/v2-25627.png,88,\sum,16925
../../hasy-data/v2-25628.png,88,\sum,16925
../../hasy-data/v2-25629.png,88,\sum,16925
../../hasy-data/v2-25630.png,88,\sum,16925
../../hasy-data/v2-25631.png,88,\sum,16925
../../hasy-data/v2-25632.png,88,\sum,16925
../../hasy-data/v2-25633.png,88,\sum,16925
../../hasy-data/v2-25634.png,88,\sum,16925
../../hasy-data/v2-25635.png,88,\sum,16925
../../hasy-data/v2-25636.png,88,\sum,16925
../../hasy-data/v2-25637.png,88,\sum,16925
../../hasy-data/v2-25638.png,88,\sum,16925
../../hasy-data/v2-25639.png,88,\sum,16925
../../hasy-data/v2-25640.png,88,\sum,16925
../../hasy-data/v2-25641.png,88,\sum,16925
../../hasy-data/v2-25642.png,88,\sum,16925
../../hasy-data/v2-25643.png,88,\sum,16925
../../hasy-data/v2-25644.png,88,\sum,16925
../../hasy-data/v2-25645.png,88,\sum,16925
../../hasy-data/v2-25646.png,88,\sum,16925
../../hasy-data/v2-25647.png,88,\sum,16925
../../hasy-data/v2-25648.png,88,\sum,16925
../../hasy-data/v2-25649.png,88,\sum,16925
../../hasy-data/v2-25650.png,88,\sum,16925
../../hasy-data/v2-25651.png,88,\sum,16925
../../hasy-data/v2-25652.png,88,\sum,16925
../../hasy-data/v2-25653.png,88,\sum,16925
../../hasy-data/v2-25654.png,88,\sum,16925
../../hasy-data/v2-25655.png,88,\sum,16925
../../hasy-data/v2-25656.png,88,\sum,16925
../../hasy-data/v2-25657.png,88,\sum,16925
../../hasy-data/v2-25658.png,88,\sum,16925
../../hasy-data/v2-25659.png,88,\sum,16925
../../hasy-data/v2-25660.png,88,\sum,16925
../../hasy-data/v2-25661.png,88,\sum,16925
../../hasy-data/v2-25662.png,88,\sum,16925
../../hasy-data/v2-25663.png,88,\sum,16925
../../hasy-data/v2-25664.png,88,\sum,16925
../../hasy-data/v2-25665.png,88,\sum,16925
../../hasy-data/v2-25666.png,88,\sum,16925
../../hasy-data/v2-25667.png,88,\sum,16925
../../hasy-data/v2-25668.png,88,\sum,16925
../../hasy-data/v2-25669.png,88,\sum,16925
../../hasy-data/v2-25670.png,88,\sum,16925
../../hasy-data/v2-25671.png,88,\sum,16925
../../hasy-data/v2-25672.png,88,\sum,16925
../../hasy-data/v2-25673.png,88,\sum,16925
../../hasy-data/v2-25674.png,88,\sum,16925
../../hasy-data/v2-25675.png,88,\sum,16925
../../hasy-data/v2-25676.png,88,\sum,16925
../../hasy-data/v2-25677.png,88,\sum,16925
../../hasy-data/v2-25678.png,88,\sum,16925
../../hasy-data/v2-25679.png,88,\sum,16925
../../hasy-data/v2-25680.png,88,\sum,16925
../../hasy-data/v2-25681.png,88,\sum,16925
../../hasy-data/v2-25682.png,88,\sum,16925
../../hasy-data/v2-25683.png,88,\sum,16925
../../hasy-data/v2-25684.png,88,\sum,16925
../../hasy-data/v2-25685.png,88,\sum,16925
../../hasy-data/v2-25686.png,88,\sum,16925
../../hasy-data/v2-25687.png,88,\sum,16925
../../hasy-data/v2-25688.png,88,\sum,16925
../../hasy-data/v2-25689.png,88,\sum,16925
../../hasy-data/v2-25690.png,88,\sum,16925
../../hasy-data/v2-25691.png,88,\sum,16925
../../hasy-data/v2-25692.png,88,\sum,16925
../../hasy-data/v2-25693.png,88,\sum,16925
../../hasy-data/v2-25694.png,88,\sum,16925
../../hasy-data/v2-25695.png,88,\sum,16925
../../hasy-data/v2-25696.png,88,\sum,16925
../../hasy-data/v2-25697.png,88,\sum,16925
../../hasy-data/v2-25698.png,88,\sum,16925
../../hasy-data/v2-25699.png,88,\sum,16925
../../hasy-data/v2-25700.png,88,\sum,16925
../../hasy-data/v2-25701.png,88,\sum,16925
../../hasy-data/v2-25702.png,88,\sum,16925
../../hasy-data/v2-25703.png,88,\sum,16925
../../hasy-data/v2-25704.png,88,\sum,16925
../../hasy-data/v2-25705.png,88,\sum,16925
../../hasy-data/v2-25706.png,88,\sum,16925
../../hasy-data/v2-25707.png,88,\sum,16925
../../hasy-data/v2-25708.png,88,\sum,16925
../../hasy-data/v2-25709.png,88,\sum,16925
../../hasy-data/v2-25710.png,88,\sum,16925
../../hasy-data/v2-25711.png,88,\sum,16925
../../hasy-data/v2-25712.png,88,\sum,16925
../../hasy-data/v2-25713.png,88,\sum,16925
../../hasy-data/v2-25714.png,88,\sum,16925
../../hasy-data/v2-25715.png,88,\sum,16925
../../hasy-data/v2-25716.png,88,\sum,16925
../../hasy-data/v2-25717.png,88,\sum,16925
../../hasy-data/v2-25718.png,88,\sum,16925
../../hasy-data/v2-25719.png,88,\sum,16925
../../hasy-data/v2-25720.png,88,\sum,16925
../../hasy-data/v2-25721.png,88,\sum,16925
../../hasy-data/v2-25722.png,88,\sum,16925
../../hasy-data/v2-25723.png,88,\sum,16925
../../hasy-data/v2-25724.png,88,\sum,16925
../../hasy-data/v2-25725.png,88,\sum,16925
../../hasy-data/v2-25726.png,88,\sum,16925
../../hasy-data/v2-25727.png,88,\sum,16925
../../hasy-data/v2-25728.png,88,\sum,16925
../../hasy-data/v2-25729.png,88,\sum,16925
../../hasy-data/v2-25730.png,88,\sum,16925
../../hasy-data/v2-25731.png,88,\sum,16925
../../hasy-data/v2-25732.png,88,\sum,16925
../../hasy-data/v2-25733.png,88,\sum,16925
../../hasy-data/v2-25734.png,88,\sum,16925
../../hasy-data/v2-25735.png,88,\sum,16925
../../hasy-data/v2-25736.png,88,\sum,16925
../../hasy-data/v2-25737.png,88,\sum,16925
../../hasy-data/v2-25738.png,88,\sum,16925
../../hasy-data/v2-25739.png,88,\sum,16925
../../hasy-data/v2-25740.png,88,\sum,16925
../../hasy-data/v2-25741.png,88,\sum,16925
../../hasy-data/v2-25742.png,88,\sum,16925
../../hasy-data/v2-25743.png,88,\sum,16925
../../hasy-data/v2-25744.png,88,\sum,16925
../../hasy-data/v2-25745.png,88,\sum,16925
../../hasy-data/v2-25746.png,88,\sum,16925
../../hasy-data/v2-25747.png,88,\sum,16925
../../hasy-data/v2-25748.png,88,\sum,16925
../../hasy-data/v2-25749.png,88,\sum,16925
../../hasy-data/v2-25750.png,88,\sum,16925
../../hasy-data/v2-25751.png,88,\sum,16925
../../hasy-data/v2-25752.png,88,\sum,16925
../../hasy-data/v2-25753.png,88,\sum,16925
../../hasy-data/v2-25754.png,88,\sum,16925
../../hasy-data/v2-25755.png,88,\sum,16925
../../hasy-data/v2-25756.png,88,\sum,16925
../../hasy-data/v2-25757.png,88,\sum,16925
../../hasy-data/v2-25758.png,88,\sum,16925
../../hasy-data/v2-25759.png,88,\sum,16925
../../hasy-data/v2-25760.png,88,\sum,16925
../../hasy-data/v2-25761.png,88,\sum,16925
../../hasy-data/v2-25762.png,88,\sum,16925
../../hasy-data/v2-25763.png,88,\sum,16925
../../hasy-data/v2-25764.png,88,\sum,16925
../../hasy-data/v2-25765.png,88,\sum,16925
../../hasy-data/v2-25766.png,88,\sum,16925
../../hasy-data/v2-25767.png,88,\sum,16925
../../hasy-data/v2-25768.png,88,\sum,16925
../../hasy-data/v2-25769.png,88,\sum,16925
../../hasy-data/v2-25770.png,88,\sum,16925
../../hasy-data/v2-25771.png,88,\sum,16925
../../hasy-data/v2-25772.png,88,\sum,16925
../../hasy-data/v2-25773.png,88,\sum,16925
../../hasy-data/v2-25774.png,88,\sum,16925
../../hasy-data/v2-25775.png,88,\sum,16925
../../hasy-data/v2-25776.png,88,\sum,16925
../../hasy-data/v2-25777.png,88,\sum,16925
../../hasy-data/v2-25778.png,88,\sum,16925
../../hasy-data/v2-25779.png,88,\sum,16925
../../hasy-data/v2-25780.png,88,\sum,16925
../../hasy-data/v2-25781.png,88,\sum,16925
../../hasy-data/v2-25782.png,88,\sum,16925
../../hasy-data/v2-25783.png,88,\sum,16925
../../hasy-data/v2-25784.png,88,\sum,16925
../../hasy-data/v2-25785.png,88,\sum,16925
../../hasy-data/v2-25786.png,88,\sum,16925
../../hasy-data/v2-25787.png,88,\sum,16925
../../hasy-data/v2-25788.png,88,\sum,16925
../../hasy-data/v2-25789.png,88,\sum,16925
../../hasy-data/v2-25790.png,88,\sum,16925
../../hasy-data/v2-25791.png,88,\sum,16925
../../hasy-data/v2-25792.png,88,\sum,16925
../../hasy-data/v2-25793.png,88,\sum,16925
../../hasy-data/v2-25794.png,88,\sum,16925
../../hasy-data/v2-25795.png,88,\sum,16925
../../hasy-data/v2-25796.png,88,\sum,16925
../../hasy-data/v2-25797.png,88,\sum,16925
../../hasy-data/v2-25798.png,88,\sum,16925
../../hasy-data/v2-25799.png,88,\sum,16925
../../hasy-data/v2-25800.png,88,\sum,16925
../../hasy-data/v2-25801.png,88,\sum,16925
../../hasy-data/v2-25802.png,88,\sum,16925
../../hasy-data/v2-25803.png,88,\sum,16925
../../hasy-data/v2-25804.png,88,\sum,16925
../../hasy-data/v2-25805.png,88,\sum,16925
../../hasy-data/v2-25806.png,88,\sum,16925
../../hasy-data/v2-25807.png,88,\sum,16925
../../hasy-data/v2-25808.png,88,\sum,16925
../../hasy-data/v2-25809.png,88,\sum,16925
../../hasy-data/v2-25810.png,88,\sum,16925
../../hasy-data/v2-25811.png,88,\sum,16925
../../hasy-data/v2-25812.png,88,\sum,16925
../../hasy-data/v2-25813.png,88,\sum,16925
../../hasy-data/v2-25814.png,88,\sum,16925
../../hasy-data/v2-25815.png,88,\sum,16925
../../hasy-data/v2-25816.png,88,\sum,16925
../../hasy-data/v2-25817.png,88,\sum,16925
../../hasy-data/v2-25818.png,88,\sum,16925
../../hasy-data/v2-25819.png,88,\sum,16925
../../hasy-data/v2-25820.png,88,\sum,16925
../../hasy-data/v2-25821.png,88,\sum,16925
../../hasy-data/v2-25822.png,88,\sum,16925
../../hasy-data/v2-25823.png,88,\sum,16925
../../hasy-data/v2-25824.png,88,\sum,16925
../../hasy-data/v2-25825.png,88,\sum,16925
../../hasy-data/v2-25826.png,88,\sum,16925
../../hasy-data/v2-25827.png,88,\sum,16925
../../hasy-data/v2-25828.png,88,\sum,16925
../../hasy-data/v2-25829.png,88,\sum,16925
../../hasy-data/v2-25830.png,88,\sum,16925
../../hasy-data/v2-25831.png,88,\sum,16925
../../hasy-data/v2-25832.png,88,\sum,16925
../../hasy-data/v2-25833.png,88,\sum,16925
../../hasy-data/v2-25834.png,88,\sum,16925
../../hasy-data/v2-25835.png,88,\sum,16925
../../hasy-data/v2-25836.png,88,\sum,16925
../../hasy-data/v2-25837.png,88,\sum,16925
../../hasy-data/v2-25838.png,88,\sum,16925
../../hasy-data/v2-25839.png,88,\sum,16925
../../hasy-data/v2-25840.png,88,\sum,16925
../../hasy-data/v2-25841.png,88,\sum,16925
../../hasy-data/v2-25842.png,88,\sum,16925
../../hasy-data/v2-25843.png,88,\sum,16925
../../hasy-data/v2-25844.png,88,\sum,16925
../../hasy-data/v2-25845.png,88,\sum,16925
../../hasy-data/v2-25846.png,88,\sum,16925
../../hasy-data/v2-25847.png,88,\sum,16925
../../hasy-data/v2-25848.png,88,\sum,16925
../../hasy-data/v2-25849.png,88,\sum,16925
../../hasy-data/v2-25850.png,88,\sum,16925
../../hasy-data/v2-25851.png,88,\sum,16925
../../hasy-data/v2-25852.png,88,\sum,16925
../../hasy-data/v2-25853.png,88,\sum,16925
../../hasy-data/v2-25854.png,88,\sum,16925
../../hasy-data/v2-25855.png,88,\sum,16925
../../hasy-data/v2-25856.png,88,\sum,16925
../../hasy-data/v2-25857.png,88,\sum,16925
../../hasy-data/v2-25858.png,88,\sum,16925
../../hasy-data/v2-25859.png,88,\sum,16925
../../hasy-data/v2-25860.png,88,\sum,16925
../../hasy-data/v2-25861.png,88,\sum,16925
../../hasy-data/v2-25862.png,88,\sum,16925
../../hasy-data/v2-25863.png,88,\sum,16925
../../hasy-data/v2-25864.png,88,\sum,16925
../../hasy-data/v2-25865.png,88,\sum,16925
../../hasy-data/v2-25866.png,88,\sum,16925
../../hasy-data/v2-25867.png,88,\sum,16925
../../hasy-data/v2-25868.png,88,\sum,16925
../../hasy-data/v2-25869.png,88,\sum,16925
../../hasy-data/v2-25870.png,88,\sum,16925
../../hasy-data/v2-25871.png,88,\sum,16925
../../hasy-data/v2-25872.png,88,\sum,16925
../../hasy-data/v2-25873.png,88,\sum,16925
../../hasy-data/v2-25874.png,88,\sum,16925
../../hasy-data/v2-25875.png,88,\sum,16925
../../hasy-data/v2-25876.png,88,\sum,16925
../../hasy-data/v2-25877.png,88,\sum,16925
../../hasy-data/v2-25878.png,88,\sum,16925
../../hasy-data/v2-25879.png,88,\sum,16925
../../hasy-data/v2-25880.png,88,\sum,16925
../../hasy-data/v2-25881.png,88,\sum,16925
../../hasy-data/v2-25882.png,88,\sum,16925
../../hasy-data/v2-25883.png,88,\sum,16925
../../hasy-data/v2-25884.png,88,\sum,16925
../../hasy-data/v2-25885.png,88,\sum,16925
../../hasy-data/v2-25886.png,88,\sum,16925
../../hasy-data/v2-25887.png,88,\sum,16925
../../hasy-data/v2-25888.png,88,\sum,16925
../../hasy-data/v2-25889.png,88,\sum,16925
../../hasy-data/v2-25890.png,88,\sum,16925
../../hasy-data/v2-25891.png,88,\sum,16925
../../hasy-data/v2-25892.png,88,\sum,16925
../../hasy-data/v2-25893.png,88,\sum,16925
../../hasy-data/v2-25894.png,88,\sum,16925
../../hasy-data/v2-25895.png,88,\sum,16925
../../hasy-data/v2-25896.png,88,\sum,16925
../../hasy-data/v2-25897.png,88,\sum,16925
../../hasy-data/v2-25898.png,88,\sum,16925
../../hasy-data/v2-25899.png,88,\sum,16925
../../hasy-data/v2-25900.png,88,\sum,16925
../../hasy-data/v2-25901.png,88,\sum,16925
../../hasy-data/v2-25902.png,88,\sum,16925
../../hasy-data/v2-25903.png,88,\sum,16925
../../hasy-data/v2-25904.png,88,\sum,16925
../../hasy-data/v2-25905.png,88,\sum,16925
../../hasy-data/v2-25906.png,88,\sum,16925
../../hasy-data/v2-25907.png,88,\sum,16925
../../hasy-data/v2-25908.png,88,\sum,16925
../../hasy-data/v2-25909.png,88,\sum,16925
../../hasy-data/v2-25910.png,88,\sum,16925
../../hasy-data/v2-25911.png,88,\sum,16925
../../hasy-data/v2-25912.png,88,\sum,16925
../../hasy-data/v2-25913.png,88,\sum,16925
../../hasy-data/v2-25914.png,88,\sum,16925
../../hasy-data/v2-25915.png,88,\sum,16925
../../hasy-data/v2-25916.png,88,\sum,16925
../../hasy-data/v2-25917.png,88,\sum,16925
../../hasy-data/v2-25918.png,88,\sum,16925
../../hasy-data/v2-25919.png,88,\sum,16925
../../hasy-data/v2-25920.png,88,\sum,16925
../../hasy-data/v2-25921.png,88,\sum,16925
../../hasy-data/v2-25922.png,88,\sum,16925
../../hasy-data/v2-25923.png,88,\sum,16925
../../hasy-data/v2-25924.png,88,\sum,16925
../../hasy-data/v2-25925.png,88,\sum,16925
../../hasy-data/v2-25926.png,88,\sum,16925
../../hasy-data/v2-25927.png,88,\sum,16925
../../hasy-data/v2-25928.png,88,\sum,16925
../../hasy-data/v2-25929.png,88,\sum,16925
../../hasy-data/v2-25930.png,88,\sum,16925
../../hasy-data/v2-25931.png,88,\sum,16925
../../hasy-data/v2-25932.png,88,\sum,16925
../../hasy-data/v2-25933.png,88,\sum,16925
../../hasy-data/v2-25934.png,88,\sum,16925
../../hasy-data/v2-25935.png,88,\sum,16925
../../hasy-data/v2-25936.png,88,\sum,16925
../../hasy-data/v2-25937.png,88,\sum,16925
../../hasy-data/v2-25938.png,88,\sum,16925
../../hasy-data/v2-25939.png,88,\sum,16925
../../hasy-data/v2-25940.png,88,\sum,16925
../../hasy-data/v2-25941.png,88,\sum,16925
../../hasy-data/v2-25942.png,88,\sum,16925
../../hasy-data/v2-25943.png,88,\sum,16925
../../hasy-data/v2-25944.png,88,\sum,16925
../../hasy-data/v2-25945.png,88,\sum,16925
../../hasy-data/v2-25946.png,88,\sum,16925
../../hasy-data/v2-25947.png,88,\sum,16925
../../hasy-data/v2-25948.png,88,\sum,16925
../../hasy-data/v2-25949.png,88,\sum,16925
../../hasy-data/v2-25950.png,88,\sum,16925
../../hasy-data/v2-25951.png,88,\sum,16925
../../hasy-data/v2-25952.png,88,\sum,16925
../../hasy-data/v2-25953.png,88,\sum,16925
../../hasy-data/v2-25954.png,88,\sum,16925
../../hasy-data/v2-25955.png,88,\sum,16925
../../hasy-data/v2-25956.png,88,\sum,16925
../../hasy-data/v2-25957.png,88,\sum,16925
../../hasy-data/v2-25958.png,88,\sum,16925
../../hasy-data/v2-25959.png,88,\sum,16925
../../hasy-data/v2-25960.png,88,\sum,16925
../../hasy-data/v2-25961.png,88,\sum,16925
../../hasy-data/v2-25962.png,88,\sum,16925
../../hasy-data/v2-25963.png,88,\sum,16925
../../hasy-data/v2-25964.png,88,\sum,16925
../../hasy-data/v2-25965.png,88,\sum,16925
../../hasy-data/v2-25966.png,88,\sum,16925
../../hasy-data/v2-25967.png,88,\sum,16925
../../hasy-data/v2-25968.png,88,\sum,16925
../../hasy-data/v2-25969.png,88,\sum,16925
../../hasy-data/v2-25970.png,88,\sum,16925
../../hasy-data/v2-25971.png,88,\sum,16925
../../hasy-data/v2-25972.png,88,\sum,16925
../../hasy-data/v2-25973.png,88,\sum,16925
../../hasy-data/v2-25974.png,88,\sum,16925
../../hasy-data/v2-25975.png,88,\sum,16925
../../hasy-data/v2-25976.png,88,\sum,16925
../../hasy-data/v2-25977.png,88,\sum,16925
../../hasy-data/v2-25978.png,88,\sum,16925
../../hasy-data/v2-25979.png,88,\sum,16925
../../hasy-data/v2-25980.png,88,\sum,16925
../../hasy-data/v2-25981.png,88,\sum,16925
../../hasy-data/v2-25982.png,88,\sum,16925
../../hasy-data/v2-25983.png,88,\sum,16925
../../hasy-data/v2-25984.png,88,\sum,16925
../../hasy-data/v2-25985.png,88,\sum,16925
../../hasy-data/v2-25986.png,88,\sum,16925
../../hasy-data/v2-25987.png,88,\sum,16925
../../hasy-data/v2-25988.png,88,\sum,16925
../../hasy-data/v2-25989.png,88,\sum,16925
../../hasy-data/v2-25990.png,88,\sum,16925
../../hasy-data/v2-25991.png,88,\sum,16925
../../hasy-data/v2-25992.png,88,\sum,16925
../../hasy-data/v2-25993.png,88,\sum,16925
../../hasy-data/v2-25994.png,88,\sum,16925
../../hasy-data/v2-25995.png,88,\sum,16925
../../hasy-data/v2-25996.png,88,\sum,16925
../../hasy-data/v2-25997.png,88,\sum,16925
../../hasy-data/v2-25998.png,88,\sum,16925
../../hasy-data/v2-25999.png,88,\sum,16925
../../hasy-data/v2-26000.png,88,\sum,16925
../../hasy-data/v2-26001.png,88,\sum,16925
../../hasy-data/v2-26002.png,88,\sum,16925
../../hasy-data/v2-26003.png,88,\sum,16925
../../hasy-data/v2-26004.png,88,\sum,16925
../../hasy-data/v2-26005.png,88,\sum,16925
../../hasy-data/v2-26006.png,88,\sum,16925
../../hasy-data/v2-26007.png,88,\sum,16925
../../hasy-data/v2-26008.png,88,\sum,16925
../../hasy-data/v2-26009.png,88,\sum,16925
../../hasy-data/v2-26010.png,88,\sum,16925
../../hasy-data/v2-26011.png,88,\sum,16925
../../hasy-data/v2-26012.png,88,\sum,16925
../../hasy-data/v2-26013.png,88,\sum,16925
../../hasy-data/v2-26014.png,88,\sum,16925
../../hasy-data/v2-26015.png,88,\sum,16925
../../hasy-data/v2-26016.png,88,\sum,16925
../../hasy-data/v2-26017.png,88,\sum,16925
../../hasy-data/v2-26018.png,88,\sum,16925
../../hasy-data/v2-26019.png,88,\sum,16925
../../hasy-data/v2-26020.png,88,\sum,16925
../../hasy-data/v2-26021.png,88,\sum,16925
../../hasy-data/v2-26022.png,88,\sum,16925
../../hasy-data/v2-26023.png,88,\sum,16925
../../hasy-data/v2-26024.png,88,\sum,16925
../../hasy-data/v2-26025.png,88,\sum,16925
../../hasy-data/v2-26026.png,88,\sum,16925
../../hasy-data/v2-26027.png,88,\sum,16925
../../hasy-data/v2-26028.png,88,\sum,16925
../../hasy-data/v2-26029.png,88,\sum,16925
../../hasy-data/v2-26030.png,88,\sum,16925
../../hasy-data/v2-26031.png,88,\sum,16925
../../hasy-data/v2-26032.png,88,\sum,16925
../../hasy-data/v2-26033.png,88,\sum,16925
../../hasy-data/v2-26034.png,88,\sum,16925
../../hasy-data/v2-26035.png,88,\sum,16925
../../hasy-data/v2-26036.png,88,\sum,16925
../../hasy-data/v2-26037.png,88,\sum,16925
../../hasy-data/v2-26038.png,88,\sum,16925
../../hasy-data/v2-26039.png,88,\sum,16925
../../hasy-data/v2-26040.png,88,\sum,16925
../../hasy-data/v2-26041.png,88,\sum,16925
../../hasy-data/v2-26042.png,88,\sum,16925
../../hasy-data/v2-26043.png,88,\sum,16925
../../hasy-data/v2-26044.png,88,\sum,16925
../../hasy-data/v2-26045.png,88,\sum,16925
../../hasy-data/v2-26046.png,88,\sum,16925
../../hasy-data/v2-26047.png,88,\sum,16925
../../hasy-data/v2-26048.png,88,\sum,16925
../../hasy-data/v2-26049.png,88,\sum,16925
../../hasy-data/v2-26050.png,88,\sum,16925
../../hasy-data/v2-26051.png,88,\sum,16925
../../hasy-data/v2-26052.png,88,\sum,16925
../../hasy-data/v2-26053.png,88,\sum,16925
../../hasy-data/v2-26054.png,88,\sum,16925
../../hasy-data/v2-26055.png,88,\sum,16925
../../hasy-data/v2-26056.png,88,\sum,16925
../../hasy-data/v2-26057.png,88,\sum,16925
../../hasy-data/v2-26058.png,88,\sum,16925
../../hasy-data/v2-26059.png,88,\sum,16925
../../hasy-data/v2-26060.png,88,\sum,16925
../../hasy-data/v2-26061.png,88,\sum,16925
../../hasy-data/v2-26062.png,88,\sum,16925
../../hasy-data/v2-26063.png,88,\sum,16925
../../hasy-data/v2-26064.png,88,\sum,16925
../../hasy-data/v2-26065.png,88,\sum,16925
../../hasy-data/v2-26066.png,88,\sum,16925
../../hasy-data/v2-26067.png,88,\sum,16925
../../hasy-data/v2-26068.png,88,\sum,16925
../../hasy-data/v2-26069.png,88,\sum,16925
../../hasy-data/v2-26070.png,88,\sum,16925
../../hasy-data/v2-26071.png,88,\sum,16925
../../hasy-data/v2-26072.png,88,\sum,16925
../../hasy-data/v2-26073.png,88,\sum,16925
../../hasy-data/v2-26074.png,88,\sum,16925
../../hasy-data/v2-26075.png,88,\sum,16925
../../hasy-data/v2-26076.png,88,\sum,16925
../../hasy-data/v2-26077.png,88,\sum,16925
../../hasy-data/v2-26078.png,88,\sum,16925
../../hasy-data/v2-26079.png,88,\sum,16925
../../hasy-data/v2-26080.png,88,\sum,16925
../../hasy-data/v2-26081.png,88,\sum,16925
../../hasy-data/v2-26082.png,88,\sum,16925
../../hasy-data/v2-26083.png,88,\sum,16925
../../hasy-data/v2-26084.png,88,\sum,16925
../../hasy-data/v2-26085.png,88,\sum,16925
../../hasy-data/v2-26086.png,88,\sum,16925
../../hasy-data/v2-26087.png,88,\sum,16925
../../hasy-data/v2-26088.png,88,\sum,16925
../../hasy-data/v2-26089.png,88,\sum,16925
../../hasy-data/v2-26090.png,88,\sum,16925
../../hasy-data/v2-26091.png,88,\sum,16925
../../hasy-data/v2-26092.png,88,\sum,16925
../../hasy-data/v2-26093.png,88,\sum,16925
../../hasy-data/v2-26094.png,88,\sum,16925
../../hasy-data/v2-26095.png,88,\sum,16925
../../hasy-data/v2-26096.png,88,\sum,16925
../../hasy-data/v2-26097.png,88,\sum,16925
../../hasy-data/v2-26098.png,88,\sum,16925
../../hasy-data/v2-26099.png,88,\sum,16925
../../hasy-data/v2-26100.png,88,\sum,16925
../../hasy-data/v2-26101.png,88,\sum,16925
../../hasy-data/v2-26102.png,88,\sum,16925
../../hasy-data/v2-26103.png,88,\sum,16925
../../hasy-data/v2-26104.png,88,\sum,16925
../../hasy-data/v2-26105.png,88,\sum,16925
../../hasy-data/v2-26106.png,88,\sum,16925
../../hasy-data/v2-26107.png,88,\sum,16925
../../hasy-data/v2-26108.png,88,\sum,16925
../../hasy-data/v2-26109.png,88,\sum,16925
../../hasy-data/v2-26110.png,88,\sum,16925
../../hasy-data/v2-26111.png,88,\sum,16925
../../hasy-data/v2-26112.png,88,\sum,16925
../../hasy-data/v2-26113.png,88,\sum,16925
../../hasy-data/v2-26114.png,88,\sum,16925
../../hasy-data/v2-26115.png,88,\sum,16925
../../hasy-data/v2-26116.png,88,\sum,16925
../../hasy-data/v2-26117.png,88,\sum,16925
../../hasy-data/v2-26118.png,88,\sum,16925
../../hasy-data/v2-26119.png,88,\sum,16925
../../hasy-data/v2-26120.png,88,\sum,16925
../../hasy-data/v2-26121.png,88,\sum,16925
../../hasy-data/v2-26122.png,88,\sum,16925
../../hasy-data/v2-26123.png,88,\sum,16925
../../hasy-data/v2-26124.png,88,\sum,16925
../../hasy-data/v2-26125.png,88,\sum,16925
../../hasy-data/v2-26126.png,88,\sum,16925
../../hasy-data/v2-26127.png,88,\sum,16925
../../hasy-data/v2-26128.png,88,\sum,16925
../../hasy-data/v2-26129.png,88,\sum,16925
../../hasy-data/v2-26130.png,88,\sum,16925
../../hasy-data/v2-26131.png,88,\sum,16925
../../hasy-data/v2-26132.png,88,\sum,16925
../../hasy-data/v2-26133.png,88,\sum,16925
../../hasy-data/v2-26134.png,88,\sum,16925
../../hasy-data/v2-26135.png,88,\sum,16925
../../hasy-data/v2-26136.png,88,\sum,16925
../../hasy-data/v2-26137.png,88,\sum,16925
../../hasy-data/v2-26138.png,88,\sum,16925
../../hasy-data/v2-26139.png,88,\sum,16925
../../hasy-data/v2-26140.png,88,\sum,16925
../../hasy-data/v2-26141.png,88,\sum,16925
../../hasy-data/v2-26142.png,88,\sum,16925
../../hasy-data/v2-26143.png,88,\sum,16925
../../hasy-data/v2-26144.png,88,\sum,16925
../../hasy-data/v2-26145.png,88,\sum,16925
../../hasy-data/v2-26146.png,88,\sum,16925
../../hasy-data/v2-26147.png,88,\sum,16925
../../hasy-data/v2-26148.png,88,\sum,16925
../../hasy-data/v2-26149.png,88,\sum,16925
../../hasy-data/v2-26150.png,88,\sum,16925
../../hasy-data/v2-26151.png,88,\sum,16925
../../hasy-data/v2-26152.png,88,\sum,16925
../../hasy-data/v2-26153.png,88,\sum,16925
../../hasy-data/v2-26154.png,88,\sum,16925
../../hasy-data/v2-26155.png,88,\sum,16925
../../hasy-data/v2-26156.png,88,\sum,16925
../../hasy-data/v2-26157.png,88,\sum,16925
../../hasy-data/v2-26158.png,88,\sum,16925
../../hasy-data/v2-26159.png,88,\sum,16925
../../hasy-data/v2-26160.png,88,\sum,16925
../../hasy-data/v2-26161.png,88,\sum,16925
../../hasy-data/v2-26162.png,88,\sum,16925
../../hasy-data/v2-26163.png,88,\sum,16925
../../hasy-data/v2-26164.png,88,\sum,16925
../../hasy-data/v2-26165.png,88,\sum,16925
../../hasy-data/v2-26166.png,88,\sum,16925
../../hasy-data/v2-26167.png,88,\sum,16925
../../hasy-data/v2-26168.png,88,\sum,16925
../../hasy-data/v2-26169.png,88,\sum,16925
../../hasy-data/v2-26170.png,88,\sum,16925
../../hasy-data/v2-26171.png,88,\sum,16925
../../hasy-data/v2-26172.png,88,\sum,16925
../../hasy-data/v2-26173.png,88,\sum,16925
../../hasy-data/v2-26174.png,88,\sum,16925
../../hasy-data/v2-26175.png,88,\sum,16925
../../hasy-data/v2-26176.png,88,\sum,16925
../../hasy-data/v2-26177.png,88,\sum,16925
../../hasy-data/v2-26178.png,88,\sum,16925
../../hasy-data/v2-26179.png,88,\sum,16925
../../hasy-data/v2-26180.png,88,\sum,16925
../../hasy-data/v2-26181.png,88,\sum,16925
../../hasy-data/v2-26182.png,88,\sum,16925
../../hasy-data/v2-26183.png,88,\sum,16925
../../hasy-data/v2-26184.png,88,\sum,16925
../../hasy-data/v2-26185.png,88,\sum,16925
../../hasy-data/v2-26186.png,88,\sum,16925
../../hasy-data/v2-26187.png,88,\sum,16925
../../hasy-data/v2-26188.png,88,\sum,16925
../../hasy-data/v2-26189.png,88,\sum,16925
../../hasy-data/v2-26190.png,88,\sum,16925
../../hasy-data/v2-26191.png,88,\sum,16925
../../hasy-data/v2-26192.png,88,\sum,16925
../../hasy-data/v2-26193.png,88,\sum,16925
../../hasy-data/v2-26194.png,88,\sum,16925
../../hasy-data/v2-26195.png,88,\sum,16925
../../hasy-data/v2-26196.png,88,\sum,16925
../../hasy-data/v2-26197.png,88,\sum,16925
../../hasy-data/v2-26198.png,88,\sum,16925
../../hasy-data/v2-26199.png,88,\sum,16925
../../hasy-data/v2-26200.png,88,\sum,16925
../../hasy-data/v2-26201.png,88,\sum,16925
../../hasy-data/v2-26202.png,88,\sum,16925
../../hasy-data/v2-26203.png,88,\sum,16925
../../hasy-data/v2-26204.png,88,\sum,16925
../../hasy-data/v2-26205.png,88,\sum,16925
../../hasy-data/v2-26206.png,88,\sum,16925
../../hasy-data/v2-26207.png,88,\sum,16925
../../hasy-data/v2-26208.png,88,\sum,16925
../../hasy-data/v2-26209.png,88,\sum,16925
../../hasy-data/v2-26210.png,88,\sum,16925
../../hasy-data/v2-26211.png,88,\sum,16925
../../hasy-data/v2-26212.png,88,\sum,16925
../../hasy-data/v2-26213.png,88,\sum,16925
../../hasy-data/v2-26214.png,88,\sum,16925
../../hasy-data/v2-26215.png,88,\sum,16925
../../hasy-data/v2-26216.png,88,\sum,16925
../../hasy-data/v2-26217.png,88,\sum,16925
../../hasy-data/v2-26218.png,88,\sum,16925
../../hasy-data/v2-26219.png,88,\sum,16925
../../hasy-data/v2-26220.png,88,\sum,16925
../../hasy-data/v2-26221.png,88,\sum,16925
../../hasy-data/v2-26222.png,88,\sum,16925
../../hasy-data/v2-26223.png,88,\sum,16925
../../hasy-data/v2-26224.png,88,\sum,16925
../../hasy-data/v2-26225.png,88,\sum,16925
../../hasy-data/v2-26226.png,88,\sum,16925
../../hasy-data/v2-26227.png,88,\sum,16925
../../hasy-data/v2-26228.png,88,\sum,16925
../../hasy-data/v2-26229.png,88,\sum,16925
../../hasy-data/v2-26230.png,88,\sum,16925
../../hasy-data/v2-26231.png,88,\sum,16925
../../hasy-data/v2-26232.png,88,\sum,16925
../../hasy-data/v2-26233.png,88,\sum,16925
../../hasy-data/v2-26234.png,88,\sum,16925
../../hasy-data/v2-26235.png,88,\sum,16925
../../hasy-data/v2-26236.png,88,\sum,16925
../../hasy-data/v2-26237.png,88,\sum,16925
../../hasy-data/v2-26238.png,88,\sum,16925
../../hasy-data/v2-26239.png,88,\sum,16925
../../hasy-data/v2-26240.png,88,\sum,16925
../../hasy-data/v2-26241.png,88,\sum,16925
../../hasy-data/v2-26242.png,88,\sum,16925
../../hasy-data/v2-26243.png,88,\sum,16925
../../hasy-data/v2-26244.png,88,\sum,16925
../../hasy-data/v2-26245.png,88,\sum,16925
../../hasy-data/v2-26246.png,88,\sum,16925
../../hasy-data/v2-26247.png,88,\sum,16925
../../hasy-data/v2-26248.png,88,\sum,16925
../../hasy-data/v2-26249.png,88,\sum,16925
../../hasy-data/v2-26250.png,88,\sum,16925
../../hasy-data/v2-26251.png,88,\sum,16925
../../hasy-data/v2-26252.png,88,\sum,16925
../../hasy-data/v2-26253.png,88,\sum,16925
../../hasy-data/v2-26254.png,88,\sum,16925
../../hasy-data/v2-26255.png,88,\sum,16925
../../hasy-data/v2-26256.png,88,\sum,16925
../../hasy-data/v2-26257.png,88,\sum,16925
../../hasy-data/v2-26258.png,88,\sum,16925
../../hasy-data/v2-26259.png,88,\sum,16925
../../hasy-data/v2-26260.png,88,\sum,16925
../../hasy-data/v2-26261.png,88,\sum,16925
../../hasy-data/v2-26262.png,88,\sum,16925
../../hasy-data/v2-26263.png,88,\sum,16925
../../hasy-data/v2-26264.png,88,\sum,16925
../../hasy-data/v2-26265.png,88,\sum,16925
../../hasy-data/v2-26266.png,88,\sum,16925
../../hasy-data/v2-26267.png,88,\sum,16925
../../hasy-data/v2-26268.png,88,\sum,16925
../../hasy-data/v2-26269.png,88,\sum,16925
../../hasy-data/v2-26270.png,88,\sum,16925
../../hasy-data/v2-26271.png,88,\sum,16925
../../hasy-data/v2-26272.png,88,\sum,16925
../../hasy-data/v2-26273.png,88,\sum,16925
../../hasy-data/v2-26274.png,88,\sum,16925
../../hasy-data/v2-26275.png,88,\sum,16925
../../hasy-data/v2-26276.png,88,\sum,16925
../../hasy-data/v2-26277.png,88,\sum,16925
../../hasy-data/v2-26278.png,88,\sum,16925
../../hasy-data/v2-26279.png,88,\sum,16925
../../hasy-data/v2-26280.png,88,\sum,16925
../../hasy-data/v2-26281.png,88,\sum,16925
../../hasy-data/v2-26282.png,88,\sum,16925
../../hasy-data/v2-26283.png,88,\sum,16925
../../hasy-data/v2-26284.png,88,\sum,16925
../../hasy-data/v2-26285.png,88,\sum,16925
../../hasy-data/v2-26286.png,88,\sum,16925
../../hasy-data/v2-26287.png,88,\sum,16925
../../hasy-data/v2-26288.png,88,\sum,16925
../../hasy-data/v2-26289.png,88,\sum,16925
../../hasy-data/v2-26290.png,88,\sum,16925
../../hasy-data/v2-26291.png,88,\sum,16925
../../hasy-data/v2-26292.png,88,\sum,16925
../../hasy-data/v2-26293.png,88,\sum,16925
../../hasy-data/v2-26294.png,88,\sum,16925
../../hasy-data/v2-26295.png,88,\sum,16925
../../hasy-data/v2-26296.png,88,\sum,16925
../../hasy-data/v2-26297.png,88,\sum,16925
../../hasy-data/v2-26298.png,88,\sum,16925
../../hasy-data/v2-26299.png,88,\sum,16925
../../hasy-data/v2-26300.png,88,\sum,16925
../../hasy-data/v2-26301.png,88,\sum,16925
../../hasy-data/v2-26302.png,88,\sum,16925
../../hasy-data/v2-26303.png,88,\sum,16925
../../hasy-data/v2-26304.png,88,\sum,16925
../../hasy-data/v2-26305.png,88,\sum,16925
../../hasy-data/v2-26306.png,88,\sum,16925
../../hasy-data/v2-26307.png,88,\sum,16925
../../hasy-data/v2-26308.png,88,\sum,16925
../../hasy-data/v2-26309.png,88,\sum,16925
../../hasy-data/v2-26310.png,88,\sum,16925
../../hasy-data/v2-26311.png,88,\sum,16925
../../hasy-data/v2-26312.png,88,\sum,16925
../../hasy-data/v2-26313.png,88,\sum,16925
../../hasy-data/v2-26314.png,88,\sum,16925
../../hasy-data/v2-26315.png,88,\sum,16925
../../hasy-data/v2-26316.png,88,\sum,16925
../../hasy-data/v2-26317.png,88,\sum,16925
../../hasy-data/v2-26318.png,88,\sum,16925
../../hasy-data/v2-26319.png,88,\sum,16925
../../hasy-data/v2-26320.png,88,\sum,16925
../../hasy-data/v2-26321.png,88,\sum,16925
../../hasy-data/v2-26322.png,88,\sum,16925
../../hasy-data/v2-26323.png,88,\sum,16925
../../hasy-data/v2-26324.png,88,\sum,16925
../../hasy-data/v2-26325.png,88,\sum,16925
../../hasy-data/v2-26326.png,88,\sum,16925
../../hasy-data/v2-26327.png,88,\sum,16925
../../hasy-data/v2-26328.png,88,\sum,16925
../../hasy-data/v2-26329.png,88,\sum,16925
../../hasy-data/v2-26330.png,88,\sum,16925
../../hasy-data/v2-26331.png,88,\sum,16925
../../hasy-data/v2-26332.png,88,\sum,16925
../../hasy-data/v2-26333.png,88,\sum,16925
../../hasy-data/v2-26334.png,88,\sum,16925
../../hasy-data/v2-26335.png,88,\sum,16925
../../hasy-data/v2-26336.png,88,\sum,16925
../../hasy-data/v2-26337.png,88,\sum,16925
../../hasy-data/v2-26338.png,88,\sum,16925
../../hasy-data/v2-26339.png,88,\sum,16925
../../hasy-data/v2-26340.png,88,\sum,16925
../../hasy-data/v2-26341.png,88,\sum,16925
../../hasy-data/v2-26342.png,88,\sum,16925
../../hasy-data/v2-26343.png,88,\sum,16925
../../hasy-data/v2-26344.png,88,\sum,16925
../../hasy-data/v2-26345.png,88,\sum,16925
../../hasy-data/v2-26346.png,88,\sum,16925
../../hasy-data/v2-26347.png,88,\sum,16925
../../hasy-data/v2-26348.png,88,\sum,16925
../../hasy-data/v2-26349.png,88,\sum,16925
../../hasy-data/v2-26350.png,88,\sum,16925
../../hasy-data/v2-26351.png,88,\sum,16925
../../hasy-data/v2-26352.png,88,\sum,16925
../../hasy-data/v2-26353.png,88,\sum,16925
../../hasy-data/v2-26354.png,88,\sum,16925
../../hasy-data/v2-26355.png,88,\sum,16925
../../hasy-data/v2-26356.png,88,\sum,16925
../../hasy-data/v2-26357.png,88,\sum,16925
../../hasy-data/v2-26358.png,88,\sum,16925
../../hasy-data/v2-26359.png,88,\sum,16925
../../hasy-data/v2-26360.png,88,\sum,16925
../../hasy-data/v2-26361.png,88,\sum,16925
../../hasy-data/v2-26362.png,88,\sum,16925
../../hasy-data/v2-26363.png,88,\sum,16925
../../hasy-data/v2-26364.png,88,\sum,16925
../../hasy-data/v2-26365.png,88,\sum,16925
../../hasy-data/v2-26366.png,88,\sum,16925
../../hasy-data/v2-26367.png,88,\sum,16925
../../hasy-data/v2-26368.png,88,\sum,16925
../../hasy-data/v2-26369.png,88,\sum,16925
../../hasy-data/v2-26370.png,88,\sum,16925
../../hasy-data/v2-26371.png,88,\sum,16925
../../hasy-data/v2-26372.png,88,\sum,16925
../../hasy-data/v2-26373.png,88,\sum,16925
../../hasy-data/v2-26374.png,88,\sum,16925
../../hasy-data/v2-26375.png,88,\sum,16925
../../hasy-data/v2-26376.png,88,\sum,16925
../../hasy-data/v2-26377.png,88,\sum,16925
../../hasy-data/v2-26378.png,88,\sum,16925
../../hasy-data/v2-26379.png,88,\sum,16925
../../hasy-data/v2-26380.png,88,\sum,16925
../../hasy-data/v2-26381.png,88,\sum,16925
../../hasy-data/v2-26382.png,88,\sum,16925
../../hasy-data/v2-26383.png,88,\sum,16925
../../hasy-data/v2-26384.png,88,\sum,16925
../../hasy-data/v2-26385.png,88,\sum,16925
../../hasy-data/v2-26386.png,88,\sum,16925
../../hasy-data/v2-26387.png,88,\sum,16925
../../hasy-data/v2-26388.png,88,\sum,16925
../../hasy-data/v2-26389.png,88,\sum,16925
../../hasy-data/v2-26390.png,88,\sum,16925
../../hasy-data/v2-26391.png,88,\sum,16925
../../hasy-data/v2-26392.png,88,\sum,16925
../../hasy-data/v2-26393.png,88,\sum,16925
../../hasy-data/v2-26394.png,88,\sum,16925
../../hasy-data/v2-26395.png,88,\sum,16925
../../hasy-data/v2-26396.png,88,\sum,16925
../../hasy-data/v2-26397.png,88,\sum,16925
../../hasy-data/v2-26398.png,88,\sum,16925
../../hasy-data/v2-26399.png,88,\sum,16925
../../hasy-data/v2-26400.png,88,\sum,16925
../../hasy-data/v2-26401.png,88,\sum,16925
../../hasy-data/v2-26402.png,88,\sum,16925
../../hasy-data/v2-26403.png,88,\sum,16925
../../hasy-data/v2-26404.png,88,\sum,16925
../../hasy-data/v2-26405.png,88,\sum,16925
../../hasy-data/v2-26406.png,88,\sum,16925
../../hasy-data/v2-26407.png,88,\sum,16925
../../hasy-data/v2-26408.png,88,\sum,16925
../../hasy-data/v2-26409.png,88,\sum,16925
../../hasy-data/v2-26410.png,88,\sum,16925
../../hasy-data/v2-26411.png,88,\sum,16925
../../hasy-data/v2-26412.png,88,\sum,16925
../../hasy-data/v2-26413.png,88,\sum,16925
../../hasy-data/v2-26414.png,88,\sum,16925
../../hasy-data/v2-26415.png,88,\sum,16925
../../hasy-data/v2-26416.png,88,\sum,16925
../../hasy-data/v2-26417.png,88,\sum,16925
../../hasy-data/v2-26418.png,88,\sum,16925
../../hasy-data/v2-26419.png,88,\sum,16925
../../hasy-data/v2-26420.png,88,\sum,16925
../../hasy-data/v2-26421.png,88,\sum,16925
../../hasy-data/v2-26422.png,88,\sum,16925
../../hasy-data/v2-26423.png,88,\sum,16925
../../hasy-data/v2-26424.png,88,\sum,16925
../../hasy-data/v2-26425.png,88,\sum,16925
../../hasy-data/v2-26426.png,88,\sum,16925
../../hasy-data/v2-26427.png,88,\sum,16925
../../hasy-data/v2-26428.png,88,\sum,16925
../../hasy-data/v2-26429.png,88,\sum,16925
../../hasy-data/v2-26430.png,88,\sum,16925
../../hasy-data/v2-26431.png,88,\sum,16925
../../hasy-data/v2-26432.png,88,\sum,16925
../../hasy-data/v2-26433.png,88,\sum,16925
../../hasy-data/v2-26434.png,88,\sum,16925
../../hasy-data/v2-26435.png,88,\sum,16925
../../hasy-data/v2-26436.png,88,\sum,16925
../../hasy-data/v2-26437.png,88,\sum,16925
../../hasy-data/v2-26438.png,88,\sum,16925
../../hasy-data/v2-26439.png,88,\sum,16925
../../hasy-data/v2-26440.png,88,\sum,16925
../../hasy-data/v2-26441.png,88,\sum,16925
../../hasy-data/v2-26442.png,88,\sum,16925
../../hasy-data/v2-26443.png,88,\sum,16925
../../hasy-data/v2-26444.png,88,\sum,16925
../../hasy-data/v2-26445.png,88,\sum,16925
../../hasy-data/v2-26446.png,88,\sum,16925
../../hasy-data/v2-26447.png,88,\sum,16925
../../hasy-data/v2-26448.png,88,\sum,16925
../../hasy-data/v2-26449.png,88,\sum,16925
../../hasy-data/v2-26450.png,88,\sum,16925
../../hasy-data/v2-26451.png,88,\sum,16925
../../hasy-data/v2-26452.png,88,\sum,16925
../../hasy-data/v2-26453.png,88,\sum,16925
../../hasy-data/v2-26454.png,88,\sum,16925
../../hasy-data/v2-26455.png,88,\sum,16925
../../hasy-data/v2-26456.png,88,\sum,16925
../../hasy-data/v2-26457.png,88,\sum,16925
../../hasy-data/v2-26458.png,88,\sum,16925
../../hasy-data/v2-26459.png,88,\sum,16925
../../hasy-data/v2-26460.png,88,\sum,16925
../../hasy-data/v2-26461.png,88,\sum,16925
../../hasy-data/v2-26462.png,88,\sum,16925
../../hasy-data/v2-26463.png,88,\sum,16925
../../hasy-data/v2-26464.png,88,\sum,16925
../../hasy-data/v2-26465.png,88,\sum,16925
../../hasy-data/v2-26466.png,88,\sum,16925
../../hasy-data/v2-26467.png,88,\sum,16925
../../hasy-data/v2-26468.png,88,\sum,16925
../../hasy-data/v2-26469.png,88,\sum,16925
../../hasy-data/v2-26470.png,88,\sum,16925
../../hasy-data/v2-26471.png,88,\sum,16925
../../hasy-data/v2-26472.png,88,\sum,16925
../../hasy-data/v2-26473.png,88,\sum,16925
../../hasy-data/v2-26474.png,88,\sum,16925
../../hasy-data/v2-26475.png,88,\sum,16925
../../hasy-data/v2-26476.png,88,\sum,16925
../../hasy-data/v2-26477.png,88,\sum,16925
../../hasy-data/v2-26478.png,88,\sum,16925
../../hasy-data/v2-26479.png,88,\sum,16925
../../hasy-data/v2-26480.png,88,\sum,16925
../../hasy-data/v2-26481.png,88,\sum,16925
../../hasy-data/v2-26482.png,88,\sum,16925
../../hasy-data/v2-26483.png,88,\sum,16925
../../hasy-data/v2-26484.png,88,\sum,16925
../../hasy-data/v2-26485.png,88,\sum,16925
../../hasy-data/v2-26486.png,88,\sum,16925
../../hasy-data/v2-26487.png,88,\sum,16925
../../hasy-data/v2-26488.png,88,\sum,16925
../../hasy-data/v2-26489.png,88,\sum,16925
../../hasy-data/v2-26490.png,88,\sum,16925
../../hasy-data/v2-26491.png,88,\sum,16925
../../hasy-data/v2-26492.png,88,\sum,16925
../../hasy-data/v2-26493.png,88,\sum,16925
../../hasy-data/v2-26494.png,88,\sum,16925
../../hasy-data/v2-26495.png,88,\sum,16925
../../hasy-data/v2-26496.png,88,\sum,16925
../../hasy-data/v2-26497.png,88,\sum,16925
../../hasy-data/v2-26498.png,88,\sum,16925
../../hasy-data/v2-26499.png,88,\sum,16925
../../hasy-data/v2-26500.png,88,\sum,16925
../../hasy-data/v2-26501.png,88,\sum,16925
../../hasy-data/v2-26502.png,88,\sum,16925
../../hasy-data/v2-26503.png,88,\sum,16925
../../hasy-data/v2-26504.png,88,\sum,16925
../../hasy-data/v2-26505.png,88,\sum,16925
../../hasy-data/v2-26506.png,88,\sum,16925
../../hasy-data/v2-26507.png,88,\sum,16925
../../hasy-data/v2-26508.png,88,\sum,16925
../../hasy-data/v2-26509.png,88,\sum,16925
../../hasy-data/v2-26510.png,88,\sum,16925
../../hasy-data/v2-26511.png,88,\sum,16925
../../hasy-data/v2-26512.png,88,\sum,16925
../../hasy-data/v2-26513.png,88,\sum,16925
../../hasy-data/v2-26514.png,88,\sum,16925
../../hasy-data/v2-26515.png,88,\sum,16925
../../hasy-data/v2-26516.png,88,\sum,16925
../../hasy-data/v2-26517.png,88,\sum,16925
../../hasy-data/v2-26518.png,88,\sum,16925
../../hasy-data/v2-26519.png,88,\sum,16925
../../hasy-data/v2-26520.png,88,\sum,16925
../../hasy-data/v2-26521.png,88,\sum,16925
../../hasy-data/v2-26522.png,88,\sum,16925
../../hasy-data/v2-26523.png,88,\sum,16925
../../hasy-data/v2-26524.png,88,\sum,16925
../../hasy-data/v2-26525.png,88,\sum,16925
../../hasy-data/v2-26526.png,88,\sum,16925
../../hasy-data/v2-26527.png,88,\sum,16925
../../hasy-data/v2-26528.png,88,\sum,16925
../../hasy-data/v2-26529.png,88,\sum,16925
../../hasy-data/v2-26530.png,88,\sum,16925
../../hasy-data/v2-26531.png,88,\sum,16925
../../hasy-data/v2-26532.png,88,\sum,16925
../../hasy-data/v2-26533.png,88,\sum,16925
../../hasy-data/v2-26534.png,88,\sum,16925
../../hasy-data/v2-26535.png,88,\sum,16925
../../hasy-data/v2-26536.png,88,\sum,16925
../../hasy-data/v2-26537.png,88,\sum,16925
../../hasy-data/v2-26538.png,88,\sum,16925
../../hasy-data/v2-26539.png,88,\sum,16925
../../hasy-data/v2-26540.png,88,\sum,16925
../../hasy-data/v2-26541.png,88,\sum,16925
../../hasy-data/v2-26542.png,88,\sum,16925
../../hasy-data/v2-26543.png,88,\sum,16925
../../hasy-data/v2-26544.png,88,\sum,16925
../../hasy-data/v2-26545.png,88,\sum,16925
../../hasy-data/v2-26546.png,88,\sum,16925
../../hasy-data/v2-26547.png,88,\sum,16925
../../hasy-data/v2-26548.png,88,\sum,16925
../../hasy-data/v2-26549.png,88,\sum,16925
../../hasy-data/v2-26550.png,88,\sum,16925
../../hasy-data/v2-26551.png,88,\sum,16925
../../hasy-data/v2-26552.png,88,\sum,16925
../../hasy-data/v2-26553.png,88,\sum,16925
../../hasy-data/v2-26554.png,88,\sum,16925
../../hasy-data/v2-26555.png,88,\sum,16925
../../hasy-data/v2-26556.png,88,\sum,16925
../../hasy-data/v2-26557.png,88,\sum,16925
../../hasy-data/v2-26558.png,88,\sum,16925
../../hasy-data/v2-26559.png,88,\sum,16925
../../hasy-data/v2-26560.png,88,\sum,16925
../../hasy-data/v2-26561.png,88,\sum,16925
../../hasy-data/v2-26562.png,88,\sum,16925
../../hasy-data/v2-26563.png,88,\sum,16925
../../hasy-data/v2-26564.png,88,\sum,16925
../../hasy-data/v2-26565.png,88,\sum,16925
../../hasy-data/v2-26566.png,88,\sum,16925
../../hasy-data/v2-26567.png,88,\sum,16925
../../hasy-data/v2-26568.png,88,\sum,16925
../../hasy-data/v2-26569.png,88,\sum,16925
../../hasy-data/v2-26570.png,88,\sum,16925
../../hasy-data/v2-26571.png,88,\sum,16925
../../hasy-data/v2-26572.png,88,\sum,16925
../../hasy-data/v2-26573.png,88,\sum,16925
../../hasy-data/v2-26574.png,88,\sum,16925
../../hasy-data/v2-26575.png,88,\sum,16925
../../hasy-data/v2-26576.png,88,\sum,16925
../../hasy-data/v2-26577.png,88,\sum,16925
../../hasy-data/v2-26578.png,88,\sum,16925
../../hasy-data/v2-26579.png,88,\sum,16925
../../hasy-data/v2-26580.png,88,\sum,16925
../../hasy-data/v2-26581.png,88,\sum,16925
../../hasy-data/v2-26582.png,88,\sum,16925
../../hasy-data/v2-26583.png,88,\sum,16925
../../hasy-data/v2-26584.png,88,\sum,16925
../../hasy-data/v2-26585.png,88,\sum,16925
../../hasy-data/v2-26586.png,88,\sum,16925
../../hasy-data/v2-26587.png,88,\sum,16925
../../hasy-data/v2-26588.png,88,\sum,16925
../../hasy-data/v2-26589.png,88,\sum,16925
../../hasy-data/v2-26590.png,88,\sum,16925
../../hasy-data/v2-26591.png,88,\sum,16925
../../hasy-data/v2-26592.png,88,\sum,16925
../../hasy-data/v2-26593.png,88,\sum,16925
../../hasy-data/v2-26594.png,88,\sum,16925
../../hasy-data/v2-26595.png,88,\sum,16925
../../hasy-data/v2-26596.png,88,\sum,16925
../../hasy-data/v2-26597.png,88,\sum,16925
../../hasy-data/v2-26598.png,88,\sum,16925
../../hasy-data/v2-26599.png,88,\sum,16925
../../hasy-data/v2-26600.png,88,\sum,16925
../../hasy-data/v2-26601.png,88,\sum,16925
../../hasy-data/v2-26602.png,88,\sum,16925
../../hasy-data/v2-26603.png,88,\sum,16925
../../hasy-data/v2-26604.png,88,\sum,16925
../../hasy-data/v2-26605.png,88,\sum,16925
../../hasy-data/v2-26606.png,88,\sum,16925
../../hasy-data/v2-26607.png,88,\sum,16925
../../hasy-data/v2-26608.png,88,\sum,16925
../../hasy-data/v2-26609.png,88,\sum,16925
../../hasy-data/v2-26610.png,88,\sum,16925
../../hasy-data/v2-26611.png,88,\sum,16925
../../hasy-data/v2-26612.png,88,\sum,16925
../../hasy-data/v2-26613.png,88,\sum,16925
../../hasy-data/v2-26614.png,88,\sum,16925
../../hasy-data/v2-26615.png,88,\sum,16925
../../hasy-data/v2-26616.png,88,\sum,16925
../../hasy-data/v2-26617.png,88,\sum,16925
../../hasy-data/v2-26618.png,88,\sum,16925
../../hasy-data/v2-26619.png,88,\sum,16925
../../hasy-data/v2-26620.png,88,\sum,16925
../../hasy-data/v2-26621.png,88,\sum,16925
../../hasy-data/v2-26622.png,88,\sum,16925
../../hasy-data/v2-26623.png,88,\sum,16925
../../hasy-data/v2-26624.png,88,\sum,16925
../../hasy-data/v2-26625.png,88,\sum,16925
../../hasy-data/v2-26626.png,88,\sum,16925
../../hasy-data/v2-26627.png,88,\sum,16925
../../hasy-data/v2-26628.png,88,\sum,16925
../../hasy-data/v2-26629.png,88,\sum,16925
../../hasy-data/v2-26630.png,88,\sum,16925
../../hasy-data/v2-26631.png,88,\sum,16925
../../hasy-data/v2-26632.png,88,\sum,16925
../../hasy-data/v2-26633.png,88,\sum,16925
../../hasy-data/v2-26634.png,88,\sum,16925
../../hasy-data/v2-26635.png,88,\sum,16925
../../hasy-data/v2-26636.png,88,\sum,16925
../../hasy-data/v2-26637.png,88,\sum,16925
../../hasy-data/v2-26638.png,88,\sum,16925
../../hasy-data/v2-26639.png,88,\sum,16925
../../hasy-data/v2-26640.png,88,\sum,16925
../../hasy-data/v2-26641.png,88,\sum,16925
../../hasy-data/v2-26642.png,88,\sum,16925
../../hasy-data/v2-26643.png,88,\sum,16925
../../hasy-data/v2-26644.png,88,\sum,16925
../../hasy-data/v2-26645.png,88,\sum,16925
../../hasy-data/v2-26646.png,88,\sum,16925
../../hasy-data/v2-26647.png,88,\sum,16925
../../hasy-data/v2-26648.png,88,\sum,16925
../../hasy-data/v2-26649.png,88,\sum,16925
../../hasy-data/v2-26650.png,88,\sum,16925
../../hasy-data/v2-26651.png,88,\sum,16925
../../hasy-data/v2-26652.png,88,\sum,16925
../../hasy-data/v2-26653.png,88,\sum,16925
../../hasy-data/v2-26654.png,88,\sum,16925
../../hasy-data/v2-26655.png,88,\sum,16925
../../hasy-data/v2-26656.png,88,\sum,16925
../../hasy-data/v2-26657.png,88,\sum,16925
../../hasy-data/v2-26658.png,88,\sum,16925
../../hasy-data/v2-26659.png,88,\sum,16925
../../hasy-data/v2-26660.png,88,\sum,16925
../../hasy-data/v2-26661.png,88,\sum,16925
../../hasy-data/v2-26662.png,88,\sum,16925
../../hasy-data/v2-26663.png,88,\sum,16925
../../hasy-data/v2-26664.png,88,\sum,16925
../../hasy-data/v2-26665.png,88,\sum,16925
../../hasy-data/v2-26666.png,88,\sum,16925
../../hasy-data/v2-26667.png,88,\sum,16925
../../hasy-data/v2-26668.png,88,\sum,16925
../../hasy-data/v2-26669.png,88,\sum,16925
../../hasy-data/v2-26670.png,88,\sum,16925
../../hasy-data/v2-26671.png,88,\sum,16925
../../hasy-data/v2-26672.png,88,\sum,16925
../../hasy-data/v2-26673.png,88,\sum,16925
../../hasy-data/v2-26674.png,88,\sum,16925
../../hasy-data/v2-26675.png,88,\sum,16925
../../hasy-data/v2-26676.png,88,\sum,16925
../../hasy-data/v2-26677.png,88,\sum,16925
../../hasy-data/v2-26678.png,88,\sum,16925
../../hasy-data/v2-26679.png,88,\sum,16925
../../hasy-data/v2-26680.png,88,\sum,16925
../../hasy-data/v2-26681.png,88,\sum,16925
../../hasy-data/v2-26682.png,88,\sum,16925
../../hasy-data/v2-26683.png,88,\sum,16925
../../hasy-data/v2-26684.png,88,\sum,16925
../../hasy-data/v2-26685.png,88,\sum,16925
../../hasy-data/v2-26686.png,88,\sum,16925
../../hasy-data/v2-26687.png,88,\sum,16925
../../hasy-data/v2-26688.png,88,\sum,16925
../../hasy-data/v2-26689.png,88,\sum,16925
../../hasy-data/v2-26690.png,88,\sum,16925
../../hasy-data/v2-26691.png,88,\sum,16925
../../hasy-data/v2-26692.png,88,\sum,16925
../../hasy-data/v2-26693.png,88,\sum,16925
../../hasy-data/v2-26694.png,88,\sum,16925
../../hasy-data/v2-26695.png,88,\sum,16925
../../hasy-data/v2-26696.png,88,\sum,16925
../../hasy-data/v2-26697.png,88,\sum,16925
../../hasy-data/v2-26698.png,88,\sum,16925
../../hasy-data/v2-26699.png,88,\sum,16925
../../hasy-data/v2-26700.png,88,\sum,16925
../../hasy-data/v2-26701.png,88,\sum,16925
../../hasy-data/v2-26702.png,88,\sum,16925
../../hasy-data/v2-26703.png,88,\sum,16925
../../hasy-data/v2-26704.png,88,\sum,16925
../../hasy-data/v2-26705.png,88,\sum,16925
../../hasy-data/v2-26706.png,88,\sum,16925
../../hasy-data/v2-26707.png,88,\sum,16925
../../hasy-data/v2-26708.png,88,\sum,16925
../../hasy-data/v2-26709.png,88,\sum,16925
../../hasy-data/v2-26710.png,88,\sum,16925
../../hasy-data/v2-26711.png,88,\sum,16925
../../hasy-data/v2-26712.png,88,\sum,16925
../../hasy-data/v2-26713.png,88,\sum,16925
../../hasy-data/v2-26714.png,88,\sum,16925
../../hasy-data/v2-26715.png,88,\sum,16925
../../hasy-data/v2-26716.png,88,\sum,16925
../../hasy-data/v2-26717.png,88,\sum,16925
../../hasy-data/v2-26718.png,88,\sum,16925
../../hasy-data/v2-26719.png,88,\sum,16925
../../hasy-data/v2-26720.png,88,\sum,16925
../../hasy-data/v2-26721.png,88,\sum,16925
../../hasy-data/v2-26722.png,88,\sum,16925
../../hasy-data/v2-26723.png,88,\sum,16925
../../hasy-data/v2-26724.png,88,\sum,16925
../../hasy-data/v2-26725.png,88,\sum,16925
../../hasy-data/v2-26726.png,88,\sum,16925
../../hasy-data/v2-26727.png,88,\sum,16925
../../hasy-data/v2-26728.png,88,\sum,16925
../../hasy-data/v2-26729.png,88,\sum,16925
../../hasy-data/v2-26730.png,88,\sum,16925
../../hasy-data/v2-26731.png,88,\sum,16925
../../hasy-data/v2-26732.png,88,\sum,16925
../../hasy-data/v2-26733.png,88,\sum,16925
../../hasy-data/v2-26734.png,88,\sum,16925
../../hasy-data/v2-26735.png,88,\sum,16925
../../hasy-data/v2-26736.png,88,\sum,16925
../../hasy-data/v2-26737.png,88,\sum,16925
../../hasy-data/v2-26738.png,88,\sum,16925
../../hasy-data/v2-26739.png,88,\sum,16925
../../hasy-data/v2-26740.png,88,\sum,16925
../../hasy-data/v2-26741.png,88,\sum,16925
../../hasy-data/v2-26742.png,88,\sum,16925
../../hasy-data/v2-26743.png,88,\sum,16925
../../hasy-data/v2-26744.png,88,\sum,16925
../../hasy-data/v2-26745.png,88,\sum,16925
../../hasy-data/v2-26746.png,88,\sum,16925
../../hasy-data/v2-26747.png,88,\sum,16925
../../hasy-data/v2-26748.png,88,\sum,16925
../../hasy-data/v2-26749.png,88,\sum,16925
../../hasy-data/v2-26750.png,88,\sum,16925
../../hasy-data/v2-26751.png,88,\sum,16925
../../hasy-data/v2-26752.png,88,\sum,16925
../../hasy-data/v2-26753.png,88,\sum,16925
../../hasy-data/v2-26754.png,88,\sum,16925
../../hasy-data/v2-26755.png,88,\sum,16925
../../hasy-data/v2-26756.png,88,\sum,16925
../../hasy-data/v2-26757.png,88,\sum,16925
../../hasy-data/v2-26758.png,88,\sum,16925
../../hasy-data/v2-26759.png,88,\sum,16925
../../hasy-data/v2-26760.png,88,\sum,16925
../../hasy-data/v2-26761.png,88,\sum,16925
../../hasy-data/v2-26762.png,88,\sum,16925
../../hasy-data/v2-26763.png,88,\sum,16925
../../hasy-data/v2-26764.png,88,\sum,16925
../../hasy-data/v2-26765.png,88,\sum,16925
../../hasy-data/v2-26766.png,88,\sum,16925
../../hasy-data/v2-26767.png,88,\sum,16925
../../hasy-data/v2-26768.png,88,\sum,16925
../../hasy-data/v2-26769.png,88,\sum,16925
../../hasy-data/v2-26770.png,88,\sum,16925
../../hasy-data/v2-26771.png,88,\sum,16925
../../hasy-data/v2-26772.png,88,\sum,16925
../../hasy-data/v2-26773.png,88,\sum,16925
../../hasy-data/v2-26774.png,88,\sum,16925
../../hasy-data/v2-26775.png,88,\sum,16925
../../hasy-data/v2-26776.png,88,\sum,16925
../../hasy-data/v2-26777.png,88,\sum,16925
../../hasy-data/v2-26778.png,88,\sum,16925
../../hasy-data/v2-26779.png,88,\sum,16925
../../hasy-data/v2-26780.png,88,\sum,16925
../../hasy-data/v2-26781.png,88,\sum,16925
../../hasy-data/v2-26782.png,88,\sum,16925
../../hasy-data/v2-26783.png,88,\sum,16925
../../hasy-data/v2-26784.png,88,\sum,16925
../../hasy-data/v2-26785.png,88,\sum,16925
../../hasy-data/v2-26786.png,88,\sum,16925
../../hasy-data/v2-26787.png,88,\sum,16925
../../hasy-data/v2-26788.png,88,\sum,16925
../../hasy-data/v2-26789.png,88,\sum,16925
../../hasy-data/v2-26790.png,88,\sum,16925
../../hasy-data/v2-26791.png,88,\sum,16925
../../hasy-data/v2-26792.png,88,\sum,16925
../../hasy-data/v2-26793.png,88,\sum,16925
../../hasy-data/v2-26794.png,88,\sum,16925
../../hasy-data/v2-26795.png,88,\sum,16925
../../hasy-data/v2-26796.png,88,\sum,16925
../../hasy-data/v2-26797.png,88,\sum,16925
../../hasy-data/v2-26798.png,88,\sum,16925
../../hasy-data/v2-26799.png,88,\sum,16925
../../hasy-data/v2-26800.png,88,\sum,16925
../../hasy-data/v2-26801.png,88,\sum,16925
../../hasy-data/v2-26802.png,88,\sum,16925
../../hasy-data/v2-26803.png,88,\sum,16925
../../hasy-data/v2-26804.png,88,\sum,16925
../../hasy-data/v2-26805.png,88,\sum,16925
../../hasy-data/v2-26806.png,88,\sum,16925
../../hasy-data/v2-26807.png,88,\sum,16925
../../hasy-data/v2-26808.png,88,\sum,16925
../../hasy-data/v2-26809.png,88,\sum,16925
../../hasy-data/v2-26810.png,88,\sum,16925
../../hasy-data/v2-26811.png,88,\sum,16925
../../hasy-data/v2-26812.png,88,\sum,16925
../../hasy-data/v2-26813.png,88,\sum,16925
../../hasy-data/v2-26814.png,88,\sum,16925
../../hasy-data/v2-26815.png,88,\sum,16925
../../hasy-data/v2-26816.png,88,\sum,16925
../../hasy-data/v2-26817.png,88,\sum,16925
../../hasy-data/v2-26818.png,88,\sum,16925
../../hasy-data/v2-26819.png,88,\sum,16925
../../hasy-data/v2-26820.png,88,\sum,16925
../../hasy-data/v2-26821.png,88,\sum,16925
../../hasy-data/v2-26822.png,88,\sum,16925
../../hasy-data/v2-26823.png,88,\sum,16925
../../hasy-data/v2-26824.png,88,\sum,16925
../../hasy-data/v2-26825.png,88,\sum,16925
../../hasy-data/v2-26826.png,88,\sum,16925
../../hasy-data/v2-26827.png,88,\sum,16925
../../hasy-data/v2-26828.png,88,\sum,16925
../../hasy-data/v2-26829.png,88,\sum,16925
../../hasy-data/v2-26830.png,88,\sum,16925
../../hasy-data/v2-26831.png,88,\sum,16925
../../hasy-data/v2-26832.png,88,\sum,16925
../../hasy-data/v2-26833.png,88,\sum,16925
../../hasy-data/v2-26834.png,88,\sum,16925
../../hasy-data/v2-26835.png,88,\sum,16925
../../hasy-data/v2-26836.png,88,\sum,16925
../../hasy-data/v2-26837.png,88,\sum,16925
../../hasy-data/v2-26838.png,88,\sum,16925
../../hasy-data/v2-26839.png,88,\sum,16925
../../hasy-data/v2-26840.png,88,\sum,16925
../../hasy-data/v2-26841.png,88,\sum,16925
../../hasy-data/v2-26842.png,88,\sum,16925
../../hasy-data/v2-26843.png,88,\sum,16925
../../hasy-data/v2-26844.png,88,\sum,16925
../../hasy-data/v2-26845.png,88,\sum,16925
../../hasy-data/v2-26846.png,88,\sum,16925
../../hasy-data/v2-26847.png,88,\sum,16925
../../hasy-data/v2-26848.png,88,\sum,16925
../../hasy-data/v2-26849.png,88,\sum,16925
../../hasy-data/v2-26850.png,88,\sum,16925
../../hasy-data/v2-26851.png,88,\sum,16925
../../hasy-data/v2-26852.png,88,\sum,16925
../../hasy-data/v2-26853.png,88,\sum,16925
../../hasy-data/v2-26854.png,88,\sum,16925
../../hasy-data/v2-26855.png,88,\sum,16925
../../hasy-data/v2-26856.png,88,\sum,16925
../../hasy-data/v2-26857.png,88,\sum,16925
../../hasy-data/v2-26858.png,88,\sum,16925
../../hasy-data/v2-26859.png,88,\sum,16925
../../hasy-data/v2-26860.png,88,\sum,16925
../../hasy-data/v2-26861.png,88,\sum,16925
../../hasy-data/v2-26862.png,88,\sum,16925
../../hasy-data/v2-26863.png,88,\sum,16925
../../hasy-data/v2-26864.png,88,\sum,16925
../../hasy-data/v2-26865.png,88,\sum,16925
../../hasy-data/v2-26866.png,88,\sum,16925
../../hasy-data/v2-26867.png,88,\sum,16925
../../hasy-data/v2-26868.png,88,\sum,16925
../../hasy-data/v2-26869.png,88,\sum,16925
../../hasy-data/v2-26870.png,88,\sum,16925
../../hasy-data/v2-26871.png,88,\sum,16925
../../hasy-data/v2-26872.png,88,\sum,16925
../../hasy-data/v2-26873.png,88,\sum,16925
../../hasy-data/v2-26874.png,88,\sum,16925
../../hasy-data/v2-26875.png,88,\sum,16925
../../hasy-data/v2-26876.png,88,\sum,16925
../../hasy-data/v2-26877.png,88,\sum,16925
../../hasy-data/v2-26878.png,88,\sum,16925
../../hasy-data/v2-26879.png,88,\sum,16925
../../hasy-data/v2-26880.png,88,\sum,16925
../../hasy-data/v2-26881.png,88,\sum,16925
../../hasy-data/v2-26882.png,88,\sum,16925
../../hasy-data/v2-26883.png,88,\sum,16925
../../hasy-data/v2-26884.png,88,\sum,16925
../../hasy-data/v2-26885.png,88,\sum,16925
../../hasy-data/v2-26886.png,88,\sum,16925
../../hasy-data/v2-26887.png,88,\sum,16925
../../hasy-data/v2-26888.png,88,\sum,16925
../../hasy-data/v2-26889.png,88,\sum,16925
../../hasy-data/v2-26890.png,88,\sum,16925
../../hasy-data/v2-26891.png,88,\sum,16925
../../hasy-data/v2-26892.png,88,\sum,16925
../../hasy-data/v2-26893.png,88,\sum,16925
../../hasy-data/v2-26894.png,88,\sum,16925
../../hasy-data/v2-26895.png,88,\sum,16925
../../hasy-data/v2-26896.png,88,\sum,16925
../../hasy-data/v2-26897.png,88,\sum,16925
../../hasy-data/v2-26898.png,88,\sum,16925
../../hasy-data/v2-26899.png,88,\sum,16925
../../hasy-data/v2-26900.png,88,\sum,16925
../../hasy-data/v2-26901.png,88,\sum,16925
../../hasy-data/v2-26902.png,88,\sum,16925
../../hasy-data/v2-26903.png,88,\sum,16925
../../hasy-data/v2-26904.png,88,\sum,16925
../../hasy-data/v2-26905.png,88,\sum,16925
../../hasy-data/v2-26906.png,88,\sum,16925
../../hasy-data/v2-26907.png,88,\sum,16925
../../hasy-data/v2-26908.png,88,\sum,16925
../../hasy-data/v2-26909.png,88,\sum,16925
../../hasy-data/v2-26910.png,88,\sum,16925
../../hasy-data/v2-26911.png,88,\sum,16925
../../hasy-data/v2-26912.png,88,\sum,16925
../../hasy-data/v2-26913.png,88,\sum,16925
../../hasy-data/v2-26914.png,88,\sum,16925
../../hasy-data/v2-26915.png,88,\sum,16925
../../hasy-data/v2-26916.png,88,\sum,16925
../../hasy-data/v2-26917.png,88,\sum,16925
../../hasy-data/v2-26918.png,88,\sum,16925
../../hasy-data/v2-26919.png,88,\sum,16925
../../hasy-data/v2-26920.png,88,\sum,16925
../../hasy-data/v2-26921.png,88,\sum,16925
../../hasy-data/v2-26922.png,88,\sum,16925
../../hasy-data/v2-26923.png,88,\sum,16925
../../hasy-data/v2-26924.png,88,\sum,16925
../../hasy-data/v2-26925.png,88,\sum,16925
../../hasy-data/v2-26926.png,88,\sum,16925
../../hasy-data/v2-26927.png,88,\sum,16925
../../hasy-data/v2-26928.png,88,\sum,16925
../../hasy-data/v2-26929.png,88,\sum,16925
../../hasy-data/v2-26930.png,88,\sum,16925
../../hasy-data/v2-26931.png,88,\sum,16925
../../hasy-data/v2-26932.png,88,\sum,16925
../../hasy-data/v2-26933.png,88,\sum,16925
../../hasy-data/v2-26934.png,88,\sum,16925
../../hasy-data/v2-26935.png,88,\sum,16925
../../hasy-data/v2-26936.png,88,\sum,16925
../../hasy-data/v2-26937.png,88,\sum,16925
../../hasy-data/v2-26938.png,88,\sum,16925
../../hasy-data/v2-26939.png,88,\sum,16925
../../hasy-data/v2-26940.png,88,\sum,16925
../../hasy-data/v2-26941.png,88,\sum,16925
../../hasy-data/v2-26942.png,88,\sum,16925
../../hasy-data/v2-26943.png,88,\sum,16925
../../hasy-data/v2-26944.png,88,\sum,16925
../../hasy-data/v2-26945.png,88,\sum,16925
../../hasy-data/v2-26946.png,88,\sum,16925
../../hasy-data/v2-26947.png,88,\sum,16925
../../hasy-data/v2-26948.png,88,\sum,16925
../../hasy-data/v2-26949.png,88,\sum,16925
../../hasy-data/v2-26950.png,88,\sum,16925
../../hasy-data/v2-26951.png,88,\sum,16925
../../hasy-data/v2-26952.png,88,\sum,16925
../../hasy-data/v2-26953.png,88,\sum,16925
../../hasy-data/v2-26954.png,88,\sum,16925
../../hasy-data/v2-26955.png,88,\sum,16925
../../hasy-data/v2-26956.png,88,\sum,16925
../../hasy-data/v2-26957.png,88,\sum,16925
../../hasy-data/v2-26958.png,88,\sum,16925
../../hasy-data/v2-26959.png,88,\sum,16925
../../hasy-data/v2-26960.png,88,\sum,16925
../../hasy-data/v2-26961.png,88,\sum,16925
../../hasy-data/v2-26962.png,88,\sum,16925
../../hasy-data/v2-26963.png,88,\sum,16925
../../hasy-data/v2-26964.png,88,\sum,16925
../../hasy-data/v2-26965.png,88,\sum,16925
../../hasy-data/v2-26966.png,88,\sum,16925
../../hasy-data/v2-26967.png,88,\sum,16925
../../hasy-data/v2-26968.png,88,\sum,16925
../../hasy-data/v2-26969.png,88,\sum,16925
../../hasy-data/v2-26970.png,88,\sum,16925
../../hasy-data/v2-26971.png,88,\sum,16925
../../hasy-data/v2-26972.png,88,\sum,16925
../../hasy-data/v2-26973.png,88,\sum,16925
../../hasy-data/v2-26974.png,88,\sum,16925
../../hasy-data/v2-26975.png,88,\sum,16925
../../hasy-data/v2-26976.png,88,\sum,16925
../../hasy-data/v2-26977.png,88,\sum,16925
../../hasy-data/v2-26978.png,88,\sum,16925
../../hasy-data/v2-26979.png,88,\sum,16925
../../hasy-data/v2-26980.png,88,\sum,16925
../../hasy-data/v2-26981.png,88,\sum,16925
../../hasy-data/v2-26982.png,88,\sum,16925
../../hasy-data/v2-26983.png,88,\sum,16925
../../hasy-data/v2-26984.png,88,\sum,16925
../../hasy-data/v2-26985.png,88,\sum,16925
../../hasy-data/v2-26986.png,88,\sum,16925
../../hasy-data/v2-26987.png,88,\sum,16925
../../hasy-data/v2-26988.png,88,\sum,16925
../../hasy-data/v2-26989.png,88,\sum,16925
../../hasy-data/v2-26990.png,88,\sum,16925
../../hasy-data/v2-26991.png,88,\sum,16925
../../hasy-data/v2-26992.png,88,\sum,16925
../../hasy-data/v2-26993.png,88,\sum,16925
../../hasy-data/v2-26994.png,88,\sum,16925
../../hasy-data/v2-26995.png,88,\sum,16925
../../hasy-data/v2-26996.png,88,\sum,16925
../../hasy-data/v2-26997.png,88,\sum,16925
../../hasy-data/v2-26998.png,88,\sum,16925
../../hasy-data/v2-26999.png,88,\sum,16925
../../hasy-data/v2-27000.png,88,\sum,16925
../../hasy-data/v2-27001.png,88,\sum,16925
../../hasy-data/v2-27002.png,88,\sum,16925
../../hasy-data/v2-27003.png,88,\sum,16925
../../hasy-data/v2-27004.png,88,\sum,16925
../../hasy-data/v2-27005.png,88,\sum,16925
../../hasy-data/v2-27006.png,88,\sum,16925
../../hasy-data/v2-27007.png,88,\sum,16925
../../hasy-data/v2-27008.png,88,\sum,16925
../../hasy-data/v2-27009.png,88,\sum,16925
../../hasy-data/v2-27010.png,88,\sum,16925
../../hasy-data/v2-27011.png,88,\sum,16925
../../hasy-data/v2-27012.png,88,\sum,16925
../../hasy-data/v2-27013.png,88,\sum,16925
../../hasy-data/v2-27014.png,88,\sum,16925
../../hasy-data/v2-27015.png,88,\sum,16925
../../hasy-data/v2-27016.png,88,\sum,16925
../../hasy-data/v2-27017.png,88,\sum,16925
../../hasy-data/v2-27018.png,88,\sum,16925
../../hasy-data/v2-27019.png,88,\sum,16925
../../hasy-data/v2-27020.png,88,\sum,16925
../../hasy-data/v2-27021.png,88,\sum,16925
../../hasy-data/v2-27022.png,88,\sum,16925
../../hasy-data/v2-27023.png,88,\sum,16925
../../hasy-data/v2-27024.png,88,\sum,16925
../../hasy-data/v2-27025.png,88,\sum,16925
../../hasy-data/v2-27026.png,88,\sum,16925
../../hasy-data/v2-27027.png,88,\sum,16925
../../hasy-data/v2-27028.png,88,\sum,16925
../../hasy-data/v2-27029.png,88,\sum,16925
../../hasy-data/v2-27030.png,88,\sum,16925
../../hasy-data/v2-27031.png,88,\sum,16925
../../hasy-data/v2-27032.png,88,\sum,16925
../../hasy-data/v2-27033.png,88,\sum,16925
../../hasy-data/v2-27034.png,88,\sum,16925
../../hasy-data/v2-27035.png,88,\sum,16925
../../hasy-data/v2-27036.png,88,\sum,16925
../../hasy-data/v2-27037.png,88,\sum,16925
../../hasy-data/v2-27038.png,88,\sum,16925
../../hasy-data/v2-27039.png,88,\sum,16925
../../hasy-data/v2-27040.png,88,\sum,16925
../../hasy-data/v2-27041.png,88,\sum,16925
../../hasy-data/v2-27042.png,88,\sum,16925
../../hasy-data/v2-27043.png,88,\sum,16925
../../hasy-data/v2-27044.png,88,\sum,16925
../../hasy-data/v2-27045.png,88,\sum,16925
../../hasy-data/v2-27046.png,88,\sum,16925
../../hasy-data/v2-27047.png,88,\sum,16925
../../hasy-data/v2-27048.png,88,\sum,16925
../../hasy-data/v2-27049.png,88,\sum,16925
../../hasy-data/v2-27050.png,88,\sum,16925
../../hasy-data/v2-27051.png,88,\sum,16925
../../hasy-data/v2-27052.png,88,\sum,16925
../../hasy-data/v2-27053.png,88,\sum,16925
../../hasy-data/v2-27054.png,88,\sum,16925
../../hasy-data/v2-27055.png,88,\sum,16925
../../hasy-data/v2-27056.png,88,\sum,16925
../../hasy-data/v2-27057.png,88,\sum,16925
../../hasy-data/v2-27058.png,88,\sum,16925
../../hasy-data/v2-27059.png,88,\sum,16925
../../hasy-data/v2-27060.png,88,\sum,16925
../../hasy-data/v2-27061.png,88,\sum,16925
../../hasy-data/v2-27062.png,88,\sum,16925
../../hasy-data/v2-27063.png,88,\sum,16925
../../hasy-data/v2-27064.png,88,\sum,16925
../../hasy-data/v2-27065.png,88,\sum,16925
../../hasy-data/v2-27066.png,88,\sum,16925
../../hasy-data/v2-27067.png,88,\sum,16925
../../hasy-data/v2-27068.png,88,\sum,16925
../../hasy-data/v2-27069.png,88,\sum,16925
../../hasy-data/v2-27070.png,88,\sum,16925
../../hasy-data/v2-27071.png,88,\sum,16925
../../hasy-data/v2-27072.png,88,\sum,16925
../../hasy-data/v2-27073.png,88,\sum,16925
../../hasy-data/v2-27074.png,88,\sum,16925
../../hasy-data/v2-27075.png,88,\sum,16925
../../hasy-data/v2-27076.png,88,\sum,16925
../../hasy-data/v2-27077.png,88,\sum,16925
../../hasy-data/v2-27078.png,88,\sum,16925
../../hasy-data/v2-27079.png,88,\sum,16925
../../hasy-data/v2-27080.png,88,\sum,16925
../../hasy-data/v2-27081.png,88,\sum,16925
../../hasy-data/v2-27082.png,88,\sum,16925
../../hasy-data/v2-27083.png,88,\sum,16925
../../hasy-data/v2-27084.png,88,\sum,16925
../../hasy-data/v2-27085.png,88,\sum,16925
../../hasy-data/v2-27086.png,88,\sum,16925
../../hasy-data/v2-27087.png,88,\sum,16925
../../hasy-data/v2-27088.png,88,\sum,16925
../../hasy-data/v2-27089.png,88,\sum,16925
../../hasy-data/v2-27090.png,88,\sum,16925
../../hasy-data/v2-27091.png,88,\sum,16925
../../hasy-data/v2-27092.png,88,\sum,16925
../../hasy-data/v2-27093.png,88,\sum,16925
../../hasy-data/v2-27094.png,88,\sum,16925
../../hasy-data/v2-27095.png,88,\sum,16925
../../hasy-data/v2-27096.png,88,\sum,16925
../../hasy-data/v2-27097.png,88,\sum,16925
../../hasy-data/v2-27098.png,88,\sum,16925
../../hasy-data/v2-27099.png,88,\sum,16925
../../hasy-data/v2-27100.png,88,\sum,16925
../../hasy-data/v2-27101.png,88,\sum,16925
../../hasy-data/v2-27102.png,88,\sum,16925
../../hasy-data/v2-27103.png,88,\sum,16925
../../hasy-data/v2-27104.png,88,\sum,16925
../../hasy-data/v2-27105.png,88,\sum,16925
../../hasy-data/v2-27106.png,88,\sum,16925
../../hasy-data/v2-27107.png,88,\sum,16925
../../hasy-data/v2-27108.png,88,\sum,16925
../../hasy-data/v2-27109.png,88,\sum,16925
../../hasy-data/v2-27110.png,88,\sum,16925
../../hasy-data/v2-27111.png,88,\sum,16925
../../hasy-data/v2-27112.png,88,\sum,16925
../../hasy-data/v2-27113.png,88,\sum,16925
../../hasy-data/v2-27114.png,88,\sum,16925
../../hasy-data/v2-27115.png,88,\sum,16925
../../hasy-data/v2-27116.png,88,\sum,16925
../../hasy-data/v2-27117.png,88,\sum,16925
../../hasy-data/v2-27118.png,88,\sum,16925
../../hasy-data/v2-27119.png,88,\sum,16925
../../hasy-data/v2-27120.png,88,\sum,16925
../../hasy-data/v2-27121.png,88,\sum,16925
../../hasy-data/v2-27122.png,88,\sum,16925
../../hasy-data/v2-27123.png,88,\sum,16925
../../hasy-data/v2-27124.png,88,\sum,16925
../../hasy-data/v2-27125.png,88,\sum,16925
../../hasy-data/v2-27126.png,88,\sum,16925
../../hasy-data/v2-27127.png,88,\sum,16925
../../hasy-data/v2-27128.png,88,\sum,16925
../../hasy-data/v2-27129.png,88,\sum,16925
../../hasy-data/v2-27130.png,88,\sum,16925
../../hasy-data/v2-27131.png,88,\sum,16925
../../hasy-data/v2-27132.png,88,\sum,16925
../../hasy-data/v2-27133.png,88,\sum,16925
../../hasy-data/v2-27134.png,88,\sum,16925
../../hasy-data/v2-27135.png,88,\sum,16925
../../hasy-data/v2-27136.png,88,\sum,16925
../../hasy-data/v2-27137.png,88,\sum,16925
../../hasy-data/v2-27138.png,88,\sum,16925
../../hasy-data/v2-27139.png,88,\sum,16925
../../hasy-data/v2-27140.png,88,\sum,16925
../../hasy-data/v2-27141.png,88,\sum,16925
../../hasy-data/v2-27142.png,88,\sum,16925
../../hasy-data/v2-27143.png,88,\sum,16925
../../hasy-data/v2-27144.png,88,\sum,16925
../../hasy-data/v2-27145.png,88,\sum,16925
../../hasy-data/v2-27146.png,88,\sum,16925
../../hasy-data/v2-27147.png,88,\sum,16925
../../hasy-data/v2-27148.png,88,\sum,16925
../../hasy-data/v2-27149.png,88,\sum,16925
../../hasy-data/v2-27150.png,88,\sum,16925
../../hasy-data/v2-27151.png,88,\sum,16925
../../hasy-data/v2-27152.png,88,\sum,16925
../../hasy-data/v2-27153.png,88,\sum,16925
../../hasy-data/v2-27154.png,88,\sum,16925
../../hasy-data/v2-27155.png,88,\sum,16925
../../hasy-data/v2-27156.png,88,\sum,16925
../../hasy-data/v2-27157.png,88,\sum,16925
../../hasy-data/v2-27158.png,88,\sum,16925
../../hasy-data/v2-27159.png,88,\sum,16925
../../hasy-data/v2-27160.png,88,\sum,16925
../../hasy-data/v2-27161.png,88,\sum,16925
../../hasy-data/v2-27162.png,88,\sum,16925
../../hasy-data/v2-27163.png,88,\sum,16925
../../hasy-data/v2-27164.png,88,\sum,16925
../../hasy-data/v2-27165.png,88,\sum,16925
../../hasy-data/v2-27166.png,88,\sum,16925
../../hasy-data/v2-27167.png,88,\sum,16925
../../hasy-data/v2-27168.png,88,\sum,16925
../../hasy-data/v2-27169.png,88,\sum,16925
../../hasy-data/v2-27170.png,88,\sum,16925
../../hasy-data/v2-27171.png,88,\sum,16925
../../hasy-data/v2-27172.png,88,\sum,16925
../../hasy-data/v2-27173.png,88,\sum,16925
../../hasy-data/v2-27174.png,88,\sum,16925
../../hasy-data/v2-27175.png,88,\sum,16925
../../hasy-data/v2-27176.png,88,\sum,16925
../../hasy-data/v2-27177.png,88,\sum,16925
../../hasy-data/v2-27178.png,88,\sum,16925
../../hasy-data/v2-27179.png,88,\sum,16925
../../hasy-data/v2-27180.png,88,\sum,16925
../../hasy-data/v2-27181.png,88,\sum,16925
../../hasy-data/v2-27182.png,88,\sum,16925
../../hasy-data/v2-27183.png,88,\sum,16925
../../hasy-data/v2-27184.png,88,\sum,16925
../../hasy-data/v2-27185.png,88,\sum,16925
../../hasy-data/v2-27186.png,88,\sum,16925
../../hasy-data/v2-27187.png,88,\sum,16925
../../hasy-data/v2-27188.png,88,\sum,16925
../../hasy-data/v2-27189.png,88,\sum,16925
../../hasy-data/v2-27190.png,88,\sum,16925
../../hasy-data/v2-27191.png,88,\sum,16925
../../hasy-data/v2-27192.png,88,\sum,16925
../../hasy-data/v2-27193.png,88,\sum,16925
../../hasy-data/v2-27194.png,88,\sum,16925
../../hasy-data/v2-27195.png,88,\sum,16925
../../hasy-data/v2-27196.png,88,\sum,16925
../../hasy-data/v2-27197.png,88,\sum,16925
../../hasy-data/v2-27198.png,88,\sum,16925
../../hasy-data/v2-27199.png,88,\sum,16925
../../hasy-data/v2-27200.png,88,\sum,16925
../../hasy-data/v2-27201.png,88,\sum,16925
../../hasy-data/v2-27202.png,88,\sum,16925
../../hasy-data/v2-27203.png,88,\sum,16925
../../hasy-data/v2-27204.png,88,\sum,16925
../../hasy-data/v2-27205.png,88,\sum,16925
../../hasy-data/v2-27206.png,88,\sum,16925
../../hasy-data/v2-27207.png,88,\sum,16925
../../hasy-data/v2-27208.png,88,\sum,16925
../../hasy-data/v2-27209.png,88,\sum,16925
../../hasy-data/v2-27210.png,88,\sum,16925
../../hasy-data/v2-27211.png,88,\sum,16925
../../hasy-data/v2-27212.png,88,\sum,16925
../../hasy-data/v2-27213.png,88,\sum,16925
../../hasy-data/v2-27214.png,88,\sum,16925
../../hasy-data/v2-27215.png,88,\sum,16925
../../hasy-data/v2-27216.png,88,\sum,16925
../../hasy-data/v2-27217.png,88,\sum,16925
../../hasy-data/v2-27218.png,88,\sum,16925
../../hasy-data/v2-27219.png,88,\sum,16925
../../hasy-data/v2-27220.png,88,\sum,16925
../../hasy-data/v2-27221.png,88,\sum,16925
../../hasy-data/v2-27222.png,88,\sum,16925
../../hasy-data/v2-27223.png,88,\sum,16925
../../hasy-data/v2-27224.png,88,\sum,16925
../../hasy-data/v2-27225.png,88,\sum,16925
../../hasy-data/v2-27226.png,88,\sum,16925
../../hasy-data/v2-27227.png,88,\sum,16925
../../hasy-data/v2-27228.png,88,\sum,16925
../../hasy-data/v2-27229.png,88,\sum,16925
../../hasy-data/v2-27230.png,88,\sum,16925
../../hasy-data/v2-27231.png,88,\sum,16925
../../hasy-data/v2-27232.png,88,\sum,16925
../../hasy-data/v2-27233.png,88,\sum,16925
../../hasy-data/v2-27234.png,88,\sum,16925
../../hasy-data/v2-27235.png,88,\sum,16925
../../hasy-data/v2-27236.png,88,\sum,16925
../../hasy-data/v2-27237.png,88,\sum,16925
../../hasy-data/v2-27238.png,88,\sum,16925
../../hasy-data/v2-27239.png,88,\sum,16925
../../hasy-data/v2-27240.png,88,\sum,16925
../../hasy-data/v2-27241.png,88,\sum,16925
../../hasy-data/v2-27242.png,88,\sum,16925
../../hasy-data/v2-27243.png,88,\sum,16925
../../hasy-data/v2-27244.png,88,\sum,16925
../../hasy-data/v2-27245.png,88,\sum,16925
../../hasy-data/v2-27246.png,88,\sum,16925
../../hasy-data/v2-27247.png,88,\sum,16925
../../hasy-data/v2-27248.png,88,\sum,16925
../../hasy-data/v2-27249.png,88,\sum,16925
../../hasy-data/v2-27250.png,88,\sum,16925
../../hasy-data/v2-27251.png,88,\sum,16925
../../hasy-data/v2-27252.png,88,\sum,16925
../../hasy-data/v2-27253.png,88,\sum,16925
../../hasy-data/v2-27254.png,88,\sum,16925
../../hasy-data/v2-27255.png,88,\sum,16925
../../hasy-data/v2-27256.png,88,\sum,16925
../../hasy-data/v2-27257.png,88,\sum,16925
../../hasy-data/v2-27258.png,88,\sum,16925
../../hasy-data/v2-27259.png,88,\sum,16925
../../hasy-data/v2-27260.png,88,\sum,16925
../../hasy-data/v2-27261.png,88,\sum,16925
../../hasy-data/v2-27262.png,88,\sum,16925
../../hasy-data/v2-27263.png,88,\sum,16925
../../hasy-data/v2-27264.png,88,\sum,16925
../../hasy-data/v2-27265.png,88,\sum,16925
../../hasy-data/v2-27266.png,88,\sum,16925
../../hasy-data/v2-27267.png,88,\sum,16925
../../hasy-data/v2-27268.png,88,\sum,16925
../../hasy-data/v2-27269.png,88,\sum,16925
../../hasy-data/v2-27270.png,88,\sum,16925
../../hasy-data/v2-27271.png,88,\sum,16925
../../hasy-data/v2-27272.png,88,\sum,16925
../../hasy-data/v2-27273.png,88,\sum,16925
../../hasy-data/v2-27274.png,88,\sum,16925
../../hasy-data/v2-27275.png,88,\sum,16925
../../hasy-data/v2-27276.png,88,\sum,16925
../../hasy-data/v2-27277.png,88,\sum,16925
../../hasy-data/v2-27278.png,88,\sum,16925
../../hasy-data/v2-27279.png,88,\sum,16925
../../hasy-data/v2-27280.png,88,\sum,16925
../../hasy-data/v2-27281.png,88,\sum,16925
../../hasy-data/v2-27282.png,88,\sum,16925
../../hasy-data/v2-27283.png,88,\sum,16925
../../hasy-data/v2-27284.png,88,\sum,16925
../../hasy-data/v2-27285.png,88,\sum,16925
../../hasy-data/v2-27286.png,88,\sum,16925
../../hasy-data/v2-27287.png,88,\sum,16925
../../hasy-data/v2-27288.png,88,\sum,16925
../../hasy-data/v2-27289.png,88,\sum,16925
../../hasy-data/v2-27290.png,88,\sum,16925
../../hasy-data/v2-27291.png,88,\sum,16925
../../hasy-data/v2-27292.png,88,\sum,16925
../../hasy-data/v2-27293.png,88,\sum,16925
../../hasy-data/v2-27294.png,88,\sum,16925
../../hasy-data/v2-27295.png,88,\sum,16925
../../hasy-data/v2-27296.png,88,\sum,16925
../../hasy-data/v2-27297.png,88,\sum,16925
../../hasy-data/v2-27298.png,88,\sum,16925
../../hasy-data/v2-27299.png,88,\sum,16925
../../hasy-data/v2-27300.png,88,\sum,16925
../../hasy-data/v2-27301.png,88,\sum,16925
../../hasy-data/v2-27302.png,88,\sum,16925
../../hasy-data/v2-27303.png,88,\sum,16925
../../hasy-data/v2-27304.png,88,\sum,16925
../../hasy-data/v2-27305.png,88,\sum,16925
../../hasy-data/v2-27306.png,88,\sum,16925
../../hasy-data/v2-27307.png,88,\sum,16925
../../hasy-data/v2-27308.png,88,\sum,16925
../../hasy-data/v2-27309.png,88,\sum,16925
../../hasy-data/v2-27310.png,88,\sum,16925
../../hasy-data/v2-27311.png,88,\sum,16925
../../hasy-data/v2-27312.png,88,\sum,16925
../../hasy-data/v2-27313.png,88,\sum,16925
../../hasy-data/v2-27314.png,88,\sum,16925
../../hasy-data/v2-27315.png,88,\sum,16925
../../hasy-data/v2-27316.png,88,\sum,16925
../../hasy-data/v2-27317.png,88,\sum,16925
../../hasy-data/v2-27318.png,88,\sum,16925
../../hasy-data/v2-27319.png,88,\sum,16925
../../hasy-data/v2-27320.png,88,\sum,16925
../../hasy-data/v2-27321.png,88,\sum,16925
../../hasy-data/v2-27322.png,88,\sum,16925
../../hasy-data/v2-27323.png,88,\sum,16925
../../hasy-data/v2-27324.png,88,\sum,16925
../../hasy-data/v2-27325.png,88,\sum,16925
../../hasy-data/v2-27326.png,88,\sum,16925
../../hasy-data/v2-27327.png,88,\sum,16925
../../hasy-data/v2-27328.png,88,\sum,16925
../../hasy-data/v2-27329.png,88,\sum,16925
../../hasy-data/v2-27330.png,88,\sum,16925
../../hasy-data/v2-27331.png,88,\sum,16925
../../hasy-data/v2-27332.png,88,\sum,16925
../../hasy-data/v2-27333.png,88,\sum,16925
../../hasy-data/v2-27334.png,88,\sum,16925
../../hasy-data/v2-27335.png,88,\sum,16925
../../hasy-data/v2-27336.png,88,\sum,16925
../../hasy-data/v2-27337.png,88,\sum,16925
../../hasy-data/v2-27338.png,88,\sum,16925
../../hasy-data/v2-27339.png,88,\sum,16925
../../hasy-data/v2-27340.png,88,\sum,16925
../../hasy-data/v2-27341.png,88,\sum,16925
../../hasy-data/v2-27342.png,88,\sum,16925
../../hasy-data/v2-27343.png,88,\sum,16925
../../hasy-data/v2-27344.png,88,\sum,16925
../../hasy-data/v2-27345.png,88,\sum,16925
../../hasy-data/v2-27346.png,88,\sum,16925
../../hasy-data/v2-27347.png,88,\sum,16925
../../hasy-data/v2-27348.png,88,\sum,16925
../../hasy-data/v2-27349.png,88,\sum,16925
../../hasy-data/v2-27350.png,88,\sum,16925
../../hasy-data/v2-27351.png,88,\sum,16925
../../hasy-data/v2-27352.png,88,\sum,16925
../../hasy-data/v2-27353.png,88,\sum,16925
../../hasy-data/v2-27354.png,88,\sum,16925
../../hasy-data/v2-27355.png,88,\sum,16925
../../hasy-data/v2-27356.png,88,\sum,16925
../../hasy-data/v2-27357.png,88,\sum,16925
../../hasy-data/v2-27358.png,88,\sum,16925
../../hasy-data/v2-27359.png,88,\sum,16925
../../hasy-data/v2-27360.png,88,\sum,16925
../../hasy-data/v2-27361.png,88,\sum,16925
../../hasy-data/v2-27362.png,88,\sum,16925
../../hasy-data/v2-27363.png,88,\sum,16925
../../hasy-data/v2-27364.png,88,\sum,16925
../../hasy-data/v2-27365.png,88,\sum,16925
../../hasy-data/v2-27366.png,88,\sum,16925
../../hasy-data/v2-27367.png,88,\sum,16925
../../hasy-data/v2-27368.png,88,\sum,16925
../../hasy-data/v2-27369.png,88,\sum,16925
../../hasy-data/v2-27370.png,88,\sum,16925
../../hasy-data/v2-27371.png,88,\sum,16925
../../hasy-data/v2-27372.png,88,\sum,16925
../../hasy-data/v2-27373.png,88,\sum,16925
../../hasy-data/v2-27374.png,88,\sum,16925
../../hasy-data/v2-27375.png,88,\sum,16925
../../hasy-data/v2-27376.png,88,\sum,16925
../../hasy-data/v2-27377.png,88,\sum,16925
../../hasy-data/v2-27378.png,88,\sum,16925
../../hasy-data/v2-27379.png,88,\sum,16925
../../hasy-data/v2-27380.png,88,\sum,16925
../../hasy-data/v2-27381.png,88,\sum,16925
../../hasy-data/v2-27382.png,88,\sum,16925
../../hasy-data/v2-27383.png,88,\sum,16925
../../hasy-data/v2-27384.png,88,\sum,16925
../../hasy-data/v2-27385.png,88,\sum,16925
../../hasy-data/v2-27386.png,88,\sum,16925
../../hasy-data/v2-27387.png,88,\sum,16925
../../hasy-data/v2-27388.png,88,\sum,16925
../../hasy-data/v2-27389.png,88,\sum,16925
../../hasy-data/v2-27390.png,88,\sum,16925
../../hasy-data/v2-27391.png,88,\sum,16925
../../hasy-data/v2-27392.png,88,\sum,16925
../../hasy-data/v2-27393.png,88,\sum,16925
../../hasy-data/v2-27394.png,88,\sum,16925
../../hasy-data/v2-27395.png,88,\sum,16925
../../hasy-data/v2-27396.png,88,\sum,16925
../../hasy-data/v2-27397.png,88,\sum,16925
../../hasy-data/v2-27398.png,88,\sum,16925
../../hasy-data/v2-27399.png,88,\sum,16925
../../hasy-data/v2-27400.png,88,\sum,16925
../../hasy-data/v2-27401.png,88,\sum,16925
../../hasy-data/v2-27402.png,88,\sum,16925
../../hasy-data/v2-27403.png,88,\sum,16925
../../hasy-data/v2-27404.png,88,\sum,16925
../../hasy-data/v2-27405.png,88,\sum,16925
../../hasy-data/v2-27406.png,88,\sum,16925
../../hasy-data/v2-27407.png,88,\sum,16925
../../hasy-data/v2-27408.png,88,\sum,16925
../../hasy-data/v2-27409.png,88,\sum,16925
../../hasy-data/v2-27410.png,88,\sum,16925
../../hasy-data/v2-27411.png,88,\sum,16925
../../hasy-data/v2-27412.png,88,\sum,16925
../../hasy-data/v2-27413.png,88,\sum,16925
../../hasy-data/v2-27414.png,88,\sum,16925
../../hasy-data/v2-27415.png,88,\sum,16925
../../hasy-data/v2-27416.png,88,\sum,16925
../../hasy-data/v2-27417.png,88,\sum,16925
../../hasy-data/v2-27418.png,88,\sum,16925
../../hasy-data/v2-27419.png,88,\sum,16925
../../hasy-data/v2-27420.png,88,\sum,16925
../../hasy-data/v2-27421.png,88,\sum,16925
../../hasy-data/v2-27422.png,88,\sum,16925
../../hasy-data/v2-27423.png,88,\sum,16925
../../hasy-data/v2-27424.png,88,\sum,16925
../../hasy-data/v2-27425.png,88,\sum,16925
../../hasy-data/v2-27426.png,88,\sum,16925
../../hasy-data/v2-27427.png,88,\sum,16925
../../hasy-data/v2-27428.png,88,\sum,16925
../../hasy-data/v2-27429.png,88,\sum,16925
../../hasy-data/v2-27430.png,88,\sum,16925
../../hasy-data/v2-27431.png,88,\sum,16925
../../hasy-data/v2-27432.png,88,\sum,16925
../../hasy-data/v2-27433.png,88,\sum,16925
../../hasy-data/v2-27434.png,88,\sum,16925
../../hasy-data/v2-27435.png,88,\sum,16925
../../hasy-data/v2-27436.png,88,\sum,16925
../../hasy-data/v2-27437.png,88,\sum,16925
../../hasy-data/v2-27438.png,88,\sum,16925
../../hasy-data/v2-27439.png,88,\sum,16925
../../hasy-data/v2-27440.png,88,\sum,16925
../../hasy-data/v2-27441.png,88,\sum,16925
../../hasy-data/v2-27442.png,88,\sum,16925
../../hasy-data/v2-27443.png,88,\sum,16925
../../hasy-data/v2-27444.png,88,\sum,16925
../../hasy-data/v2-27445.png,88,\sum,16925
../../hasy-data/v2-27446.png,88,\sum,16925
../../hasy-data/v2-27447.png,88,\sum,16925
../../hasy-data/v2-27448.png,88,\sum,16925
../../hasy-data/v2-27449.png,88,\sum,16925
../../hasy-data/v2-27450.png,88,\sum,16925
../../hasy-data/v2-27451.png,88,\sum,16925
../../hasy-data/v2-27452.png,88,\sum,16925
../../hasy-data/v2-27453.png,88,\sum,16925
../../hasy-data/v2-27454.png,88,\sum,16925
../../hasy-data/v2-27455.png,88,\sum,16925
../../hasy-data/v2-27456.png,88,\sum,16925
../../hasy-data/v2-27457.png,88,\sum,16925
../../hasy-data/v2-27458.png,88,\sum,16925
../../hasy-data/v2-27459.png,88,\sum,16925
../../hasy-data/v2-27460.png,88,\sum,16925
../../hasy-data/v2-27461.png,88,\sum,16925
../../hasy-data/v2-27462.png,88,\sum,16925
../../hasy-data/v2-27463.png,88,\sum,16925
../../hasy-data/v2-27464.png,88,\sum,16925
../../hasy-data/v2-27465.png,88,\sum,16925
../../hasy-data/v2-27466.png,88,\sum,16925
../../hasy-data/v2-27467.png,88,\sum,16925
../../hasy-data/v2-27468.png,88,\sum,16925
../../hasy-data/v2-27469.png,88,\sum,16925
../../hasy-data/v2-27470.png,88,\sum,16925
../../hasy-data/v2-27471.png,88,\sum,16925
../../hasy-data/v2-27472.png,88,\sum,16925
../../hasy-data/v2-27473.png,88,\sum,16925
../../hasy-data/v2-27474.png,88,\sum,16925
../../hasy-data/v2-27475.png,88,\sum,16925
../../hasy-data/v2-27476.png,88,\sum,16925
../../hasy-data/v2-27477.png,88,\sum,16925
../../hasy-data/v2-27478.png,88,\sum,16925
../../hasy-data/v2-27479.png,88,\sum,16925
../../hasy-data/v2-27480.png,88,\sum,16925
../../hasy-data/v2-27481.png,88,\sum,16925
../../hasy-data/v2-27482.png,88,\sum,16925
../../hasy-data/v2-27483.png,88,\sum,16925
../../hasy-data/v2-27484.png,88,\sum,16925
../../hasy-data/v2-27485.png,88,\sum,16925
../../hasy-data/v2-27486.png,88,\sum,16925
../../hasy-data/v2-27487.png,88,\sum,16925
../../hasy-data/v2-27488.png,88,\sum,16925
../../hasy-data/v2-27489.png,88,\sum,16925
../../hasy-data/v2-27490.png,88,\sum,16925
../../hasy-data/v2-27491.png,88,\sum,16925
../../hasy-data/v2-27492.png,88,\sum,16925
../../hasy-data/v2-27493.png,88,\sum,16925
../../hasy-data/v2-27494.png,88,\sum,16925
../../hasy-data/v2-27495.png,88,\sum,16925
../../hasy-data/v2-27496.png,88,\sum,16925
../../hasy-data/v2-27497.png,88,\sum,16925
../../hasy-data/v2-27498.png,88,\sum,16925
../../hasy-data/v2-27499.png,88,\sum,16925
../../hasy-data/v2-27500.png,88,\sum,16925
../../hasy-data/v2-27501.png,88,\sum,16925
../../hasy-data/v2-27502.png,88,\sum,16925
../../hasy-data/v2-27503.png,88,\sum,16925
../../hasy-data/v2-27504.png,88,\sum,16925
../../hasy-data/v2-27505.png,88,\sum,16925
../../hasy-data/v2-27506.png,88,\sum,16925
../../hasy-data/v2-27507.png,88,\sum,16925
../../hasy-data/v2-27508.png,88,\sum,16925
../../hasy-data/v2-27509.png,88,\sum,16925
../../hasy-data/v2-27510.png,88,\sum,16925
../../hasy-data/v2-27511.png,88,\sum,16925
../../hasy-data/v2-27512.png,88,\sum,16925
../../hasy-data/v2-27513.png,88,\sum,16925
../../hasy-data/v2-27514.png,88,\sum,16925
../../hasy-data/v2-27515.png,88,\sum,16925
../../hasy-data/v2-27516.png,88,\sum,16925
../../hasy-data/v2-27517.png,88,\sum,16925
../../hasy-data/v2-27518.png,88,\sum,16925
../../hasy-data/v2-27519.png,88,\sum,16925
../../hasy-data/v2-27520.png,88,\sum,16925
../../hasy-data/v2-27521.png,88,\sum,16925
../../hasy-data/v2-27522.png,88,\sum,16925
../../hasy-data/v2-27523.png,88,\sum,16925
../../hasy-data/v2-27524.png,88,\sum,16925
../../hasy-data/v2-27525.png,88,\sum,16925
../../hasy-data/v2-27526.png,88,\sum,16925
../../hasy-data/v2-27527.png,88,\sum,16925
../../hasy-data/v2-27528.png,88,\sum,16925
../../hasy-data/v2-27529.png,88,\sum,16925
../../hasy-data/v2-27530.png,88,\sum,16925
../../hasy-data/v2-27531.png,88,\sum,16925
../../hasy-data/v2-27532.png,88,\sum,16925
../../hasy-data/v2-27533.png,88,\sum,16925
../../hasy-data/v2-27534.png,88,\sum,16925
../../hasy-data/v2-27535.png,88,\sum,16925
../../hasy-data/v2-27536.png,88,\sum,16925
../../hasy-data/v2-27537.png,88,\sum,16925
../../hasy-data/v2-27538.png,88,\sum,16925
../../hasy-data/v2-27539.png,88,\sum,16925
../../hasy-data/v2-27540.png,88,\sum,16925
../../hasy-data/v2-27541.png,88,\sum,16925
../../hasy-data/v2-27542.png,88,\sum,16925
../../hasy-data/v2-27543.png,88,\sum,16925
../../hasy-data/v2-27544.png,88,\sum,16925
../../hasy-data/v2-27545.png,88,\sum,17324
../../hasy-data/v2-27546.png,88,\sum,16925
../../hasy-data/v2-27547.png,88,\sum,16925
../../hasy-data/v2-27548.png,88,\sum,16925
../../hasy-data/v2-27549.png,88,\sum,16925
../../hasy-data/v2-27550.png,88,\sum,16925
../../hasy-data/v2-27551.png,88,\sum,16925
../../hasy-data/v2-27552.png,88,\sum,16925
../../hasy-data/v2-27553.png,88,\sum,16925
../../hasy-data/v2-27554.png,88,\sum,16925
../../hasy-data/v2-27555.png,88,\sum,16925
../../hasy-data/v2-27556.png,88,\sum,16925
../../hasy-data/v2-27557.png,88,\sum,16925
../../hasy-data/v2-27558.png,88,\sum,16925
../../hasy-data/v2-27559.png,88,\sum,16925
../../hasy-data/v2-27560.png,88,\sum,16925
../../hasy-data/v2-27561.png,88,\sum,16925
../../hasy-data/v2-27562.png,88,\sum,16925
../../hasy-data/v2-27563.png,88,\sum,16925
../../hasy-data/v2-27564.png,88,\sum,16925
../../hasy-data/v2-27565.png,88,\sum,16925
../../hasy-data/v2-27566.png,88,\sum,16925
../../hasy-data/v2-27567.png,88,\sum,16925
../../hasy-data/v2-27568.png,88,\sum,16925
../../hasy-data/v2-27569.png,88,\sum,16925
../../hasy-data/v2-27570.png,88,\sum,16925
../../hasy-data/v2-27571.png,88,\sum,16925
../../hasy-data/v2-27572.png,88,\sum,16925
../../hasy-data/v2-27573.png,88,\sum,16925
../../hasy-data/v2-27574.png,88,\sum,16925
../../hasy-data/v2-27575.png,88,\sum,16925
../../hasy-data/v2-27576.png,88,\sum,16925
../../hasy-data/v2-27577.png,88,\sum,16925
../../hasy-data/v2-27578.png,88,\sum,16925
../../hasy-data/v2-27579.png,88,\sum,16925
../../hasy-data/v2-27580.png,88,\sum,16925
../../hasy-data/v2-27581.png,88,\sum,16925
../../hasy-data/v2-27582.png,88,\sum,16925
../../hasy-data/v2-27583.png,88,\sum,16925
../../hasy-data/v2-27584.png,88,\sum,16925
../../hasy-data/v2-27585.png,88,\sum,16925
../../hasy-data/v2-27586.png,88,\sum,16925
../../hasy-data/v2-27587.png,88,\sum,16925
../../hasy-data/v2-27588.png,88,\sum,16925
../../hasy-data/v2-27589.png,88,\sum,16925
../../hasy-data/v2-27590.png,88,\sum,16925
../../hasy-data/v2-27591.png,88,\sum,16925
../../hasy-data/v2-27592.png,88,\sum,16925
../../hasy-data/v2-27593.png,88,\sum,16925
../../hasy-data/v2-27594.png,88,\sum,16925
../../hasy-data/v2-27595.png,88,\sum,16925
../../hasy-data/v2-27596.png,88,\sum,16925
../../hasy-data/v2-27597.png,88,\sum,16925
../../hasy-data/v2-27598.png,88,\sum,16925
../../hasy-data/v2-27599.png,88,\sum,16925
../../hasy-data/v2-27600.png,88,\sum,16925
../../hasy-data/v2-27601.png,88,\sum,16925
../../hasy-data/v2-27602.png,88,\sum,16925
../../hasy-data/v2-27603.png,88,\sum,16925
../../hasy-data/v2-27604.png,88,\sum,16925
../../hasy-data/v2-27605.png,88,\sum,16925
../../hasy-data/v2-27606.png,88,\sum,16925
../../hasy-data/v2-27607.png,88,\sum,16925
../../hasy-data/v2-27608.png,88,\sum,16925
../../hasy-data/v2-27609.png,88,\sum,16925
../../hasy-data/v2-27610.png,88,\sum,16925
../../hasy-data/v2-27611.png,88,\sum,16925
../../hasy-data/v2-27612.png,88,\sum,16925
../../hasy-data/v2-27613.png,88,\sum,16925
../../hasy-data/v2-27614.png,88,\sum,16925
../../hasy-data/v2-27615.png,88,\sum,16925
../../hasy-data/v2-27616.png,88,\sum,16925
../../hasy-data/v2-27617.png,88,\sum,16925
../../hasy-data/v2-27618.png,88,\sum,16925
../../hasy-data/v2-27619.png,88,\sum,16925
../../hasy-data/v2-27620.png,88,\sum,16925
../../hasy-data/v2-27621.png,88,\sum,16925
../../hasy-data/v2-27622.png,88,\sum,16925
../../hasy-data/v2-27623.png,88,\sum,16925
../../hasy-data/v2-27624.png,88,\sum,16925
../../hasy-data/v2-27625.png,88,\sum,16925
../../hasy-data/v2-27626.png,88,\sum,16925
../../hasy-data/v2-27627.png,88,\sum,16925
../../hasy-data/v2-27628.png,88,\sum,16925
../../hasy-data/v2-27629.png,88,\sum,16925
../../hasy-data/v2-27630.png,88,\sum,16925
../../hasy-data/v2-27631.png,88,\sum,16925
../../hasy-data/v2-27632.png,88,\sum,16925
../../hasy-data/v2-27633.png,88,\sum,16925
../../hasy-data/v2-27634.png,88,\sum,16925
../../hasy-data/v2-27635.png,88,\sum,16925
../../hasy-data/v2-27636.png,88,\sum,16925
../../hasy-data/v2-27637.png,88,\sum,16925
../../hasy-data/v2-27638.png,88,\sum,16925
../../hasy-data/v2-27639.png,88,\sum,16925
../../hasy-data/v2-27640.png,88,\sum,16925
../../hasy-data/v2-27641.png,88,\sum,16925
../../hasy-data/v2-27642.png,88,\sum,16925
../../hasy-data/v2-27643.png,88,\sum,16925
../../hasy-data/v2-27644.png,88,\sum,16925
../../hasy-data/v2-27645.png,88,\sum,16925
../../hasy-data/v2-27646.png,88,\sum,16925
../../hasy-data/v2-27647.png,88,\sum,16925
../../hasy-data/v2-27648.png,88,\sum,16925
../../hasy-data/v2-27649.png,88,\sum,16925
../../hasy-data/v2-27650.png,88,\sum,16925
../../hasy-data/v2-27651.png,88,\sum,16925
../../hasy-data/v2-27652.png,88,\sum,16925
../../hasy-data/v2-27653.png,88,\sum,16925
../../hasy-data/v2-27654.png,88,\sum,16925
../../hasy-data/v2-27655.png,88,\sum,16925
../../hasy-data/v2-27656.png,88,\sum,16925
../../hasy-data/v2-27657.png,88,\sum,16925
../../hasy-data/v2-27658.png,88,\sum,16925
../../hasy-data/v2-27659.png,88,\sum,16925
../../hasy-data/v2-27660.png,88,\sum,16925
../../hasy-data/v2-27661.png,88,\sum,16925
../../hasy-data/v2-27662.png,88,\sum,16925
../../hasy-data/v2-27663.png,88,\sum,16925
../../hasy-data/v2-27664.png,88,\sum,16925
../../hasy-data/v2-27665.png,88,\sum,16925
../../hasy-data/v2-27666.png,88,\sum,16925
../../hasy-data/v2-27667.png,88,\sum,16925
../../hasy-data/v2-27668.png,88,\sum,16925
../../hasy-data/v2-27669.png,88,\sum,16925
../../hasy-data/v2-27670.png,88,\sum,16925
../../hasy-data/v2-27671.png,88,\sum,16925
../../hasy-data/v2-27672.png,88,\sum,16925
../../hasy-data/v2-27673.png,88,\sum,16925
../../hasy-data/v2-27674.png,88,\sum,16925
../../hasy-data/v2-27675.png,88,\sum,16925
../../hasy-data/v2-27676.png,88,\sum,16925
../../hasy-data/v2-27677.png,88,\sum,16925
../../hasy-data/v2-27678.png,88,\sum,16925
../../hasy-data/v2-27679.png,88,\sum,16925
../../hasy-data/v2-27680.png,88,\sum,16925
../../hasy-data/v2-27681.png,88,\sum,16925
../../hasy-data/v2-27682.png,88,\sum,16925
../../hasy-data/v2-27683.png,88,\sum,16925
../../hasy-data/v2-27684.png,88,\sum,16925
../../hasy-data/v2-27685.png,88,\sum,16925
../../hasy-data/v2-27686.png,88,\sum,16925
../../hasy-data/v2-27687.png,88,\sum,16925
../../hasy-data/v2-27688.png,88,\sum,16925
../../hasy-data/v2-27689.png,88,\sum,16925
../../hasy-data/v2-27690.png,88,\sum,16925
../../hasy-data/v2-27691.png,88,\sum,16925
../../hasy-data/v2-27692.png,88,\sum,16925
../../hasy-data/v2-27693.png,88,\sum,16925
../../hasy-data/v2-27694.png,88,\sum,16925
../../hasy-data/v2-27695.png,88,\sum,16925
../../hasy-data/v2-27696.png,88,\sum,16925
../../hasy-data/v2-27697.png,88,\sum,16925
../../hasy-data/v2-27698.png,88,\sum,16925
../../hasy-data/v2-27699.png,88,\sum,16925
../../hasy-data/v2-27700.png,88,\sum,16925
../../hasy-data/v2-27701.png,88,\sum,16925
../../hasy-data/v2-27702.png,88,\sum,16925
../../hasy-data/v2-27703.png,88,\sum,16925
../../hasy-data/v2-27704.png,88,\sum,16925
../../hasy-data/v2-27705.png,88,\sum,16925
../../hasy-data/v2-27706.png,88,\sum,16925
../../hasy-data/v2-27707.png,88,\sum,16925
../../hasy-data/v2-27708.png,88,\sum,16925
../../hasy-data/v2-27709.png,88,\sum,16925
../../hasy-data/v2-27710.png,88,\sum,16925
../../hasy-data/v2-27711.png,88,\sum,16925
../../hasy-data/v2-27712.png,88,\sum,16925
../../hasy-data/v2-27713.png,88,\sum,16925
../../hasy-data/v2-27714.png,88,\sum,16925
../../hasy-data/v2-27715.png,88,\sum,16925
../../hasy-data/v2-27716.png,88,\sum,16925
../../hasy-data/v2-27717.png,88,\sum,16925
../../hasy-data/v2-27718.png,88,\sum,16925
../../hasy-data/v2-27719.png,88,\sum,16925
../../hasy-data/v2-27720.png,88,\sum,16925
../../hasy-data/v2-27721.png,88,\sum,16925
../../hasy-data/v2-27722.png,88,\sum,16925
../../hasy-data/v2-27723.png,88,\sum,16925
../../hasy-data/v2-27724.png,88,\sum,16925
../../hasy-data/v2-27725.png,88,\sum,16925
../../hasy-data/v2-27726.png,88,\sum,16925
../../hasy-data/v2-27727.png,88,\sum,16925
../../hasy-data/v2-27728.png,88,\sum,16925
../../hasy-data/v2-27729.png,88,\sum,16925
../../hasy-data/v2-27730.png,88,\sum,16925
../../hasy-data/v2-27731.png,88,\sum,16925
../../hasy-data/v2-27732.png,88,\sum,16925
../../hasy-data/v2-27733.png,88,\sum,16925
../../hasy-data/v2-27734.png,88,\sum,16925
../../hasy-data/v2-27735.png,88,\sum,16925
../../hasy-data/v2-27736.png,88,\sum,16925
../../hasy-data/v2-27737.png,88,\sum,16925
../../hasy-data/v2-27738.png,88,\sum,16925
../../hasy-data/v2-27739.png,88,\sum,16925
../../hasy-data/v2-27740.png,88,\sum,16925
../../hasy-data/v2-27741.png,88,\sum,16925
../../hasy-data/v2-27742.png,88,\sum,16925
../../hasy-data/v2-27743.png,88,\sum,16925
../../hasy-data/v2-27744.png,88,\sum,16925
../../hasy-data/v2-27745.png,88,\sum,16925
../../hasy-data/v2-27746.png,88,\sum,16925
../../hasy-data/v2-27747.png,88,\sum,16925
../../hasy-data/v2-27748.png,88,\sum,16925
../../hasy-data/v2-27749.png,88,\sum,16925
../../hasy-data/v2-27750.png,88,\sum,16925
../../hasy-data/v2-27751.png,88,\sum,16925
../../hasy-data/v2-27752.png,88,\sum,16925
../../hasy-data/v2-27753.png,88,\sum,16925
../../hasy-data/v2-27754.png,88,\sum,16925
../../hasy-data/v2-27755.png,88,\sum,16925
../../hasy-data/v2-27756.png,88,\sum,16925
../../hasy-data/v2-27757.png,88,\sum,16925
../../hasy-data/v2-27758.png,88,\sum,16925
../../hasy-data/v2-27759.png,88,\sum,16925
../../hasy-data/v2-27760.png,88,\sum,16925
../../hasy-data/v2-27761.png,88,\sum,16925
../../hasy-data/v2-27762.png,88,\sum,16925
../../hasy-data/v2-27763.png,88,\sum,16925
../../hasy-data/v2-27764.png,88,\sum,16925
../../hasy-data/v2-27765.png,88,\sum,16925
../../hasy-data/v2-27766.png,88,\sum,16925
../../hasy-data/v2-27767.png,88,\sum,16925
../../hasy-data/v2-27768.png,88,\sum,16925
../../hasy-data/v2-27769.png,88,\sum,16925
../../hasy-data/v2-27770.png,88,\sum,16925
../../hasy-data/v2-27771.png,88,\sum,16925
../../hasy-data/v2-27772.png,88,\sum,16925
../../hasy-data/v2-27773.png,88,\sum,16925
../../hasy-data/v2-27774.png,88,\sum,16925
../../hasy-data/v2-27775.png,88,\sum,16925
../../hasy-data/v2-27776.png,88,\sum,16925
../../hasy-data/v2-27777.png,88,\sum,16925
../../hasy-data/v2-27778.png,88,\sum,16925
../../hasy-data/v2-27779.png,88,\sum,16925
../../hasy-data/v2-27780.png,88,\sum,16925
../../hasy-data/v2-27781.png,88,\sum,16925
../../hasy-data/v2-27782.png,88,\sum,16925
../../hasy-data/v2-27783.png,88,\sum,16925
../../hasy-data/v2-27784.png,88,\sum,16925
../../hasy-data/v2-27785.png,88,\sum,16925
../../hasy-data/v2-27786.png,88,\sum,16925
../../hasy-data/v2-27787.png,88,\sum,16925
../../hasy-data/v2-27788.png,88,\sum,16925
../../hasy-data/v2-27789.png,88,\sum,16925
../../hasy-data/v2-27790.png,88,\sum,16925
../../hasy-data/v2-27791.png,88,\sum,16925
../../hasy-data/v2-27792.png,88,\sum,16925
../../hasy-data/v2-27793.png,88,\sum,16925
../../hasy-data/v2-27794.png,88,\sum,16925
../../hasy-data/v2-27795.png,88,\sum,16925
../../hasy-data/v2-27796.png,88,\sum,16925
../../hasy-data/v2-27797.png,88,\sum,16925
../../hasy-data/v2-27798.png,88,\sum,16925
../../hasy-data/v2-27799.png,88,\sum,16925
../../hasy-data/v2-27800.png,88,\sum,16925
../../hasy-data/v2-27801.png,88,\sum,16925
../../hasy-data/v2-27802.png,88,\sum,16925
../../hasy-data/v2-27803.png,88,\sum,16925
../../hasy-data/v2-27804.png,88,\sum,16925
../../hasy-data/v2-27805.png,88,\sum,16925
../../hasy-data/v2-27806.png,88,\sum,16925
../../hasy-data/v2-27807.png,88,\sum,16925
../../hasy-data/v2-27808.png,88,\sum,16925
../../hasy-data/v2-27809.png,88,\sum,16925
../../hasy-data/v2-27810.png,88,\sum,16925
../../hasy-data/v2-27811.png,88,\sum,16925
../../hasy-data/v2-27812.png,88,\sum,16925
../../hasy-data/v2-27813.png,88,\sum,16925
../../hasy-data/v2-27814.png,88,\sum,16925
../../hasy-data/v2-27815.png,88,\sum,16925
../../hasy-data/v2-27816.png,88,\sum,16925
../../hasy-data/v2-27817.png,88,\sum,16925
../../hasy-data/v2-27818.png,88,\sum,16925
../../hasy-data/v2-27819.png,88,\sum,16925
../../hasy-data/v2-27820.png,88,\sum,16925
../../hasy-data/v2-27821.png,88,\sum,16925
../../hasy-data/v2-27822.png,88,\sum,16925
../../hasy-data/v2-27823.png,88,\sum,16925
../../hasy-data/v2-27824.png,88,\sum,16925
../../hasy-data/v2-27825.png,88,\sum,16925
../../hasy-data/v2-27826.png,88,\sum,16925
../../hasy-data/v2-27827.png,88,\sum,16925
../../hasy-data/v2-27828.png,88,\sum,16925
../../hasy-data/v2-27829.png,88,\sum,16925
../../hasy-data/v2-27830.png,88,\sum,16925
../../hasy-data/v2-27831.png,88,\sum,16925
../../hasy-data/v2-27832.png,88,\sum,16925
../../hasy-data/v2-27833.png,88,\sum,16925
../../hasy-data/v2-27834.png,88,\sum,16925
../../hasy-data/v2-27835.png,88,\sum,16925
../../hasy-data/v2-27836.png,88,\sum,16925
../../hasy-data/v2-27837.png,88,\sum,16925
../../hasy-data/v2-27838.png,88,\sum,16925
../../hasy-data/v2-27839.png,88,\sum,16925
../../hasy-data/v2-27840.png,88,\sum,16925
../../hasy-data/v2-27841.png,88,\sum,16925
../../hasy-data/v2-27842.png,88,\sum,16925
../../hasy-data/v2-27843.png,88,\sum,16925
../../hasy-data/v2-27844.png,88,\sum,16925
../../hasy-data/v2-27845.png,88,\sum,16925
../../hasy-data/v2-27846.png,88,\sum,16925
../../hasy-data/v2-27847.png,88,\sum,16925
../../hasy-data/v2-27848.png,88,\sum,16925
../../hasy-data/v2-27849.png,88,\sum,16925
../../hasy-data/v2-27850.png,88,\sum,16925
../../hasy-data/v2-27851.png,88,\sum,16925
../../hasy-data/v2-27852.png,88,\sum,16925
../../hasy-data/v2-27853.png,88,\sum,16925
../../hasy-data/v2-27854.png,88,\sum,16925
../../hasy-data/v2-27855.png,88,\sum,16925
../../hasy-data/v2-27856.png,88,\sum,16925
../../hasy-data/v2-27857.png,88,\sum,16925
../../hasy-data/v2-27858.png,88,\sum,16925
../../hasy-data/v2-27859.png,88,\sum,16925
../../hasy-data/v2-27860.png,88,\sum,16925
../../hasy-data/v2-27861.png,88,\sum,16925
../../hasy-data/v2-27862.png,88,\sum,16925
../../hasy-data/v2-27863.png,88,\sum,16925
../../hasy-data/v2-27864.png,88,\sum,16925
../../hasy-data/v2-27865.png,88,\sum,16925
../../hasy-data/v2-27866.png,88,\sum,16925
../../hasy-data/v2-27867.png,88,\sum,16925
../../hasy-data/v2-27868.png,88,\sum,16925
../../hasy-data/v2-27869.png,88,\sum,16925
../../hasy-data/v2-27870.png,88,\sum,16925
../../hasy-data/v2-27871.png,88,\sum,16925
../../hasy-data/v2-27872.png,88,\sum,16925
../../hasy-data/v2-27873.png,88,\sum,16925
../../hasy-data/v2-27874.png,88,\sum,16925
../../hasy-data/v2-27875.png,88,\sum,16925
../../hasy-data/v2-27876.png,88,\sum,16925
../../hasy-data/v2-27877.png,88,\sum,16925
../../hasy-data/v2-27878.png,88,\sum,16925
../../hasy-data/v2-27879.png,88,\sum,16925
../../hasy-data/v2-27880.png,88,\sum,16925
../../hasy-data/v2-27881.png,88,\sum,16925
../../hasy-data/v2-27882.png,88,\sum,16925
../../hasy-data/v2-27883.png,88,\sum,16925
../../hasy-data/v2-27884.png,88,\sum,16925
../../hasy-data/v2-27885.png,88,\sum,16925
../../hasy-data/v2-27886.png,88,\sum,16925
../../hasy-data/v2-27887.png,88,\sum,16925
../../hasy-data/v2-27888.png,88,\sum,16925
../../hasy-data/v2-27889.png,88,\sum,16925
../../hasy-data/v2-27890.png,88,\sum,16925
../../hasy-data/v2-27891.png,88,\sum,16925
../../hasy-data/v2-27892.png,88,\sum,16925
../../hasy-data/v2-27893.png,88,\sum,16925
../../hasy-data/v2-27894.png,88,\sum,16925
../../hasy-data/v2-27895.png,88,\sum,16925
../../hasy-data/v2-27896.png,88,\sum,16925
../../hasy-data/v2-27897.png,88,\sum,16925
../../hasy-data/v2-27898.png,88,\sum,16925
../../hasy-data/v2-27899.png,88,\sum,16925
../../hasy-data/v2-27900.png,88,\sum,16925
../../hasy-data/v2-27901.png,88,\sum,16925
../../hasy-data/v2-27902.png,88,\sum,16925
../../hasy-data/v2-27903.png,88,\sum,16925
../../hasy-data/v2-27904.png,88,\sum,16925
../../hasy-data/v2-27905.png,88,\sum,16925
../../hasy-data/v2-27906.png,88,\sum,16925
../../hasy-data/v2-27907.png,88,\sum,16925
../../hasy-data/v2-27908.png,88,\sum,16925
../../hasy-data/v2-27909.png,88,\sum,16925
../../hasy-data/v2-27910.png,88,\sum,16925
../../hasy-data/v2-27911.png,88,\sum,16925
../../hasy-data/v2-27912.png,88,\sum,16925
../../hasy-data/v2-27913.png,88,\sum,16925
../../hasy-data/v2-27914.png,88,\sum,16925
../../hasy-data/v2-27915.png,88,\sum,16925
../../hasy-data/v2-27916.png,88,\sum,16925
../../hasy-data/v2-27917.png,88,\sum,16925
../../hasy-data/v2-27918.png,88,\sum,16925
../../hasy-data/v2-27919.png,88,\sum,16925
../../hasy-data/v2-27920.png,88,\sum,16925
../../hasy-data/v2-27921.png,88,\sum,16925
../../hasy-data/v2-27922.png,88,\sum,16925
../../hasy-data/v2-27923.png,88,\sum,16925
../../hasy-data/v2-27924.png,88,\sum,16925
../../hasy-data/v2-27925.png,88,\sum,16925
../../hasy-data/v2-27926.png,88,\sum,16925
../../hasy-data/v2-27927.png,88,\sum,16925
../../hasy-data/v2-27928.png,88,\sum,16925
../../hasy-data/v2-27929.png,88,\sum,16925
../../hasy-data/v2-27930.png,88,\sum,16925
../../hasy-data/v2-27931.png,88,\sum,16925
../../hasy-data/v2-27932.png,88,\sum,16925
../../hasy-data/v2-27933.png,88,\sum,16925
../../hasy-data/v2-27934.png,88,\sum,16925
../../hasy-data/v2-27935.png,88,\sum,16925
../../hasy-data/v2-27936.png,88,\sum,16925
../../hasy-data/v2-27937.png,88,\sum,16925
../../hasy-data/v2-27938.png,88,\sum,16925
../../hasy-data/v2-27939.png,88,\sum,16925
../../hasy-data/v2-27940.png,88,\sum,16925
../../hasy-data/v2-27941.png,88,\sum,16925
../../hasy-data/v2-27942.png,88,\sum,16925
../../hasy-data/v2-27943.png,88,\sum,16925
../../hasy-data/v2-27944.png,88,\sum,16925
../../hasy-data/v2-27945.png,88,\sum,16925
../../hasy-data/v2-27946.png,88,\sum,16925
../../hasy-data/v2-27947.png,88,\sum,16925
../../hasy-data/v2-27948.png,88,\sum,16925
../../hasy-data/v2-27949.png,88,\sum,16925
../../hasy-data/v2-27950.png,88,\sum,16925
../../hasy-data/v2-27951.png,88,\sum,16925
../../hasy-data/v2-27952.png,88,\sum,16925
../../hasy-data/v2-27953.png,88,\sum,16925
../../hasy-data/v2-27954.png,88,\sum,16925
../../hasy-data/v2-27955.png,88,\sum,16925
../../hasy-data/v2-27956.png,88,\sum,16925
../../hasy-data/v2-27957.png,88,\sum,16925
../../hasy-data/v2-27958.png,88,\sum,16925
../../hasy-data/v2-27959.png,88,\sum,16925
../../hasy-data/v2-27960.png,88,\sum,16925
../../hasy-data/v2-27961.png,88,\sum,16925
../../hasy-data/v2-27962.png,88,\sum,16925
../../hasy-data/v2-27963.png,88,\sum,16925
../../hasy-data/v2-27964.png,88,\sum,16925
../../hasy-data/v2-27965.png,88,\sum,16925
../../hasy-data/v2-27966.png,88,\sum,16925
../../hasy-data/v2-27967.png,88,\sum,16925
../../hasy-data/v2-27968.png,88,\sum,16925
../../hasy-data/v2-27969.png,88,\sum,16925
../../hasy-data/v2-27970.png,88,\sum,16925
../../hasy-data/v2-27971.png,88,\sum,16925
../../hasy-data/v2-27972.png,88,\sum,16925
../../hasy-data/v2-27973.png,88,\sum,16925
../../hasy-data/v2-27974.png,88,\sum,16925
../../hasy-data/v2-27975.png,88,\sum,16925
../../hasy-data/v2-27976.png,88,\sum,16925
../../hasy-data/v2-27977.png,88,\sum,16925
../../hasy-data/v2-27978.png,88,\sum,16925
../../hasy-data/v2-27979.png,88,\sum,16925
../../hasy-data/v2-27980.png,88,\sum,16925
../../hasy-data/v2-27981.png,88,\sum,16925
../../hasy-data/v2-27982.png,88,\sum,16925
../../hasy-data/v2-27983.png,88,\sum,16925
../../hasy-data/v2-27984.png,88,\sum,16925
../../hasy-data/v2-27985.png,88,\sum,16925
../../hasy-data/v2-27986.png,88,\sum,16925
../../hasy-data/v2-27987.png,88,\sum,16925
../../hasy-data/v2-27988.png,88,\sum,16925
../../hasy-data/v2-27989.png,88,\sum,16925
../../hasy-data/v2-27990.png,88,\sum,16925
../../hasy-data/v2-27991.png,88,\sum,16925
../../hasy-data/v2-27992.png,88,\sum,16925
../../hasy-data/v2-27993.png,88,\sum,16925
../../hasy-data/v2-27994.png,88,\sum,16925
../../hasy-data/v2-27995.png,88,\sum,16925
../../hasy-data/v2-27996.png,88,\sum,16925
../../hasy-data/v2-27997.png,88,\sum,16925
../../hasy-data/v2-27998.png,88,\sum,16925
../../hasy-data/v2-27999.png,88,\sum,16925
../../hasy-data/v2-28000.png,88,\sum,16925
../../hasy-data/v2-28001.png,88,\sum,16925
../../hasy-data/v2-28002.png,88,\sum,16925
../../hasy-data/v2-28003.png,88,\sum,16925
../../hasy-data/v2-28004.png,88,\sum,16925
../../hasy-data/v2-28005.png,88,\sum,16925
../../hasy-data/v2-28006.png,88,\sum,16925
../../hasy-data/v2-28007.png,88,\sum,16925
../../hasy-data/v2-28008.png,88,\sum,16925
../../hasy-data/v2-28009.png,88,\sum,16925
../../hasy-data/v2-28010.png,88,\sum,16925
../../hasy-data/v2-28011.png,88,\sum,16925
../../hasy-data/v2-28012.png,88,\sum,16925
../../hasy-data/v2-28013.png,88,\sum,16925
../../hasy-data/v2-28014.png,88,\sum,16925
../../hasy-data/v2-28015.png,88,\sum,16925
../../hasy-data/v2-28016.png,88,\sum,16925
../../hasy-data/v2-28017.png,88,\sum,16925
../../hasy-data/v2-28018.png,88,\sum,16925
../../hasy-data/v2-28019.png,88,\sum,16925
../../hasy-data/v2-28020.png,88,\sum,16925
../../hasy-data/v2-28021.png,88,\sum,16925
../../hasy-data/v2-28022.png,88,\sum,16925
../../hasy-data/v2-28023.png,88,\sum,16925
../../hasy-data/v2-28024.png,88,\sum,16925
../../hasy-data/v2-28025.png,88,\sum,16925
../../hasy-data/v2-28026.png,88,\sum,16925
../../hasy-data/v2-28027.png,88,\sum,16925
../../hasy-data/v2-28028.png,88,\sum,16925
../../hasy-data/v2-28029.png,88,\sum,16925
../../hasy-data/v2-28030.png,88,\sum,16925
../../hasy-data/v2-28031.png,88,\sum,16925
../../hasy-data/v2-28032.png,88,\sum,16925
../../hasy-data/v2-28033.png,88,\sum,16925
../../hasy-data/v2-28034.png,88,\sum,16925
../../hasy-data/v2-28035.png,88,\sum,16925
../../hasy-data/v2-28036.png,88,\sum,16925
../../hasy-data/v2-28037.png,88,\sum,16925
../../hasy-data/v2-28038.png,88,\sum,16925
../../hasy-data/v2-28039.png,88,\sum,16925
../../hasy-data/v2-28040.png,88,\sum,16925
../../hasy-data/v2-28041.png,88,\sum,16925
../../hasy-data/v2-28042.png,88,\sum,16925
../../hasy-data/v2-28043.png,88,\sum,16925
../../hasy-data/v2-28044.png,88,\sum,16925
../../hasy-data/v2-28045.png,88,\sum,16925
../../hasy-data/v2-28046.png,88,\sum,16925
../../hasy-data/v2-28047.png,88,\sum,16925
../../hasy-data/v2-28048.png,88,\sum,16925
../../hasy-data/v2-28049.png,88,\sum,16925
../../hasy-data/v2-28050.png,88,\sum,16925
../../hasy-data/v2-28051.png,88,\sum,16925
../../hasy-data/v2-28052.png,88,\sum,16925
../../hasy-data/v2-28053.png,88,\sum,16925
../../hasy-data/v2-28054.png,88,\sum,16925
../../hasy-data/v2-28055.png,88,\sum,16925
../../hasy-data/v2-28056.png,88,\sum,16925
../../hasy-data/v2-28057.png,88,\sum,16925
../../hasy-data/v2-28058.png,88,\sum,16925
../../hasy-data/v2-28059.png,88,\sum,16925
../../hasy-data/v2-28060.png,88,\sum,16925
../../hasy-data/v2-28061.png,88,\sum,16925
../../hasy-data/v2-28062.png,88,\sum,16925
../../hasy-data/v2-28063.png,88,\sum,16925
../../hasy-data/v2-28064.png,88,\sum,16925
../../hasy-data/v2-28065.png,88,\sum,16925
../../hasy-data/v2-28066.png,88,\sum,16925
../../hasy-data/v2-28067.png,88,\sum,16925
../../hasy-data/v2-28068.png,88,\sum,16925
../../hasy-data/v2-28069.png,88,\sum,16925
../../hasy-data/v2-28070.png,88,\sum,16925
../../hasy-data/v2-28071.png,88,\sum,16925
../../hasy-data/v2-28072.png,88,\sum,16925
../../hasy-data/v2-28073.png,88,\sum,16925
../../hasy-data/v2-28074.png,88,\sum,16925
../../hasy-data/v2-28075.png,88,\sum,16925
../../hasy-data/v2-28076.png,88,\sum,16925
../../hasy-data/v2-28077.png,88,\sum,16925
../../hasy-data/v2-28078.png,88,\sum,16925
../../hasy-data/v2-28079.png,88,\sum,16925
../../hasy-data/v2-28080.png,88,\sum,16925
../../hasy-data/v2-28081.png,88,\sum,16925
../../hasy-data/v2-28082.png,88,\sum,16925
../../hasy-data/v2-28083.png,88,\sum,16925
../../hasy-data/v2-28084.png,88,\sum,16925
../../hasy-data/v2-28085.png,88,\sum,16925
../../hasy-data/v2-28086.png,88,\sum,16925
../../hasy-data/v2-28087.png,88,\sum,16925
../../hasy-data/v2-28088.png,88,\sum,16925
../../hasy-data/v2-28089.png,88,\sum,16925
../../hasy-data/v2-28090.png,88,\sum,16925
../../hasy-data/v2-28091.png,88,\sum,16925
../../hasy-data/v2-28092.png,88,\sum,16925
../../hasy-data/v2-28093.png,88,\sum,16925
../../hasy-data/v2-28094.png,88,\sum,16925
../../hasy-data/v2-28095.png,88,\sum,16925
../../hasy-data/v2-28096.png,88,\sum,16925
../../hasy-data/v2-28097.png,88,\sum,16925
../../hasy-data/v2-28098.png,88,\sum,16925
../../hasy-data/v2-28099.png,88,\sum,16925
../../hasy-data/v2-28100.png,88,\sum,16925
../../hasy-data/v2-28101.png,88,\sum,16925
../../hasy-data/v2-28102.png,88,\sum,16925
../../hasy-data/v2-28103.png,88,\sum,16925
../../hasy-data/v2-28104.png,88,\sum,16925
../../hasy-data/v2-28105.png,88,\sum,16925
../../hasy-data/v2-28106.png,88,\sum,16925
../../hasy-data/v2-28107.png,88,\sum,16925
../../hasy-data/v2-28108.png,88,\sum,16925
../../hasy-data/v2-28109.png,88,\sum,16925
../../hasy-data/v2-28110.png,88,\sum,16925
../../hasy-data/v2-28111.png,88,\sum,16925
../../hasy-data/v2-28112.png,88,\sum,16925
../../hasy-data/v2-28113.png,88,\sum,16925
../../hasy-data/v2-28114.png,88,\sum,16925
../../hasy-data/v2-28115.png,88,\sum,16925
../../hasy-data/v2-28116.png,88,\sum,16925
../../hasy-data/v2-28117.png,88,\sum,16925
../../hasy-data/v2-28118.png,88,\sum,16925
../../hasy-data/v2-28119.png,88,\sum,16925
../../hasy-data/v2-28120.png,88,\sum,16925
../../hasy-data/v2-28121.png,88,\sum,16925
../../hasy-data/v2-28122.png,88,\sum,16925
../../hasy-data/v2-28123.png,88,\sum,16925
../../hasy-data/v2-28124.png,88,\sum,16925
../../hasy-data/v2-28125.png,88,\sum,16925
../../hasy-data/v2-28126.png,88,\sum,16925
../../hasy-data/v2-28127.png,88,\sum,16925
../../hasy-data/v2-28128.png,88,\sum,16925
../../hasy-data/v2-28129.png,88,\sum,16925
../../hasy-data/v2-28130.png,88,\sum,16925
../../hasy-data/v2-28131.png,88,\sum,16925
../../hasy-data/v2-28132.png,88,\sum,16925
../../hasy-data/v2-28133.png,88,\sum,16925
../../hasy-data/v2-28134.png,88,\sum,16925
../../hasy-data/v2-28135.png,88,\sum,16925
../../hasy-data/v2-28136.png,88,\sum,16925
../../hasy-data/v2-28137.png,88,\sum,16925
../../hasy-data/v2-28138.png,88,\sum,16925
../../hasy-data/v2-28139.png,88,\sum,16925
../../hasy-data/v2-28140.png,88,\sum,16925
../../hasy-data/v2-28141.png,88,\sum,16925
../../hasy-data/v2-28142.png,88,\sum,16925
../../hasy-data/v2-28143.png,88,\sum,16925
../../hasy-data/v2-28144.png,88,\sum,16925
../../hasy-data/v2-28145.png,88,\sum,16925
../../hasy-data/v2-28146.png,88,\sum,16925
../../hasy-data/v2-28147.png,88,\sum,16925
../../hasy-data/v2-28148.png,88,\sum,16925
../../hasy-data/v2-28149.png,88,\sum,16925
../../hasy-data/v2-28150.png,88,\sum,16925
../../hasy-data/v2-28151.png,88,\sum,16925
../../hasy-data/v2-28152.png,88,\sum,16925
../../hasy-data/v2-28153.png,88,\sum,16925
../../hasy-data/v2-28154.png,88,\sum,16925
../../hasy-data/v2-28155.png,88,\sum,16925
../../hasy-data/v2-28156.png,88,\sum,16925
../../hasy-data/v2-28157.png,88,\sum,16925
../../hasy-data/v2-28158.png,88,\sum,16925
../../hasy-data/v2-28159.png,88,\sum,16925
../../hasy-data/v2-28160.png,88,\sum,16925
../../hasy-data/v2-28161.png,88,\sum,16925
../../hasy-data/v2-28162.png,88,\sum,16925
../../hasy-data/v2-28163.png,88,\sum,16925
../../hasy-data/v2-28164.png,88,\sum,16925
../../hasy-data/v2-28165.png,88,\sum,16925
../../hasy-data/v2-28166.png,88,\sum,16925
../../hasy-data/v2-28167.png,88,\sum,16925
../../hasy-data/v2-28168.png,88,\sum,16925
../../hasy-data/v2-28169.png,88,\sum,16925
../../hasy-data/v2-28170.png,88,\sum,16925
../../hasy-data/v2-28171.png,88,\sum,16925
../../hasy-data/v2-28172.png,88,\sum,16925
../../hasy-data/v2-28173.png,88,\sum,16925
../../hasy-data/v2-28174.png,88,\sum,16925
../../hasy-data/v2-28175.png,88,\sum,16925
../../hasy-data/v2-28176.png,88,\sum,16925
../../hasy-data/v2-28177.png,88,\sum,16925
../../hasy-data/v2-28178.png,88,\sum,16925
../../hasy-data/v2-28179.png,88,\sum,16925
../../hasy-data/v2-28180.png,88,\sum,16925
../../hasy-data/v2-28181.png,88,\sum,16925
../../hasy-data/v2-28182.png,88,\sum,16925
../../hasy-data/v2-28183.png,88,\sum,16925
../../hasy-data/v2-28184.png,88,\sum,16925
../../hasy-data/v2-28185.png,88,\sum,16925
../../hasy-data/v2-28186.png,88,\sum,16925
../../hasy-data/v2-28187.png,88,\sum,16925
../../hasy-data/v2-28188.png,88,\sum,16925
../../hasy-data/v2-28189.png,88,\sum,16925
../../hasy-data/v2-28190.png,88,\sum,16925
../../hasy-data/v2-28191.png,88,\sum,16925
../../hasy-data/v2-28192.png,88,\sum,16925
../../hasy-data/v2-28193.png,88,\sum,16925
../../hasy-data/v2-28194.png,88,\sum,16925
../../hasy-data/v2-28195.png,88,\sum,16925
../../hasy-data/v2-28196.png,88,\sum,16925
../../hasy-data/v2-28197.png,88,\sum,16925
../../hasy-data/v2-28198.png,88,\sum,16925
../../hasy-data/v2-28199.png,88,\sum,16925
../../hasy-data/v2-28200.png,88,\sum,16925
../../hasy-data/v2-28201.png,88,\sum,16925
../../hasy-data/v2-28202.png,88,\sum,16925
../../hasy-data/v2-28203.png,88,\sum,16925
../../hasy-data/v2-28204.png,88,\sum,16925
../../hasy-data/v2-28205.png,88,\sum,16925
../../hasy-data/v2-28206.png,88,\sum,16925
../../hasy-data/v2-28207.png,88,\sum,16925
../../hasy-data/v2-28208.png,88,\sum,16925
../../hasy-data/v2-28209.png,88,\sum,16925
../../hasy-data/v2-28210.png,88,\sum,16925
../../hasy-data/v2-28211.png,88,\sum,16925
../../hasy-data/v2-28212.png,88,\sum,16925
../../hasy-data/v2-28213.png,88,\sum,16925
../../hasy-data/v2-28214.png,88,\sum,16925
../../hasy-data/v2-28215.png,88,\sum,16925
../../hasy-data/v2-28216.png,88,\sum,16925
../../hasy-data/v2-28217.png,88,\sum,16925
../../hasy-data/v2-28218.png,88,\sum,16925
../../hasy-data/v2-28219.png,88,\sum,16925
../../hasy-data/v2-28220.png,88,\sum,16925
../../hasy-data/v2-28221.png,88,\sum,16925
../../hasy-data/v2-28222.png,88,\sum,16925
../../hasy-data/v2-28223.png,88,\sum,16925
../../hasy-data/v2-28224.png,88,\sum,16925
../../hasy-data/v2-28225.png,88,\sum,16925
../../hasy-data/v2-28226.png,88,\sum,16925
../../hasy-data/v2-28227.png,88,\sum,16925
../../hasy-data/v2-28228.png,88,\sum,16925
../../hasy-data/v2-28229.png,88,\sum,16925
../../hasy-data/v2-28230.png,88,\sum,16925
../../hasy-data/v2-28231.png,88,\sum,16925
../../hasy-data/v2-28232.png,88,\sum,16925
../../hasy-data/v2-28233.png,88,\sum,16925
../../hasy-data/v2-28234.png,88,\sum,16925
../../hasy-data/v2-28235.png,88,\sum,16925
../../hasy-data/v2-28236.png,88,\sum,16925
../../hasy-data/v2-28237.png,88,\sum,16925
../../hasy-data/v2-28238.png,88,\sum,16925
../../hasy-data/v2-28239.png,88,\sum,16925
../../hasy-data/v2-28240.png,88,\sum,16925
../../hasy-data/v2-28241.png,88,\sum,16925
../../hasy-data/v2-28242.png,88,\sum,16925
../../hasy-data/v2-28243.png,88,\sum,16925
../../hasy-data/v2-28244.png,88,\sum,16925
../../hasy-data/v2-28245.png,88,\sum,16925
../../hasy-data/v2-28246.png,88,\sum,16925
../../hasy-data/v2-28247.png,88,\sum,16925
../../hasy-data/v2-28248.png,88,\sum,16925
../../hasy-data/v2-28249.png,88,\sum,16925
../../hasy-data/v2-28250.png,88,\sum,16925
../../hasy-data/v2-28251.png,88,\sum,16925
../../hasy-data/v2-28252.png,88,\sum,16925
../../hasy-data/v2-28253.png,88,\sum,16925
../../hasy-data/v2-28254.png,88,\sum,16925
../../hasy-data/v2-28255.png,88,\sum,16925
../../hasy-data/v2-28256.png,88,\sum,16925
../../hasy-data/v2-28257.png,88,\sum,16925
../../hasy-data/v2-28258.png,88,\sum,16925
../../hasy-data/v2-28259.png,88,\sum,16925
../../hasy-data/v2-28260.png,88,\sum,16925
../../hasy-data/v2-28261.png,88,\sum,16925
../../hasy-data/v2-28262.png,88,\sum,16925
../../hasy-data/v2-28263.png,88,\sum,16925
../../hasy-data/v2-28264.png,88,\sum,16925
../../hasy-data/v2-28265.png,88,\sum,16925
../../hasy-data/v2-28266.png,88,\sum,16925
../../hasy-data/v2-28267.png,88,\sum,16925
../../hasy-data/v2-28268.png,88,\sum,16925
../../hasy-data/v2-28269.png,88,\sum,16925
../../hasy-data/v2-28270.png,88,\sum,16925
../../hasy-data/v2-28271.png,88,\sum,16925
../../hasy-data/v2-28272.png,88,\sum,16925
../../hasy-data/v2-28273.png,88,\sum,16925
../../hasy-data/v2-28274.png,88,\sum,16925
../../hasy-data/v2-28275.png,88,\sum,16925
../../hasy-data/v2-28276.png,88,\sum,16925
../../hasy-data/v2-28277.png,88,\sum,16925
../../hasy-data/v2-28278.png,88,\sum,16925
../../hasy-data/v2-28279.png,88,\sum,16925
../../hasy-data/v2-28280.png,88,\sum,16925
../../hasy-data/v2-28281.png,88,\sum,16925
../../hasy-data/v2-28282.png,88,\sum,16925
../../hasy-data/v2-28283.png,88,\sum,16925
../../hasy-data/v2-28284.png,88,\sum,16925
../../hasy-data/v2-28285.png,88,\sum,16925
../../hasy-data/v2-28286.png,88,\sum,16925
../../hasy-data/v2-28287.png,88,\sum,16925
../../hasy-data/v2-28288.png,88,\sum,16925
../../hasy-data/v2-28289.png,88,\sum,16925
../../hasy-data/v2-28290.png,88,\sum,16925
../../hasy-data/v2-28291.png,88,\sum,16925
../../hasy-data/v2-28292.png,88,\sum,16925
../../hasy-data/v2-28293.png,88,\sum,16925
../../hasy-data/v2-28294.png,88,\sum,16925
../../hasy-data/v2-28295.png,88,\sum,16925
../../hasy-data/v2-28296.png,88,\sum,16925
../../hasy-data/v2-28297.png,88,\sum,16925
../../hasy-data/v2-28298.png,88,\sum,16925
../../hasy-data/v2-28299.png,88,\sum,16925
../../hasy-data/v2-28300.png,88,\sum,16925
../../hasy-data/v2-28301.png,88,\sum,16925
../../hasy-data/v2-28302.png,88,\sum,16925
../../hasy-data/v2-28303.png,88,\sum,16925
../../hasy-data/v2-28304.png,88,\sum,16925
../../hasy-data/v2-28305.png,88,\sum,16925
../../hasy-data/v2-28306.png,88,\sum,16925
../../hasy-data/v2-28307.png,88,\sum,16925
../../hasy-data/v2-28308.png,88,\sum,16925
../../hasy-data/v2-28309.png,88,\sum,16925
../../hasy-data/v2-28310.png,88,\sum,16925
../../hasy-data/v2-28311.png,88,\sum,16925
../../hasy-data/v2-28312.png,88,\sum,16925
../../hasy-data/v2-28313.png,88,\sum,16925
../../hasy-data/v2-28314.png,88,\sum,16925
../../hasy-data/v2-28315.png,88,\sum,16925
../../hasy-data/v2-28316.png,88,\sum,16925
../../hasy-data/v2-28317.png,88,\sum,16925
../../hasy-data/v2-28318.png,88,\sum,16925
../../hasy-data/v2-28319.png,88,\sum,16925
../../hasy-data/v2-28320.png,88,\sum,16925
../../hasy-data/v2-28321.png,88,\sum,16925
../../hasy-data/v2-28322.png,88,\sum,16925
../../hasy-data/v2-28323.png,88,\sum,16925
../../hasy-data/v2-28324.png,88,\sum,16925
../../hasy-data/v2-28325.png,88,\sum,16925
../../hasy-data/v2-28326.png,88,\sum,16925
../../hasy-data/v2-28327.png,88,\sum,16925
../../hasy-data/v2-28328.png,88,\sum,16925
../../hasy-data/v2-28329.png,88,\sum,16925
../../hasy-data/v2-28330.png,88,\sum,16925
../../hasy-data/v2-28331.png,88,\sum,16925
../../hasy-data/v2-28332.png,88,\sum,16925
../../hasy-data/v2-28333.png,88,\sum,16925
../../hasy-data/v2-28334.png,88,\sum,16925
../../hasy-data/v2-28335.png,88,\sum,16925
../../hasy-data/v2-28336.png,88,\sum,16925
../../hasy-data/v2-28337.png,88,\sum,16925
../../hasy-data/v2-28338.png,88,\sum,16925
../../hasy-data/v2-28339.png,88,\sum,16925
../../hasy-data/v2-28340.png,88,\sum,16925
../../hasy-data/v2-28341.png,88,\sum,16925
../../hasy-data/v2-28342.png,88,\sum,16925
../../hasy-data/v2-28343.png,88,\sum,16925
../../hasy-data/v2-28344.png,88,\sum,16925
../../hasy-data/v2-28345.png,88,\sum,16925
../../hasy-data/v2-28346.png,88,\sum,16925
../../hasy-data/v2-28347.png,88,\sum,16925
../../hasy-data/v2-28348.png,88,\sum,16925
../../hasy-data/v2-28349.png,88,\sum,16925
../../hasy-data/v2-28350.png,88,\sum,16925
../../hasy-data/v2-28351.png,88,\sum,16925
../../hasy-data/v2-28352.png,88,\sum,16925
../../hasy-data/v2-28353.png,88,\sum,16925
../../hasy-data/v2-28354.png,88,\sum,16925
../../hasy-data/v2-28355.png,88,\sum,16925
../../hasy-data/v2-28356.png,88,\sum,16925
../../hasy-data/v2-28357.png,88,\sum,16925
../../hasy-data/v2-28358.png,88,\sum,16925
../../hasy-data/v2-28359.png,88,\sum,16925
../../hasy-data/v2-28360.png,88,\sum,16925
../../hasy-data/v2-28361.png,88,\sum,16925
../../hasy-data/v2-28362.png,88,\sum,16925
../../hasy-data/v2-28363.png,88,\sum,16925
../../hasy-data/v2-28364.png,88,\sum,16925
../../hasy-data/v2-28365.png,88,\sum,16925
../../hasy-data/v2-28366.png,88,\sum,16925
../../hasy-data/v2-28367.png,88,\sum,16925
../../hasy-data/v2-28368.png,88,\sum,16925
../../hasy-data/v2-28369.png,88,\sum,16925
../../hasy-data/v2-28370.png,88,\sum,16925
../../hasy-data/v2-28371.png,88,\sum,16925
../../hasy-data/v2-28372.png,88,\sum,16925
../../hasy-data/v2-28373.png,88,\sum,16925
../../hasy-data/v2-28374.png,88,\sum,16925
../../hasy-data/v2-28375.png,88,\sum,16925
../../hasy-data/v2-28376.png,88,\sum,16925
../../hasy-data/v2-28377.png,88,\sum,16925
../../hasy-data/v2-28378.png,88,\sum,16925
../../hasy-data/v2-28379.png,88,\sum,16925
../../hasy-data/v2-28380.png,88,\sum,16925
../../hasy-data/v2-28381.png,88,\sum,16925
../../hasy-data/v2-28382.png,88,\sum,16925
../../hasy-data/v2-28383.png,88,\sum,16925
../../hasy-data/v2-28384.png,88,\sum,16925
../../hasy-data/v2-28385.png,88,\sum,16925
../../hasy-data/v2-28386.png,88,\sum,16925
../../hasy-data/v2-28387.png,88,\sum,16925
../../hasy-data/v2-28388.png,88,\sum,16925
../../hasy-data/v2-28389.png,88,\sum,16925
../../hasy-data/v2-28390.png,88,\sum,16925
../../hasy-data/v2-28391.png,88,\sum,16925
../../hasy-data/v2-28392.png,88,\sum,16925
../../hasy-data/v2-28393.png,88,\sum,16925
../../hasy-data/v2-28394.png,88,\sum,16925
../../hasy-data/v2-28395.png,88,\sum,16925
../../hasy-data/v2-28396.png,88,\sum,16925
../../hasy-data/v2-28397.png,88,\sum,16925
../../hasy-data/v2-28398.png,88,\sum,16925
../../hasy-data/v2-28399.png,88,\sum,16925
../../hasy-data/v2-28400.png,88,\sum,16925
../../hasy-data/v2-28401.png,88,\sum,16925
../../hasy-data/v2-28402.png,88,\sum,16925
../../hasy-data/v2-28403.png,88,\sum,16925
../../hasy-data/v2-28404.png,88,\sum,16925
../../hasy-data/v2-28405.png,88,\sum,16925
../../hasy-data/v2-28406.png,88,\sum,16925
../../hasy-data/v2-28407.png,88,\sum,16925
../../hasy-data/v2-28408.png,88,\sum,16925
../../hasy-data/v2-28409.png,88,\sum,16925
../../hasy-data/v2-28410.png,88,\sum,16925
../../hasy-data/v2-28411.png,88,\sum,16925
../../hasy-data/v2-28412.png,88,\sum,16925
../../hasy-data/v2-28413.png,88,\sum,16925
../../hasy-data/v2-28414.png,88,\sum,16925
../../hasy-data/v2-28415.png,88,\sum,16925
../../hasy-data/v2-28416.png,88,\sum,16925
../../hasy-data/v2-28417.png,88,\sum,16925
../../hasy-data/v2-28418.png,88,\sum,16925
../../hasy-data/v2-28419.png,88,\sum,16925
../../hasy-data/v2-28420.png,88,\sum,16925
../../hasy-data/v2-28421.png,88,\sum,16925
../../hasy-data/v2-28422.png,88,\sum,16925
../../hasy-data/v2-28423.png,88,\sum,16925
../../hasy-data/v2-28424.png,88,\sum,16925
../../hasy-data/v2-28425.png,88,\sum,16925
../../hasy-data/v2-28426.png,88,\sum,16925
../../hasy-data/v2-28427.png,88,\sum,16925
../../hasy-data/v2-28428.png,88,\sum,16925
../../hasy-data/v2-28429.png,88,\sum,16925
../../hasy-data/v2-28430.png,88,\sum,16925
../../hasy-data/v2-28431.png,88,\sum,16925
../../hasy-data/v2-28432.png,88,\sum,16925
../../hasy-data/v2-28433.png,88,\sum,16925
../../hasy-data/v2-28434.png,88,\sum,16925
../../hasy-data/v2-28435.png,88,\sum,16925
../../hasy-data/v2-28436.png,88,\sum,16925
../../hasy-data/v2-28437.png,88,\sum,16925
../../hasy-data/v2-28438.png,88,\sum,16925
../../hasy-data/v2-28439.png,88,\sum,16925
../../hasy-data/v2-28440.png,88,\sum,16925
../../hasy-data/v2-28441.png,88,\sum,16925
../../hasy-data/v2-28442.png,88,\sum,16925
../../hasy-data/v2-28443.png,88,\sum,16925
../../hasy-data/v2-28444.png,88,\sum,16925
../../hasy-data/v2-28445.png,88,\sum,16925
../../hasy-data/v2-28446.png,88,\sum,16925
../../hasy-data/v2-28447.png,88,\sum,16925
../../hasy-data/v2-28448.png,88,\sum,16925
../../hasy-data/v2-28449.png,88,\sum,16925
../../hasy-data/v2-28450.png,88,\sum,16925
../../hasy-data/v2-28451.png,88,\sum,16925
../../hasy-data/v2-28452.png,88,\sum,16925
../../hasy-data/v2-28453.png,88,\sum,16925
../../hasy-data/v2-28454.png,88,\sum,16925
../../hasy-data/v2-28455.png,88,\sum,16925
../../hasy-data/v2-28456.png,88,\sum,16925
../../hasy-data/v2-28457.png,88,\sum,16925
../../hasy-data/v2-28458.png,88,\sum,16925
../../hasy-data/v2-28459.png,88,\sum,16925
../../hasy-data/v2-28460.png,88,\sum,16925
../../hasy-data/v2-28461.png,88,\sum,16925
../../hasy-data/v2-28462.png,88,\sum,16925
../../hasy-data/v2-28463.png,88,\sum,16925
../../hasy-data/v2-28464.png,88,\sum,16925
../../hasy-data/v2-28465.png,88,\sum,16925
../../hasy-data/v2-28466.png,88,\sum,16925
../../hasy-data/v2-28467.png,88,\sum,16925
../../hasy-data/v2-28468.png,88,\sum,16925
../../hasy-data/v2-28469.png,88,\sum,16925
../../hasy-data/v2-28470.png,88,\sum,16925
../../hasy-data/v2-28471.png,88,\sum,16925
../../hasy-data/v2-28472.png,88,\sum,16925
../../hasy-data/v2-28473.png,88,\sum,16925
../../hasy-data/v2-28474.png,88,\sum,16925
../../hasy-data/v2-28475.png,88,\sum,16925
../../hasy-data/v2-28476.png,88,\sum,16925
../../hasy-data/v2-28477.png,88,\sum,16925
../../hasy-data/v2-28478.png,88,\sum,16925
../../hasy-data/v2-28479.png,88,\sum,16925
../../hasy-data/v2-28480.png,88,\sum,16925
../../hasy-data/v2-28481.png,88,\sum,16925
../../hasy-data/v2-28482.png,88,\sum,16925
../../hasy-data/v2-28483.png,88,\sum,16925
../../hasy-data/v2-28484.png,88,\sum,16925
../../hasy-data/v2-28485.png,88,\sum,16925
../../hasy-data/v2-28486.png,88,\sum,16925
../../hasy-data/v2-28487.png,88,\sum,16925
../../hasy-data/v2-28488.png,88,\sum,16925
../../hasy-data/v2-28489.png,88,\sum,16925
../../hasy-data/v2-28490.png,88,\sum,16925
../../hasy-data/v2-28491.png,88,\sum,16925
../../hasy-data/v2-28492.png,88,\sum,16925
../../hasy-data/v2-28493.png,88,\sum,16925
../../hasy-data/v2-28494.png,88,\sum,16925
../../hasy-data/v2-28495.png,88,\sum,16925
../../hasy-data/v2-28496.png,88,\sum,16925
../../hasy-data/v2-28497.png,88,\sum,16925
../../hasy-data/v2-28498.png,88,\sum,16925
../../hasy-data/v2-28499.png,88,\sum,16925
../../hasy-data/v2-28500.png,88,\sum,16925
../../hasy-data/v2-28501.png,88,\sum,16925
../../hasy-data/v2-28502.png,88,\sum,16925
../../hasy-data/v2-28503.png,88,\sum,16925
../../hasy-data/v2-28504.png,88,\sum,16925
../../hasy-data/v2-28505.png,88,\sum,16925
../../hasy-data/v2-28506.png,88,\sum,16925
../../hasy-data/v2-28507.png,88,\sum,16925
../../hasy-data/v2-28508.png,88,\sum,16925
../../hasy-data/v2-28509.png,88,\sum,16925
../../hasy-data/v2-28510.png,88,\sum,16925
../../hasy-data/v2-28511.png,88,\sum,16925
../../hasy-data/v2-28512.png,88,\sum,16925
../../hasy-data/v2-28513.png,88,\sum,16925
../../hasy-data/v2-28514.png,88,\sum,16925
../../hasy-data/v2-28515.png,88,\sum,16925
../../hasy-data/v2-28516.png,88,\sum,16925
../../hasy-data/v2-28517.png,88,\sum,16925
../../hasy-data/v2-28518.png,88,\sum,16925
../../hasy-data/v2-28519.png,88,\sum,16925
../../hasy-data/v2-28520.png,88,\sum,16925
../../hasy-data/v2-28521.png,88,\sum,16925
../../hasy-data/v2-28522.png,88,\sum,16925
../../hasy-data/v2-28523.png,88,\sum,16925
../../hasy-data/v2-28524.png,88,\sum,16925
../../hasy-data/v2-28525.png,88,\sum,16925
../../hasy-data/v2-28526.png,88,\sum,16925
../../hasy-data/v2-28527.png,88,\sum,16925
../../hasy-data/v2-28528.png,88,\sum,16925
../../hasy-data/v2-28529.png,88,\sum,16925
../../hasy-data/v2-28530.png,88,\sum,16925
../../hasy-data/v2-28531.png,88,\sum,16925
../../hasy-data/v2-28532.png,88,\sum,16925
../../hasy-data/v2-28533.png,88,\sum,16925
../../hasy-data/v2-28534.png,88,\sum,16925
../../hasy-data/v2-28535.png,88,\sum,16925
../../hasy-data/v2-28536.png,88,\sum,16925
../../hasy-data/v2-28537.png,88,\sum,16925
../../hasy-data/v2-28538.png,88,\sum,16925
../../hasy-data/v2-28539.png,88,\sum,16925
../../hasy-data/v2-28540.png,88,\sum,16925
../../hasy-data/v2-28541.png,88,\sum,16925
../../hasy-data/v2-28542.png,88,\sum,16925
../../hasy-data/v2-28543.png,88,\sum,16925
../../hasy-data/v2-28544.png,88,\sum,16925
../../hasy-data/v2-28545.png,88,\sum,16925
../../hasy-data/v2-28546.png,88,\sum,16925
../../hasy-data/v2-28547.png,88,\sum,16925
../../hasy-data/v2-28548.png,88,\sum,16925
../../hasy-data/v2-28549.png,88,\sum,16925
../../hasy-data/v2-28550.png,88,\sum,16925
../../hasy-data/v2-28551.png,88,\sum,16925
../../hasy-data/v2-28552.png,88,\sum,16925
../../hasy-data/v2-28553.png,88,\sum,16925
../../hasy-data/v2-28554.png,88,\sum,16925
../../hasy-data/v2-28555.png,88,\sum,16925
../../hasy-data/v2-28556.png,88,\sum,16925
../../hasy-data/v2-28557.png,88,\sum,16925
../../hasy-data/v2-28558.png,88,\sum,16925
../../hasy-data/v2-28559.png,88,\sum,16925
../../hasy-data/v2-28560.png,88,\sum,16925
../../hasy-data/v2-28561.png,88,\sum,16925
../../hasy-data/v2-28562.png,88,\sum,16925
../../hasy-data/v2-28563.png,88,\sum,16925
../../hasy-data/v2-28564.png,88,\sum,16925
../../hasy-data/v2-28565.png,88,\sum,16925
../../hasy-data/v2-28566.png,88,\sum,16925
../../hasy-data/v2-28567.png,88,\sum,16925
../../hasy-data/v2-28568.png,88,\sum,16925
../../hasy-data/v2-28569.png,88,\sum,16925
../../hasy-data/v2-28570.png,88,\sum,16925
../../hasy-data/v2-28571.png,88,\sum,16925
../../hasy-data/v2-28572.png,88,\sum,16925
../../hasy-data/v2-28573.png,88,\sum,16925
../../hasy-data/v2-28574.png,88,\sum,16925
../../hasy-data/v2-28575.png,88,\sum,16925
../../hasy-data/v2-28576.png,88,\sum,16925
../../hasy-data/v2-28577.png,88,\sum,16925
../../hasy-data/v2-28578.png,88,\sum,16925
../../hasy-data/v2-28579.png,88,\sum,16925
../../hasy-data/v2-28580.png,88,\sum,16925
../../hasy-data/v2-28581.png,88,\sum,16925
../../hasy-data/v2-28582.png,88,\sum,16925
../../hasy-data/v2-28583.png,88,\sum,16925
../../hasy-data/v2-28584.png,88,\sum,16925
../../hasy-data/v2-28585.png,88,\sum,16925
../../hasy-data/v2-28586.png,88,\sum,16925
../../hasy-data/v2-28587.png,88,\sum,16925
../../hasy-data/v2-28588.png,88,\sum,16925
../../hasy-data/v2-28589.png,88,\sum,16925
../../hasy-data/v2-28590.png,88,\sum,16925
../../hasy-data/v2-28591.png,88,\sum,16925
../../hasy-data/v2-28592.png,88,\sum,16925
../../hasy-data/v2-28593.png,88,\sum,16925
../../hasy-data/v2-28594.png,88,\sum,16925
../../hasy-data/v2-28595.png,88,\sum,16925
../../hasy-data/v2-28596.png,88,\sum,16925
../../hasy-data/v2-28597.png,88,\sum,16925
../../hasy-data/v2-28598.png,88,\sum,16925
../../hasy-data/v2-28599.png,88,\sum,16925
../../hasy-data/v2-28600.png,88,\sum,16925
../../hasy-data/v2-28601.png,88,\sum,16925
../../hasy-data/v2-28602.png,88,\sum,16925
../../hasy-data/v2-28603.png,88,\sum,16925
../../hasy-data/v2-28604.png,88,\sum,16925
../../hasy-data/v2-28605.png,88,\sum,16925
../../hasy-data/v2-28606.png,88,\sum,53841
../../hasy-data/v2-28607.png,88,\sum,54311
../../hasy-data/v2-28608.png,88,\sum,59154
../../hasy-data/v2-28609.png,88,\sum,62579
../../hasy-data/v2-28610.png,88,\sum,71720
../../hasy-data/v2-28611.png,88,\sum,73092
../../hasy-data/v2-28612.png,88,\sum,84174
../../hasy-data/v2-28613.png,88,\sum,15
../../hasy-data/v2-28614.png,88,\sum,92768
../../hasy-data/v2-28615.png,88,\sum,92768
../../hasy-data/v2-28616.png,88,\sum,100868
../../hasy-data/v2-28617.png,88,\sum,100912
../../hasy-data/v2-28618.png,88,\sum,100912
../../hasy-data/v2-28619.png,88,\sum,100912
../../hasy-data/v2-28620.png,88,\sum,116471
../../hasy-data/v2-28621.png,89,\sigma,10
../../hasy-data/v2-28622.png,89,\sigma,10
../../hasy-data/v2-28623.png,89,\sigma,10
../../hasy-data/v2-28624.png,89,\sigma,14
../../hasy-data/v2-28625.png,89,\sigma,10
../../hasy-data/v2-28626.png,89,\sigma,34
../../hasy-data/v2-28627.png,89,\sigma,32
../../hasy-data/v2-28628.png,89,\sigma,35
../../hasy-data/v2-28629.png,89,\sigma,37
../../hasy-data/v2-28630.png,89,\sigma,40
../../hasy-data/v2-28631.png,89,\sigma,44
../../hasy-data/v2-28632.png,89,\sigma,15
../../hasy-data/v2-28633.png,89,\sigma,46
../../hasy-data/v2-28634.png,89,\sigma,48
../../hasy-data/v2-28635.png,89,\sigma,50
../../hasy-data/v2-28636.png,89,\sigma,59
../../hasy-data/v2-28637.png,89,\sigma,3530
../../hasy-data/v2-28638.png,89,\sigma,4435
../../hasy-data/v2-28639.png,89,\sigma,4142
../../hasy-data/v2-28640.png,89,\sigma,5572
../../hasy-data/v2-28641.png,89,\sigma,5822
../../hasy-data/v2-28642.png,89,\sigma,5877
../../hasy-data/v2-28643.png,89,\sigma,5879
../../hasy-data/v2-28644.png,89,\sigma,5864
../../hasy-data/v2-28645.png,89,\sigma,1696
../../hasy-data/v2-28646.png,89,\sigma,6188
../../hasy-data/v2-28647.png,89,\sigma,6567
../../hasy-data/v2-28648.png,89,\sigma,6483
../../hasy-data/v2-28649.png,89,\sigma,6643
../../hasy-data/v2-28650.png,89,\sigma,6662
../../hasy-data/v2-28651.png,89,\sigma,6687
../../hasy-data/v2-28652.png,89,\sigma,6672
../../hasy-data/v2-28653.png,89,\sigma,6899
../../hasy-data/v2-28654.png,89,\sigma,7045
../../hasy-data/v2-28655.png,89,\sigma,7052
../../hasy-data/v2-28656.png,89,\sigma,7052
../../hasy-data/v2-28657.png,89,\sigma,7052
../../hasy-data/v2-28658.png,89,\sigma,7052
../../hasy-data/v2-28659.png,89,\sigma,7052
../../hasy-data/v2-28660.png,89,\sigma,7052
../../hasy-data/v2-28661.png,89,\sigma,7052
../../hasy-data/v2-28662.png,89,\sigma,7052
../../hasy-data/v2-28663.png,89,\sigma,7052
../../hasy-data/v2-28664.png,89,\sigma,7713
../../hasy-data/v2-28665.png,89,\sigma,8324
../../hasy-data/v2-28666.png,89,\sigma,8071
../../hasy-data/v2-28667.png,89,\sigma,8457
../../hasy-data/v2-28668.png,89,\sigma,8486
../../hasy-data/v2-28669.png,89,\sigma,8633
../../hasy-data/v2-28670.png,89,\sigma,8754
../../hasy-data/v2-28671.png,89,\sigma,9017
../../hasy-data/v2-28672.png,89,\sigma,9153
../../hasy-data/v2-28673.png,89,\sigma,9283
../../hasy-data/v2-28674.png,89,\sigma,9505
../../hasy-data/v2-28675.png,89,\sigma,50
../../hasy-data/v2-28676.png,89,\sigma,15
../../hasy-data/v2-28677.png,89,\sigma,15
../../hasy-data/v2-28678.png,89,\sigma,15
../../hasy-data/v2-28679.png,89,\sigma,16925
../../hasy-data/v2-28680.png,89,\sigma,16925
../../hasy-data/v2-28681.png,89,\sigma,16925
../../hasy-data/v2-28682.png,89,\sigma,16925
../../hasy-data/v2-28683.png,89,\sigma,16925
../../hasy-data/v2-28684.png,89,\sigma,16925
../../hasy-data/v2-28685.png,89,\sigma,16925
../../hasy-data/v2-28686.png,89,\sigma,16925
../../hasy-data/v2-28687.png,89,\sigma,16925
../../hasy-data/v2-28688.png,89,\sigma,16925
../../hasy-data/v2-28689.png,89,\sigma,16925
../../hasy-data/v2-28690.png,89,\sigma,16925
../../hasy-data/v2-28691.png,89,\sigma,16925
../../hasy-data/v2-28692.png,89,\sigma,16925
../../hasy-data/v2-28693.png,89,\sigma,16925
../../hasy-data/v2-28694.png,89,\sigma,16925
../../hasy-data/v2-28695.png,89,\sigma,16925
../../hasy-data/v2-28696.png,89,\sigma,16925
../../hasy-data/v2-28697.png,89,\sigma,16925
../../hasy-data/v2-28698.png,89,\sigma,16925
../../hasy-data/v2-28699.png,89,\sigma,16925
../../hasy-data/v2-28700.png,89,\sigma,16925
../../hasy-data/v2-28701.png,89,\sigma,16925
../../hasy-data/v2-28702.png,89,\sigma,16925
../../hasy-data/v2-28703.png,89,\sigma,16925
../../hasy-data/v2-28704.png,89,\sigma,16925
../../hasy-data/v2-28705.png,89,\sigma,16925
../../hasy-data/v2-28706.png,89,\sigma,16925
../../hasy-data/v2-28707.png,89,\sigma,16925
../../hasy-data/v2-28708.png,89,\sigma,16925
../../hasy-data/v2-28709.png,89,\sigma,16925
../../hasy-data/v2-28710.png,89,\sigma,16925
../../hasy-data/v2-28711.png,89,\sigma,16925
../../hasy-data/v2-28712.png,89,\sigma,16925
../../hasy-data/v2-28713.png,89,\sigma,16925
../../hasy-data/v2-28714.png,89,\sigma,16925
../../hasy-data/v2-28715.png,89,\sigma,16925
../../hasy-data/v2-28716.png,89,\sigma,16925
../../hasy-data/v2-28717.png,89,\sigma,16925
../../hasy-data/v2-28718.png,89,\sigma,16925
../../hasy-data/v2-28719.png,89,\sigma,16925
../../hasy-data/v2-28720.png,89,\sigma,16925
../../hasy-data/v2-28721.png,89,\sigma,16925
../../hasy-data/v2-28722.png,89,\sigma,16925
../../hasy-data/v2-28723.png,89,\sigma,16925
../../hasy-data/v2-28724.png,89,\sigma,16925
../../hasy-data/v2-28725.png,89,\sigma,16925
../../hasy-data/v2-28726.png,89,\sigma,16925
../../hasy-data/v2-28727.png,89,\sigma,16925
../../hasy-data/v2-28728.png,89,\sigma,16925
../../hasy-data/v2-28729.png,89,\sigma,16925
../../hasy-data/v2-28730.png,89,\sigma,16925
../../hasy-data/v2-28731.png,89,\sigma,16925
../../hasy-data/v2-28732.png,89,\sigma,16925
../../hasy-data/v2-28733.png,89,\sigma,16925
../../hasy-data/v2-28734.png,89,\sigma,16925
../../hasy-data/v2-28735.png,89,\sigma,16925
../../hasy-data/v2-28736.png,89,\sigma,16925
../../hasy-data/v2-28737.png,89,\sigma,16925
../../hasy-data/v2-28738.png,89,\sigma,16925
../../hasy-data/v2-28739.png,89,\sigma,16925
../../hasy-data/v2-28740.png,89,\sigma,16925
../../hasy-data/v2-28741.png,89,\sigma,16925
../../hasy-data/v2-28742.png,89,\sigma,16925
../../hasy-data/v2-28743.png,89,\sigma,16925
../../hasy-data/v2-28744.png,89,\sigma,16925
../../hasy-data/v2-28745.png,89,\sigma,16925
../../hasy-data/v2-28746.png,89,\sigma,16925
../../hasy-data/v2-28747.png,89,\sigma,16925
../../hasy-data/v2-28748.png,89,\sigma,16925
../../hasy-data/v2-28749.png,89,\sigma,16925
../../hasy-data/v2-28750.png,89,\sigma,16925
../../hasy-data/v2-28751.png,89,\sigma,16925
../../hasy-data/v2-28752.png,89,\sigma,16925
../../hasy-data/v2-28753.png,89,\sigma,16925
../../hasy-data/v2-28754.png,89,\sigma,16925
../../hasy-data/v2-28755.png,89,\sigma,16925
../../hasy-data/v2-28756.png,89,\sigma,16925
../../hasy-data/v2-28757.png,89,\sigma,16925
../../hasy-data/v2-28758.png,89,\sigma,16925
../../hasy-data/v2-28759.png,89,\sigma,16925
../../hasy-data/v2-28760.png,89,\sigma,16925
../../hasy-data/v2-28761.png,89,\sigma,16925
../../hasy-data/v2-28762.png,89,\sigma,16925
../../hasy-data/v2-28763.png,89,\sigma,16925
../../hasy-data/v2-28764.png,89,\sigma,16925
../../hasy-data/v2-28765.png,89,\sigma,16925
../../hasy-data/v2-28766.png,89,\sigma,16925
../../hasy-data/v2-28767.png,89,\sigma,16925
../../hasy-data/v2-28768.png,89,\sigma,16925
../../hasy-data/v2-28769.png,89,\sigma,16925
../../hasy-data/v2-28770.png,89,\sigma,16925
../../hasy-data/v2-28771.png,89,\sigma,16925
../../hasy-data/v2-28772.png,89,\sigma,16925
../../hasy-data/v2-28773.png,89,\sigma,16925
../../hasy-data/v2-28774.png,89,\sigma,16925
../../hasy-data/v2-28775.png,89,\sigma,16925
../../hasy-data/v2-28776.png,89,\sigma,16925
../../hasy-data/v2-28777.png,89,\sigma,16925
../../hasy-data/v2-28778.png,89,\sigma,16925
../../hasy-data/v2-28779.png,89,\sigma,16925
../../hasy-data/v2-28780.png,89,\sigma,16925
../../hasy-data/v2-28781.png,89,\sigma,16925
../../hasy-data/v2-28782.png,89,\sigma,16925
../../hasy-data/v2-28783.png,89,\sigma,16925
../../hasy-data/v2-28784.png,89,\sigma,16925
../../hasy-data/v2-28785.png,89,\sigma,16925
../../hasy-data/v2-28786.png,89,\sigma,16925
../../hasy-data/v2-28787.png,89,\sigma,16925
../../hasy-data/v2-28788.png,89,\sigma,16925
../../hasy-data/v2-28789.png,89,\sigma,16925
../../hasy-data/v2-28790.png,89,\sigma,16925
../../hasy-data/v2-28791.png,89,\sigma,16925
../../hasy-data/v2-28792.png,89,\sigma,16925
../../hasy-data/v2-28793.png,89,\sigma,16925
../../hasy-data/v2-28794.png,89,\sigma,16925
../../hasy-data/v2-28795.png,89,\sigma,16925
../../hasy-data/v2-28796.png,89,\sigma,16925
../../hasy-data/v2-28797.png,89,\sigma,16925
../../hasy-data/v2-28798.png,89,\sigma,16925
../../hasy-data/v2-28799.png,89,\sigma,16925
../../hasy-data/v2-28800.png,89,\sigma,16925
../../hasy-data/v2-28801.png,89,\sigma,16925
../../hasy-data/v2-28802.png,89,\sigma,16925
../../hasy-data/v2-28803.png,89,\sigma,16925
../../hasy-data/v2-28804.png,89,\sigma,16925
../../hasy-data/v2-28805.png,89,\sigma,16925
../../hasy-data/v2-28806.png,89,\sigma,16925
../../hasy-data/v2-28807.png,89,\sigma,16925
../../hasy-data/v2-28808.png,89,\sigma,16925
../../hasy-data/v2-28809.png,89,\sigma,16925
../../hasy-data/v2-28810.png,89,\sigma,16925
../../hasy-data/v2-28811.png,89,\sigma,16925
../../hasy-data/v2-28812.png,89,\sigma,16925
../../hasy-data/v2-28813.png,89,\sigma,16925
../../hasy-data/v2-28814.png,89,\sigma,16925
../../hasy-data/v2-28815.png,89,\sigma,16925
../../hasy-data/v2-28816.png,89,\sigma,16925
../../hasy-data/v2-28817.png,89,\sigma,16925
../../hasy-data/v2-28818.png,89,\sigma,16925
../../hasy-data/v2-28819.png,89,\sigma,16925
../../hasy-data/v2-28820.png,89,\sigma,16925
../../hasy-data/v2-28821.png,89,\sigma,16925
../../hasy-data/v2-28822.png,89,\sigma,16925
../../hasy-data/v2-28823.png,89,\sigma,16925
../../hasy-data/v2-28824.png,89,\sigma,16925
../../hasy-data/v2-28825.png,89,\sigma,16925
../../hasy-data/v2-28826.png,89,\sigma,16925
../../hasy-data/v2-28827.png,89,\sigma,16925
../../hasy-data/v2-28828.png,89,\sigma,16925
../../hasy-data/v2-28829.png,89,\sigma,16925
../../hasy-data/v2-28830.png,89,\sigma,16925
../../hasy-data/v2-28831.png,89,\sigma,16925
../../hasy-data/v2-28832.png,89,\sigma,16925
../../hasy-data/v2-28833.png,89,\sigma,16925
../../hasy-data/v2-28834.png,89,\sigma,16925
../../hasy-data/v2-28835.png,89,\sigma,16925
../../hasy-data/v2-28836.png,89,\sigma,16925
../../hasy-data/v2-28837.png,89,\sigma,16925
../../hasy-data/v2-28838.png,89,\sigma,16925
../../hasy-data/v2-28839.png,89,\sigma,16925
../../hasy-data/v2-28840.png,89,\sigma,16925
../../hasy-data/v2-28841.png,89,\sigma,16925
../../hasy-data/v2-28842.png,89,\sigma,16925
../../hasy-data/v2-28843.png,89,\sigma,16925
../../hasy-data/v2-28844.png,89,\sigma,16925
../../hasy-data/v2-28845.png,89,\sigma,16925
../../hasy-data/v2-28846.png,89,\sigma,16925
../../hasy-data/v2-28847.png,89,\sigma,16925
../../hasy-data/v2-28848.png,89,\sigma,16925
../../hasy-data/v2-28849.png,89,\sigma,16925
../../hasy-data/v2-28850.png,89,\sigma,16925
../../hasy-data/v2-28851.png,89,\sigma,16925
../../hasy-data/v2-28852.png,89,\sigma,16925
../../hasy-data/v2-28853.png,89,\sigma,16925
../../hasy-data/v2-28854.png,89,\sigma,16925
../../hasy-data/v2-28855.png,89,\sigma,16925
../../hasy-data/v2-28856.png,89,\sigma,16925
../../hasy-data/v2-28857.png,89,\sigma,16925
../../hasy-data/v2-28858.png,89,\sigma,16925
../../hasy-data/v2-28859.png,89,\sigma,16925
../../hasy-data/v2-28860.png,89,\sigma,16925
../../hasy-data/v2-28861.png,89,\sigma,16925
../../hasy-data/v2-28862.png,89,\sigma,16925
../../hasy-data/v2-28863.png,89,\sigma,16925
../../hasy-data/v2-28864.png,89,\sigma,16925
../../hasy-data/v2-28865.png,89,\sigma,16925
../../hasy-data/v2-28866.png,89,\sigma,16925
../../hasy-data/v2-28867.png,89,\sigma,16925
../../hasy-data/v2-28868.png,89,\sigma,16925
../../hasy-data/v2-28869.png,89,\sigma,16925
../../hasy-data/v2-28870.png,89,\sigma,16925
../../hasy-data/v2-28871.png,89,\sigma,16925
../../hasy-data/v2-28872.png,89,\sigma,16925
../../hasy-data/v2-28873.png,89,\sigma,16925
../../hasy-data/v2-28874.png,89,\sigma,16925
../../hasy-data/v2-28875.png,89,\sigma,16925
../../hasy-data/v2-28876.png,89,\sigma,16925
../../hasy-data/v2-28877.png,89,\sigma,16925
../../hasy-data/v2-28878.png,89,\sigma,16925
../../hasy-data/v2-28879.png,89,\sigma,16925
../../hasy-data/v2-28880.png,89,\sigma,16925
../../hasy-data/v2-28881.png,89,\sigma,16925
../../hasy-data/v2-28882.png,89,\sigma,16925
../../hasy-data/v2-28883.png,89,\sigma,16925
../../hasy-data/v2-28884.png,89,\sigma,16925
../../hasy-data/v2-28885.png,89,\sigma,16925
../../hasy-data/v2-28886.png,89,\sigma,16925
../../hasy-data/v2-28887.png,89,\sigma,16925
../../hasy-data/v2-28888.png,89,\sigma,16925
../../hasy-data/v2-28889.png,89,\sigma,16925
../../hasy-data/v2-28890.png,89,\sigma,16925
../../hasy-data/v2-28891.png,89,\sigma,16925
../../hasy-data/v2-28892.png,89,\sigma,16925
../../hasy-data/v2-28893.png,89,\sigma,16925
../../hasy-data/v2-28894.png,89,\sigma,16925
../../hasy-data/v2-28895.png,89,\sigma,16925
../../hasy-data/v2-28896.png,89,\sigma,16925
../../hasy-data/v2-28897.png,89,\sigma,16925
../../hasy-data/v2-28898.png,89,\sigma,16925
../../hasy-data/v2-28899.png,89,\sigma,16925
../../hasy-data/v2-28900.png,89,\sigma,16925
../../hasy-data/v2-28901.png,89,\sigma,16925
../../hasy-data/v2-28902.png,89,\sigma,16925
../../hasy-data/v2-28903.png,89,\sigma,16925
../../hasy-data/v2-28904.png,89,\sigma,16925
../../hasy-data/v2-28905.png,89,\sigma,16925
../../hasy-data/v2-28906.png,89,\sigma,16925
../../hasy-data/v2-28907.png,89,\sigma,16925
../../hasy-data/v2-28908.png,89,\sigma,16925
../../hasy-data/v2-28909.png,89,\sigma,16925
../../hasy-data/v2-28910.png,89,\sigma,16925
../../hasy-data/v2-28911.png,89,\sigma,16925
../../hasy-data/v2-28912.png,89,\sigma,16925
../../hasy-data/v2-28913.png,89,\sigma,16925
../../hasy-data/v2-28914.png,89,\sigma,16925
../../hasy-data/v2-28915.png,89,\sigma,16925
../../hasy-data/v2-28916.png,89,\sigma,16925
../../hasy-data/v2-28917.png,89,\sigma,16925
../../hasy-data/v2-28918.png,89,\sigma,16925
../../hasy-data/v2-28919.png,89,\sigma,16925
../../hasy-data/v2-28920.png,89,\sigma,16925
../../hasy-data/v2-28921.png,89,\sigma,16925
../../hasy-data/v2-28922.png,89,\sigma,16925
../../hasy-data/v2-28923.png,89,\sigma,16925
../../hasy-data/v2-28924.png,89,\sigma,16925
../../hasy-data/v2-28925.png,89,\sigma,16925
../../hasy-data/v2-28926.png,89,\sigma,16925
../../hasy-data/v2-28927.png,89,\sigma,16925
../../hasy-data/v2-28928.png,89,\sigma,16925
../../hasy-data/v2-28929.png,89,\sigma,16925
../../hasy-data/v2-28930.png,89,\sigma,16925
../../hasy-data/v2-28931.png,89,\sigma,16925
../../hasy-data/v2-28932.png,89,\sigma,16925
../../hasy-data/v2-28933.png,89,\sigma,16925
../../hasy-data/v2-28934.png,89,\sigma,16925
../../hasy-data/v2-28935.png,89,\sigma,16925
../../hasy-data/v2-28936.png,89,\sigma,16925
../../hasy-data/v2-28937.png,89,\sigma,16925
../../hasy-data/v2-28938.png,89,\sigma,16925
../../hasy-data/v2-28939.png,89,\sigma,16925
../../hasy-data/v2-28940.png,89,\sigma,16925
../../hasy-data/v2-28941.png,89,\sigma,16925
../../hasy-data/v2-28942.png,89,\sigma,16925
../../hasy-data/v2-28943.png,89,\sigma,16925
../../hasy-data/v2-28944.png,89,\sigma,16925
../../hasy-data/v2-28945.png,89,\sigma,16925
../../hasy-data/v2-28946.png,89,\sigma,16925
../../hasy-data/v2-28947.png,89,\sigma,16925
../../hasy-data/v2-28948.png,89,\sigma,16925
../../hasy-data/v2-28949.png,89,\sigma,16925
../../hasy-data/v2-28950.png,89,\sigma,16925
../../hasy-data/v2-28951.png,89,\sigma,16925
../../hasy-data/v2-28952.png,89,\sigma,16925
../../hasy-data/v2-28953.png,89,\sigma,16925
../../hasy-data/v2-28954.png,89,\sigma,16925
../../hasy-data/v2-28955.png,89,\sigma,16925
../../hasy-data/v2-28956.png,89,\sigma,16925
../../hasy-data/v2-28957.png,89,\sigma,16925
../../hasy-data/v2-28958.png,89,\sigma,16925
../../hasy-data/v2-28959.png,89,\sigma,16925
../../hasy-data/v2-28960.png,89,\sigma,16925
../../hasy-data/v2-28961.png,89,\sigma,16925
../../hasy-data/v2-28962.png,89,\sigma,16925
../../hasy-data/v2-28963.png,89,\sigma,16925
../../hasy-data/v2-28964.png,89,\sigma,16925
../../hasy-data/v2-28965.png,89,\sigma,16925
../../hasy-data/v2-28966.png,89,\sigma,16925
../../hasy-data/v2-28967.png,89,\sigma,16925
../../hasy-data/v2-28968.png,89,\sigma,16925
../../hasy-data/v2-28969.png,89,\sigma,16925
../../hasy-data/v2-28970.png,89,\sigma,16925
../../hasy-data/v2-28971.png,89,\sigma,16925
../../hasy-data/v2-28972.png,89,\sigma,16925
../../hasy-data/v2-28973.png,89,\sigma,16925
../../hasy-data/v2-28974.png,89,\sigma,16925
../../hasy-data/v2-28975.png,89,\sigma,16925
../../hasy-data/v2-28976.png,89,\sigma,16925
../../hasy-data/v2-28977.png,89,\sigma,16925
../../hasy-data/v2-28978.png,89,\sigma,16925
../../hasy-data/v2-28979.png,89,\sigma,16925
../../hasy-data/v2-28980.png,89,\sigma,16925
../../hasy-data/v2-28981.png,89,\sigma,16925
../../hasy-data/v2-28982.png,89,\sigma,16925
../../hasy-data/v2-28983.png,89,\sigma,16925
../../hasy-data/v2-28984.png,89,\sigma,16925
../../hasy-data/v2-28985.png,89,\sigma,16925
../../hasy-data/v2-28986.png,89,\sigma,16925
../../hasy-data/v2-28987.png,89,\sigma,16925
../../hasy-data/v2-28988.png,89,\sigma,16925
../../hasy-data/v2-28989.png,89,\sigma,16925
../../hasy-data/v2-28990.png,89,\sigma,16925
../../hasy-data/v2-28991.png,89,\sigma,16925
../../hasy-data/v2-28992.png,89,\sigma,16925
../../hasy-data/v2-28993.png,89,\sigma,16925
../../hasy-data/v2-28994.png,89,\sigma,16925
../../hasy-data/v2-28995.png,89,\sigma,16925
../../hasy-data/v2-28996.png,89,\sigma,16925
../../hasy-data/v2-28997.png,89,\sigma,16925
../../hasy-data/v2-28998.png,89,\sigma,16925
../../hasy-data/v2-28999.png,89,\sigma,16925
../../hasy-data/v2-29000.png,89,\sigma,16925
../../hasy-data/v2-29001.png,89,\sigma,16925
../../hasy-data/v2-29002.png,89,\sigma,16925
../../hasy-data/v2-29003.png,89,\sigma,16925
../../hasy-data/v2-29004.png,89,\sigma,16925
../../hasy-data/v2-29005.png,89,\sigma,16925
../../hasy-data/v2-29006.png,89,\sigma,16925
../../hasy-data/v2-29007.png,89,\sigma,16925
../../hasy-data/v2-29008.png,89,\sigma,16925
../../hasy-data/v2-29009.png,89,\sigma,16925
../../hasy-data/v2-29010.png,89,\sigma,16925
../../hasy-data/v2-29011.png,89,\sigma,16925
../../hasy-data/v2-29012.png,89,\sigma,16925
../../hasy-data/v2-29013.png,89,\sigma,16925
../../hasy-data/v2-29014.png,89,\sigma,16925
../../hasy-data/v2-29015.png,89,\sigma,16925
../../hasy-data/v2-29016.png,89,\sigma,16925
../../hasy-data/v2-29017.png,89,\sigma,16925
../../hasy-data/v2-29018.png,89,\sigma,16925
../../hasy-data/v2-29019.png,89,\sigma,16925
../../hasy-data/v2-29020.png,89,\sigma,16925
../../hasy-data/v2-29021.png,89,\sigma,16925
../../hasy-data/v2-29022.png,89,\sigma,16925
../../hasy-data/v2-29023.png,89,\sigma,16925
../../hasy-data/v2-29024.png,89,\sigma,16925
../../hasy-data/v2-29025.png,89,\sigma,16925
../../hasy-data/v2-29026.png,89,\sigma,16925
../../hasy-data/v2-29027.png,89,\sigma,16925
../../hasy-data/v2-29028.png,89,\sigma,16925
../../hasy-data/v2-29029.png,89,\sigma,16925
../../hasy-data/v2-29030.png,89,\sigma,16925
../../hasy-data/v2-29031.png,89,\sigma,16925
../../hasy-data/v2-29032.png,89,\sigma,16925
../../hasy-data/v2-29033.png,89,\sigma,16925
../../hasy-data/v2-29034.png,89,\sigma,16925
../../hasy-data/v2-29035.png,89,\sigma,16925
../../hasy-data/v2-29036.png,89,\sigma,16925
../../hasy-data/v2-29037.png,89,\sigma,16925
../../hasy-data/v2-29038.png,89,\sigma,16925
../../hasy-data/v2-29039.png,89,\sigma,16925
../../hasy-data/v2-29040.png,89,\sigma,16925
../../hasy-data/v2-29041.png,89,\sigma,16925
../../hasy-data/v2-29042.png,89,\sigma,16925
../../hasy-data/v2-29043.png,89,\sigma,16925
../../hasy-data/v2-29044.png,89,\sigma,16925
../../hasy-data/v2-29045.png,89,\sigma,16925
../../hasy-data/v2-29046.png,89,\sigma,16925
../../hasy-data/v2-29047.png,89,\sigma,16925
../../hasy-data/v2-29048.png,89,\sigma,16925
../../hasy-data/v2-29049.png,89,\sigma,16925
../../hasy-data/v2-29050.png,89,\sigma,16925
../../hasy-data/v2-29051.png,89,\sigma,16925
../../hasy-data/v2-29052.png,89,\sigma,16925
../../hasy-data/v2-29053.png,89,\sigma,16925
../../hasy-data/v2-29054.png,89,\sigma,16925
../../hasy-data/v2-29055.png,89,\sigma,16925
../../hasy-data/v2-29056.png,89,\sigma,16925
../../hasy-data/v2-29057.png,89,\sigma,16925
../../hasy-data/v2-29058.png,89,\sigma,16925
../../hasy-data/v2-29059.png,89,\sigma,16925
../../hasy-data/v2-29060.png,89,\sigma,16925
../../hasy-data/v2-29061.png,89,\sigma,16925
../../hasy-data/v2-29062.png,89,\sigma,16925
../../hasy-data/v2-29063.png,89,\sigma,16925
../../hasy-data/v2-29064.png,89,\sigma,16925
../../hasy-data/v2-29065.png,89,\sigma,16925
../../hasy-data/v2-29066.png,89,\sigma,16925
../../hasy-data/v2-29067.png,89,\sigma,16925
../../hasy-data/v2-29068.png,89,\sigma,16925
../../hasy-data/v2-29069.png,89,\sigma,16925
../../hasy-data/v2-29070.png,89,\sigma,16925
../../hasy-data/v2-29071.png,89,\sigma,16925
../../hasy-data/v2-29072.png,89,\sigma,16925
../../hasy-data/v2-29073.png,89,\sigma,16925
../../hasy-data/v2-29074.png,89,\sigma,16925
../../hasy-data/v2-29075.png,89,\sigma,16925
../../hasy-data/v2-29076.png,89,\sigma,16925
../../hasy-data/v2-29077.png,89,\sigma,16925
../../hasy-data/v2-29078.png,89,\sigma,16925
../../hasy-data/v2-29079.png,89,\sigma,16925
../../hasy-data/v2-29080.png,89,\sigma,16925
../../hasy-data/v2-29081.png,89,\sigma,16925
../../hasy-data/v2-29082.png,89,\sigma,16925
../../hasy-data/v2-29083.png,89,\sigma,16925
../../hasy-data/v2-29084.png,89,\sigma,16925
../../hasy-data/v2-29085.png,89,\sigma,16925
../../hasy-data/v2-29086.png,89,\sigma,16925
../../hasy-data/v2-29087.png,89,\sigma,16925
../../hasy-data/v2-29088.png,89,\sigma,16925
../../hasy-data/v2-29089.png,89,\sigma,16925
../../hasy-data/v2-29090.png,89,\sigma,16925
../../hasy-data/v2-29091.png,89,\sigma,16925
../../hasy-data/v2-29092.png,89,\sigma,16925
../../hasy-data/v2-29093.png,89,\sigma,16925
../../hasy-data/v2-29094.png,89,\sigma,16925
../../hasy-data/v2-29095.png,89,\sigma,16925
../../hasy-data/v2-29096.png,89,\sigma,16925
../../hasy-data/v2-29097.png,89,\sigma,16925
../../hasy-data/v2-29098.png,89,\sigma,16925
../../hasy-data/v2-29099.png,89,\sigma,16925
../../hasy-data/v2-29100.png,89,\sigma,16925
../../hasy-data/v2-29101.png,89,\sigma,16925
../../hasy-data/v2-29102.png,89,\sigma,16925
../../hasy-data/v2-29103.png,89,\sigma,16925
../../hasy-data/v2-29104.png,89,\sigma,16925
../../hasy-data/v2-29105.png,89,\sigma,16925
../../hasy-data/v2-29106.png,89,\sigma,16925
../../hasy-data/v2-29107.png,89,\sigma,16925
../../hasy-data/v2-29108.png,89,\sigma,16925
../../hasy-data/v2-29109.png,89,\sigma,16925
../../hasy-data/v2-29110.png,89,\sigma,16925
../../hasy-data/v2-29111.png,89,\sigma,16925
../../hasy-data/v2-29112.png,89,\sigma,16925
../../hasy-data/v2-29113.png,89,\sigma,16925
../../hasy-data/v2-29114.png,89,\sigma,16925
../../hasy-data/v2-29115.png,89,\sigma,16925
../../hasy-data/v2-29116.png,89,\sigma,16925
../../hasy-data/v2-29117.png,89,\sigma,16925
../../hasy-data/v2-29118.png,89,\sigma,16925
../../hasy-data/v2-29119.png,89,\sigma,16925
../../hasy-data/v2-29120.png,89,\sigma,16925
../../hasy-data/v2-29121.png,89,\sigma,16925
../../hasy-data/v2-29122.png,89,\sigma,16925
../../hasy-data/v2-29123.png,89,\sigma,16925
../../hasy-data/v2-29124.png,89,\sigma,16925
../../hasy-data/v2-29125.png,89,\sigma,16925
../../hasy-data/v2-29126.png,89,\sigma,16925
../../hasy-data/v2-29127.png,89,\sigma,16925
../../hasy-data/v2-29128.png,89,\sigma,16925
../../hasy-data/v2-29129.png,89,\sigma,16925
../../hasy-data/v2-29130.png,89,\sigma,16925
../../hasy-data/v2-29131.png,89,\sigma,16925
../../hasy-data/v2-29132.png,89,\sigma,16925
../../hasy-data/v2-29133.png,89,\sigma,16925
../../hasy-data/v2-29134.png,89,\sigma,16925
../../hasy-data/v2-29135.png,89,\sigma,16925
../../hasy-data/v2-29136.png,89,\sigma,16925
../../hasy-data/v2-29137.png,89,\sigma,16925
../../hasy-data/v2-29138.png,89,\sigma,16925
../../hasy-data/v2-29139.png,89,\sigma,16925
../../hasy-data/v2-29140.png,89,\sigma,16925
../../hasy-data/v2-29141.png,89,\sigma,16925
../../hasy-data/v2-29142.png,89,\sigma,16925
../../hasy-data/v2-29143.png,89,\sigma,16925
../../hasy-data/v2-29144.png,89,\sigma,16925
../../hasy-data/v2-29145.png,89,\sigma,16925
../../hasy-data/v2-29146.png,89,\sigma,16925
../../hasy-data/v2-29147.png,89,\sigma,16925
../../hasy-data/v2-29148.png,89,\sigma,16925
../../hasy-data/v2-29149.png,89,\sigma,16925
../../hasy-data/v2-29150.png,89,\sigma,16925
../../hasy-data/v2-29151.png,89,\sigma,16925
../../hasy-data/v2-29152.png,89,\sigma,16925
../../hasy-data/v2-29153.png,89,\sigma,16925
../../hasy-data/v2-29154.png,89,\sigma,16925
../../hasy-data/v2-29155.png,89,\sigma,16925
../../hasy-data/v2-29156.png,89,\sigma,16925
../../hasy-data/v2-29157.png,89,\sigma,16925
../../hasy-data/v2-29158.png,89,\sigma,16925
../../hasy-data/v2-29159.png,89,\sigma,16925
../../hasy-data/v2-29160.png,89,\sigma,16925
../../hasy-data/v2-29161.png,89,\sigma,16925
../../hasy-data/v2-29162.png,89,\sigma,16925
../../hasy-data/v2-29163.png,89,\sigma,16925
../../hasy-data/v2-29164.png,89,\sigma,16925
../../hasy-data/v2-29165.png,89,\sigma,16925
../../hasy-data/v2-29166.png,89,\sigma,16925
../../hasy-data/v2-29167.png,89,\sigma,16925
../../hasy-data/v2-29168.png,89,\sigma,16925
../../hasy-data/v2-29169.png,89,\sigma,16925
../../hasy-data/v2-29170.png,89,\sigma,16925
../../hasy-data/v2-29171.png,89,\sigma,16925
../../hasy-data/v2-29172.png,89,\sigma,16925
../../hasy-data/v2-29173.png,89,\sigma,16925
../../hasy-data/v2-29174.png,89,\sigma,16925
../../hasy-data/v2-29175.png,89,\sigma,16925
../../hasy-data/v2-29176.png,89,\sigma,16925
../../hasy-data/v2-29177.png,89,\sigma,16925
../../hasy-data/v2-29178.png,89,\sigma,16925
../../hasy-data/v2-29179.png,89,\sigma,16925
../../hasy-data/v2-29180.png,89,\sigma,16925
../../hasy-data/v2-29181.png,89,\sigma,16925
../../hasy-data/v2-29182.png,89,\sigma,16925
../../hasy-data/v2-29183.png,89,\sigma,16925
../../hasy-data/v2-29184.png,89,\sigma,16925
../../hasy-data/v2-29185.png,89,\sigma,16925
../../hasy-data/v2-29186.png,89,\sigma,16925
../../hasy-data/v2-29187.png,89,\sigma,16925
../../hasy-data/v2-29188.png,89,\sigma,16925
../../hasy-data/v2-29189.png,89,\sigma,16925
../../hasy-data/v2-29190.png,89,\sigma,16925
../../hasy-data/v2-29191.png,89,\sigma,16925
../../hasy-data/v2-29192.png,89,\sigma,16925
../../hasy-data/v2-29193.png,89,\sigma,16925
../../hasy-data/v2-29194.png,89,\sigma,16925
../../hasy-data/v2-29195.png,89,\sigma,16925
../../hasy-data/v2-29196.png,89,\sigma,16925
../../hasy-data/v2-29197.png,89,\sigma,16925
../../hasy-data/v2-29198.png,89,\sigma,16925
../../hasy-data/v2-29199.png,89,\sigma,16925
../../hasy-data/v2-29200.png,89,\sigma,16925
../../hasy-data/v2-29201.png,89,\sigma,16925
../../hasy-data/v2-29202.png,89,\sigma,16925
../../hasy-data/v2-29203.png,89,\sigma,16925
../../hasy-data/v2-29204.png,89,\sigma,16925
../../hasy-data/v2-29205.png,89,\sigma,16925
../../hasy-data/v2-29206.png,89,\sigma,16925
../../hasy-data/v2-29207.png,89,\sigma,16925
../../hasy-data/v2-29208.png,89,\sigma,16925
../../hasy-data/v2-29209.png,89,\sigma,16925
../../hasy-data/v2-29210.png,89,\sigma,16925
../../hasy-data/v2-29211.png,89,\sigma,16925
../../hasy-data/v2-29212.png,89,\sigma,16925
../../hasy-data/v2-29213.png,89,\sigma,16925
../../hasy-data/v2-29214.png,89,\sigma,16925
../../hasy-data/v2-29215.png,89,\sigma,16925
../../hasy-data/v2-29216.png,89,\sigma,16925
../../hasy-data/v2-29217.png,89,\sigma,16925
../../hasy-data/v2-29218.png,89,\sigma,16925
../../hasy-data/v2-29219.png,89,\sigma,16925
../../hasy-data/v2-29220.png,89,\sigma,16925
../../hasy-data/v2-29221.png,89,\sigma,16925
../../hasy-data/v2-29222.png,89,\sigma,16925
../../hasy-data/v2-29223.png,89,\sigma,16925
../../hasy-data/v2-29224.png,89,\sigma,16925
../../hasy-data/v2-29225.png,89,\sigma,16925
../../hasy-data/v2-29226.png,89,\sigma,16925
../../hasy-data/v2-29227.png,89,\sigma,16925
../../hasy-data/v2-29228.png,89,\sigma,16925
../../hasy-data/v2-29229.png,89,\sigma,16925
../../hasy-data/v2-29230.png,89,\sigma,16925
../../hasy-data/v2-29231.png,89,\sigma,16925
../../hasy-data/v2-29232.png,89,\sigma,16925
../../hasy-data/v2-29233.png,89,\sigma,16925
../../hasy-data/v2-29234.png,89,\sigma,16925
../../hasy-data/v2-29235.png,89,\sigma,16925
../../hasy-data/v2-29236.png,89,\sigma,16925
../../hasy-data/v2-29237.png,89,\sigma,16925
../../hasy-data/v2-29238.png,89,\sigma,16925
../../hasy-data/v2-29239.png,89,\sigma,16925
../../hasy-data/v2-29240.png,89,\sigma,16925
../../hasy-data/v2-29241.png,89,\sigma,16925
../../hasy-data/v2-29242.png,89,\sigma,16925
../../hasy-data/v2-29243.png,89,\sigma,16925
../../hasy-data/v2-29244.png,89,\sigma,16925
../../hasy-data/v2-29245.png,89,\sigma,16925
../../hasy-data/v2-29246.png,89,\sigma,16925
../../hasy-data/v2-29247.png,89,\sigma,16925
../../hasy-data/v2-29248.png,89,\sigma,16925
../../hasy-data/v2-29249.png,89,\sigma,16925
../../hasy-data/v2-29250.png,89,\sigma,16925
../../hasy-data/v2-29251.png,89,\sigma,16925
../../hasy-data/v2-29252.png,89,\sigma,16925
../../hasy-data/v2-29253.png,89,\sigma,16925
../../hasy-data/v2-29254.png,89,\sigma,16925
../../hasy-data/v2-29255.png,89,\sigma,16925
../../hasy-data/v2-29256.png,89,\sigma,16925
../../hasy-data/v2-29257.png,89,\sigma,16925
../../hasy-data/v2-29258.png,89,\sigma,16925
../../hasy-data/v2-29259.png,89,\sigma,16925
../../hasy-data/v2-29260.png,89,\sigma,16925
../../hasy-data/v2-29261.png,89,\sigma,16925
../../hasy-data/v2-29262.png,89,\sigma,16925
../../hasy-data/v2-29263.png,89,\sigma,16925
../../hasy-data/v2-29264.png,89,\sigma,16925
../../hasy-data/v2-29265.png,89,\sigma,16925
../../hasy-data/v2-29266.png,89,\sigma,16925
../../hasy-data/v2-29267.png,89,\sigma,16925
../../hasy-data/v2-29268.png,89,\sigma,16925
../../hasy-data/v2-29269.png,89,\sigma,16925
../../hasy-data/v2-29270.png,89,\sigma,16925
../../hasy-data/v2-29271.png,89,\sigma,16925
../../hasy-data/v2-29272.png,89,\sigma,16925
../../hasy-data/v2-29273.png,89,\sigma,16925
../../hasy-data/v2-29274.png,89,\sigma,16925
../../hasy-data/v2-29275.png,89,\sigma,16925
../../hasy-data/v2-29276.png,89,\sigma,16925
../../hasy-data/v2-29277.png,89,\sigma,16925
../../hasy-data/v2-29278.png,89,\sigma,16925
../../hasy-data/v2-29279.png,89,\sigma,16925
../../hasy-data/v2-29280.png,89,\sigma,16925
../../hasy-data/v2-29281.png,89,\sigma,16925
../../hasy-data/v2-29282.png,89,\sigma,16925
../../hasy-data/v2-29283.png,89,\sigma,16925
../../hasy-data/v2-29284.png,89,\sigma,16925
../../hasy-data/v2-29285.png,89,\sigma,16925
../../hasy-data/v2-29286.png,89,\sigma,16925
../../hasy-data/v2-29287.png,89,\sigma,16925
../../hasy-data/v2-29288.png,89,\sigma,16925
../../hasy-data/v2-29289.png,89,\sigma,16925
../../hasy-data/v2-29290.png,89,\sigma,16925
../../hasy-data/v2-29291.png,89,\sigma,16925
../../hasy-data/v2-29292.png,89,\sigma,16925
../../hasy-data/v2-29293.png,89,\sigma,16925
../../hasy-data/v2-29294.png,89,\sigma,16925
../../hasy-data/v2-29295.png,89,\sigma,16925
../../hasy-data/v2-29296.png,89,\sigma,16925
../../hasy-data/v2-29297.png,89,\sigma,16925
../../hasy-data/v2-29298.png,89,\sigma,16925
../../hasy-data/v2-29299.png,89,\sigma,16925
../../hasy-data/v2-29300.png,89,\sigma,16925
../../hasy-data/v2-29301.png,89,\sigma,16925
../../hasy-data/v2-29302.png,89,\sigma,16925
../../hasy-data/v2-29303.png,89,\sigma,16925
../../hasy-data/v2-29304.png,89,\sigma,16925
../../hasy-data/v2-29305.png,89,\sigma,16925
../../hasy-data/v2-29306.png,89,\sigma,16925
../../hasy-data/v2-29307.png,89,\sigma,16925
../../hasy-data/v2-29308.png,89,\sigma,16925
../../hasy-data/v2-29309.png,89,\sigma,16925
../../hasy-data/v2-29310.png,89,\sigma,16925
../../hasy-data/v2-29311.png,89,\sigma,16925
../../hasy-data/v2-29312.png,89,\sigma,16925
../../hasy-data/v2-29313.png,89,\sigma,16925
../../hasy-data/v2-29314.png,89,\sigma,16925
../../hasy-data/v2-29315.png,89,\sigma,16925
../../hasy-data/v2-29316.png,89,\sigma,16925
../../hasy-data/v2-29317.png,89,\sigma,16925
../../hasy-data/v2-29318.png,89,\sigma,16925
../../hasy-data/v2-29319.png,89,\sigma,16925
../../hasy-data/v2-29320.png,89,\sigma,16925
../../hasy-data/v2-29321.png,89,\sigma,16925
../../hasy-data/v2-29322.png,89,\sigma,16925
../../hasy-data/v2-29323.png,89,\sigma,16925
../../hasy-data/v2-29324.png,89,\sigma,16925
../../hasy-data/v2-29325.png,89,\sigma,16925
../../hasy-data/v2-29326.png,89,\sigma,16925
../../hasy-data/v2-29327.png,89,\sigma,16925
../../hasy-data/v2-29328.png,89,\sigma,16925
../../hasy-data/v2-29329.png,89,\sigma,16925
../../hasy-data/v2-29330.png,89,\sigma,16925
../../hasy-data/v2-29331.png,89,\sigma,16925
../../hasy-data/v2-29332.png,89,\sigma,16925
../../hasy-data/v2-29333.png,89,\sigma,16925
../../hasy-data/v2-29334.png,89,\sigma,16925
../../hasy-data/v2-29335.png,89,\sigma,16925
../../hasy-data/v2-29336.png,89,\sigma,16925
../../hasy-data/v2-29337.png,89,\sigma,16925
../../hasy-data/v2-29338.png,89,\sigma,16925
../../hasy-data/v2-29339.png,89,\sigma,16925
../../hasy-data/v2-29340.png,89,\sigma,16925
../../hasy-data/v2-29341.png,89,\sigma,16925
../../hasy-data/v2-29342.png,89,\sigma,16925
../../hasy-data/v2-29343.png,89,\sigma,16925
../../hasy-data/v2-29344.png,89,\sigma,16925
../../hasy-data/v2-29345.png,89,\sigma,16925
../../hasy-data/v2-29346.png,89,\sigma,16925
../../hasy-data/v2-29347.png,89,\sigma,16925
../../hasy-data/v2-29348.png,89,\sigma,16925
../../hasy-data/v2-29349.png,89,\sigma,16925
../../hasy-data/v2-29350.png,89,\sigma,16925
../../hasy-data/v2-29351.png,89,\sigma,16925
../../hasy-data/v2-29352.png,89,\sigma,16925
../../hasy-data/v2-29353.png,89,\sigma,16925
../../hasy-data/v2-29354.png,89,\sigma,16925
../../hasy-data/v2-29355.png,89,\sigma,16925
../../hasy-data/v2-29356.png,89,\sigma,16925
../../hasy-data/v2-29357.png,89,\sigma,16925
../../hasy-data/v2-29358.png,89,\sigma,16925
../../hasy-data/v2-29359.png,89,\sigma,16925
../../hasy-data/v2-29360.png,89,\sigma,16925
../../hasy-data/v2-29361.png,89,\sigma,16925
../../hasy-data/v2-29362.png,89,\sigma,16925
../../hasy-data/v2-29363.png,89,\sigma,16925
../../hasy-data/v2-29364.png,89,\sigma,16925
../../hasy-data/v2-29365.png,89,\sigma,16925
../../hasy-data/v2-29366.png,89,\sigma,16925
../../hasy-data/v2-29367.png,89,\sigma,16925
../../hasy-data/v2-29368.png,89,\sigma,16925
../../hasy-data/v2-29369.png,89,\sigma,16925
../../hasy-data/v2-29370.png,89,\sigma,16925
../../hasy-data/v2-29371.png,89,\sigma,16925
../../hasy-data/v2-29372.png,89,\sigma,16925
../../hasy-data/v2-29373.png,89,\sigma,16925
../../hasy-data/v2-29374.png,89,\sigma,16925
../../hasy-data/v2-29375.png,89,\sigma,16925
../../hasy-data/v2-29376.png,89,\sigma,16925
../../hasy-data/v2-29377.png,89,\sigma,16925
../../hasy-data/v2-29378.png,89,\sigma,16925
../../hasy-data/v2-29379.png,89,\sigma,16925
../../hasy-data/v2-29380.png,89,\sigma,16925
../../hasy-data/v2-29381.png,89,\sigma,16925
../../hasy-data/v2-29382.png,89,\sigma,16925
../../hasy-data/v2-29383.png,89,\sigma,16925
../../hasy-data/v2-29384.png,89,\sigma,16925
../../hasy-data/v2-29385.png,89,\sigma,16925
../../hasy-data/v2-29386.png,89,\sigma,16925
../../hasy-data/v2-29387.png,89,\sigma,16925
../../hasy-data/v2-29388.png,89,\sigma,16925
../../hasy-data/v2-29389.png,89,\sigma,16925
../../hasy-data/v2-29390.png,89,\sigma,16925
../../hasy-data/v2-29391.png,89,\sigma,16925
../../hasy-data/v2-29392.png,89,\sigma,16925
../../hasy-data/v2-29393.png,89,\sigma,16925
../../hasy-data/v2-29394.png,89,\sigma,16925
../../hasy-data/v2-29395.png,89,\sigma,16925
../../hasy-data/v2-29396.png,89,\sigma,16925
../../hasy-data/v2-29397.png,89,\sigma,16925
../../hasy-data/v2-29398.png,89,\sigma,16925
../../hasy-data/v2-29399.png,89,\sigma,16925
../../hasy-data/v2-29400.png,89,\sigma,16925
../../hasy-data/v2-29401.png,89,\sigma,16925
../../hasy-data/v2-29402.png,89,\sigma,16925
../../hasy-data/v2-29403.png,89,\sigma,16925
../../hasy-data/v2-29404.png,89,\sigma,16925
../../hasy-data/v2-29405.png,89,\sigma,16925
../../hasy-data/v2-29406.png,89,\sigma,16925
../../hasy-data/v2-29407.png,89,\sigma,16925
../../hasy-data/v2-29408.png,89,\sigma,16925
../../hasy-data/v2-29409.png,89,\sigma,16925
../../hasy-data/v2-29410.png,89,\sigma,16925
../../hasy-data/v2-29411.png,89,\sigma,16925
../../hasy-data/v2-29412.png,89,\sigma,16925
../../hasy-data/v2-29413.png,89,\sigma,16925
../../hasy-data/v2-29414.png,89,\sigma,16925
../../hasy-data/v2-29415.png,89,\sigma,16925
../../hasy-data/v2-29416.png,89,\sigma,16925
../../hasy-data/v2-29417.png,89,\sigma,16925
../../hasy-data/v2-29418.png,89,\sigma,16925
../../hasy-data/v2-29419.png,89,\sigma,16925
../../hasy-data/v2-29420.png,89,\sigma,16925
../../hasy-data/v2-29421.png,89,\sigma,16925
../../hasy-data/v2-29422.png,89,\sigma,16925
../../hasy-data/v2-29423.png,89,\sigma,16925
../../hasy-data/v2-29424.png,89,\sigma,16925
../../hasy-data/v2-29425.png,89,\sigma,16925
../../hasy-data/v2-29426.png,89,\sigma,16925
../../hasy-data/v2-29427.png,89,\sigma,16925
../../hasy-data/v2-29428.png,89,\sigma,16925
../../hasy-data/v2-29429.png,89,\sigma,16925
../../hasy-data/v2-29430.png,89,\sigma,16925
../../hasy-data/v2-29431.png,89,\sigma,16925
../../hasy-data/v2-29432.png,89,\sigma,16925
../../hasy-data/v2-29433.png,89,\sigma,16925
../../hasy-data/v2-29434.png,89,\sigma,16925
../../hasy-data/v2-29435.png,89,\sigma,16925
../../hasy-data/v2-29436.png,89,\sigma,16925
../../hasy-data/v2-29437.png,89,\sigma,16925
../../hasy-data/v2-29438.png,89,\sigma,16925
../../hasy-data/v2-29439.png,89,\sigma,16925
../../hasy-data/v2-29440.png,89,\sigma,16925
../../hasy-data/v2-29441.png,89,\sigma,16925
../../hasy-data/v2-29442.png,89,\sigma,16925
../../hasy-data/v2-29443.png,89,\sigma,16925
../../hasy-data/v2-29444.png,89,\sigma,16925
../../hasy-data/v2-29445.png,89,\sigma,16925
../../hasy-data/v2-29446.png,89,\sigma,16925
../../hasy-data/v2-29447.png,89,\sigma,16925
../../hasy-data/v2-29448.png,89,\sigma,16925
../../hasy-data/v2-29449.png,89,\sigma,16925
../../hasy-data/v2-29450.png,89,\sigma,16925
../../hasy-data/v2-29451.png,89,\sigma,16925
../../hasy-data/v2-29452.png,89,\sigma,16925
../../hasy-data/v2-29453.png,89,\sigma,16925
../../hasy-data/v2-29454.png,89,\sigma,16925
../../hasy-data/v2-29455.png,89,\sigma,16925
../../hasy-data/v2-29456.png,89,\sigma,16925
../../hasy-data/v2-29457.png,89,\sigma,16925
../../hasy-data/v2-29458.png,89,\sigma,16925
../../hasy-data/v2-29459.png,89,\sigma,16925
../../hasy-data/v2-29460.png,89,\sigma,16925
../../hasy-data/v2-29461.png,89,\sigma,16925
../../hasy-data/v2-29462.png,89,\sigma,16925
../../hasy-data/v2-29463.png,89,\sigma,16925
../../hasy-data/v2-29464.png,89,\sigma,16925
../../hasy-data/v2-29465.png,89,\sigma,16925
../../hasy-data/v2-29466.png,89,\sigma,16925
../../hasy-data/v2-29467.png,89,\sigma,16925
../../hasy-data/v2-29468.png,89,\sigma,16925
../../hasy-data/v2-29469.png,89,\sigma,16925
../../hasy-data/v2-29470.png,89,\sigma,16925
../../hasy-data/v2-29471.png,89,\sigma,16925
../../hasy-data/v2-29472.png,89,\sigma,16925
../../hasy-data/v2-29473.png,89,\sigma,16925
../../hasy-data/v2-29474.png,89,\sigma,16925
../../hasy-data/v2-29475.png,89,\sigma,16925
../../hasy-data/v2-29476.png,89,\sigma,16925
../../hasy-data/v2-29477.png,89,\sigma,16925
../../hasy-data/v2-29478.png,89,\sigma,16925
../../hasy-data/v2-29479.png,89,\sigma,16925
../../hasy-data/v2-29480.png,89,\sigma,16925
../../hasy-data/v2-29481.png,89,\sigma,16925
../../hasy-data/v2-29482.png,89,\sigma,16925
../../hasy-data/v2-29483.png,89,\sigma,16925
../../hasy-data/v2-29484.png,89,\sigma,16925
../../hasy-data/v2-29485.png,89,\sigma,16925
../../hasy-data/v2-29486.png,89,\sigma,16925
../../hasy-data/v2-29487.png,89,\sigma,16925
../../hasy-data/v2-29488.png,89,\sigma,16925
../../hasy-data/v2-29489.png,89,\sigma,16925
../../hasy-data/v2-29490.png,89,\sigma,16925
../../hasy-data/v2-29491.png,89,\sigma,16925
../../hasy-data/v2-29492.png,89,\sigma,16925
../../hasy-data/v2-29493.png,89,\sigma,16925
../../hasy-data/v2-29494.png,89,\sigma,16925
../../hasy-data/v2-29495.png,89,\sigma,16925
../../hasy-data/v2-29496.png,89,\sigma,16925
../../hasy-data/v2-29497.png,89,\sigma,16925
../../hasy-data/v2-29498.png,89,\sigma,16925
../../hasy-data/v2-29499.png,89,\sigma,16925
../../hasy-data/v2-29500.png,89,\sigma,16925
../../hasy-data/v2-29501.png,89,\sigma,16925
../../hasy-data/v2-29502.png,89,\sigma,16925
../../hasy-data/v2-29503.png,89,\sigma,16925
../../hasy-data/v2-29504.png,89,\sigma,16925
../../hasy-data/v2-29505.png,89,\sigma,16925
../../hasy-data/v2-29506.png,89,\sigma,16925
../../hasy-data/v2-29507.png,89,\sigma,16925
../../hasy-data/v2-29508.png,89,\sigma,16925
../../hasy-data/v2-29509.png,89,\sigma,16925
../../hasy-data/v2-29510.png,89,\sigma,16925
../../hasy-data/v2-29511.png,89,\sigma,16925
../../hasy-data/v2-29512.png,89,\sigma,16925
../../hasy-data/v2-29513.png,89,\sigma,16925
../../hasy-data/v2-29514.png,89,\sigma,16925
../../hasy-data/v2-29515.png,89,\sigma,16925
../../hasy-data/v2-29516.png,89,\sigma,16925
../../hasy-data/v2-29517.png,89,\sigma,16925
../../hasy-data/v2-29518.png,89,\sigma,16925
../../hasy-data/v2-29519.png,89,\sigma,16925
../../hasy-data/v2-29520.png,89,\sigma,16925
../../hasy-data/v2-29521.png,89,\sigma,16925
../../hasy-data/v2-29522.png,89,\sigma,16925
../../hasy-data/v2-29523.png,89,\sigma,16925
../../hasy-data/v2-29524.png,89,\sigma,16925
../../hasy-data/v2-29525.png,89,\sigma,16925
../../hasy-data/v2-29526.png,89,\sigma,16925
../../hasy-data/v2-29527.png,89,\sigma,16925
../../hasy-data/v2-29528.png,89,\sigma,16925
../../hasy-data/v2-29529.png,89,\sigma,16925
../../hasy-data/v2-29530.png,89,\sigma,16925
../../hasy-data/v2-29531.png,89,\sigma,16925
../../hasy-data/v2-29532.png,89,\sigma,16925
../../hasy-data/v2-29533.png,89,\sigma,16925
../../hasy-data/v2-29534.png,89,\sigma,16925
../../hasy-data/v2-29535.png,89,\sigma,16925
../../hasy-data/v2-29536.png,89,\sigma,16925
../../hasy-data/v2-29537.png,89,\sigma,16925
../../hasy-data/v2-29538.png,89,\sigma,16925
../../hasy-data/v2-29539.png,89,\sigma,16925
../../hasy-data/v2-29540.png,89,\sigma,16925
../../hasy-data/v2-29541.png,89,\sigma,16925
../../hasy-data/v2-29542.png,89,\sigma,16925
../../hasy-data/v2-29543.png,89,\sigma,16925
../../hasy-data/v2-29544.png,89,\sigma,16925
../../hasy-data/v2-29545.png,89,\sigma,16925
../../hasy-data/v2-29546.png,89,\sigma,16925
../../hasy-data/v2-29547.png,89,\sigma,16925
../../hasy-data/v2-29548.png,89,\sigma,16925
../../hasy-data/v2-29549.png,89,\sigma,16925
../../hasy-data/v2-29550.png,89,\sigma,16925
../../hasy-data/v2-29551.png,89,\sigma,16925
../../hasy-data/v2-29552.png,89,\sigma,16925
../../hasy-data/v2-29553.png,89,\sigma,16925
../../hasy-data/v2-29554.png,89,\sigma,16925
../../hasy-data/v2-29555.png,89,\sigma,16925
../../hasy-data/v2-29556.png,89,\sigma,16925
../../hasy-data/v2-29557.png,89,\sigma,16925
../../hasy-data/v2-29558.png,89,\sigma,16925
../../hasy-data/v2-29559.png,89,\sigma,16925
../../hasy-data/v2-29560.png,89,\sigma,16925
../../hasy-data/v2-29561.png,89,\sigma,16925
../../hasy-data/v2-29562.png,89,\sigma,16925
../../hasy-data/v2-29563.png,89,\sigma,16925
../../hasy-data/v2-29564.png,89,\sigma,16925
../../hasy-data/v2-29565.png,89,\sigma,16925
../../hasy-data/v2-29566.png,89,\sigma,16925
../../hasy-data/v2-29567.png,89,\sigma,16925
../../hasy-data/v2-29568.png,89,\sigma,16925
../../hasy-data/v2-29569.png,89,\sigma,16925
../../hasy-data/v2-29570.png,89,\sigma,16925
../../hasy-data/v2-29571.png,89,\sigma,16925
../../hasy-data/v2-29572.png,89,\sigma,16925
../../hasy-data/v2-29573.png,89,\sigma,16925
../../hasy-data/v2-29574.png,89,\sigma,16925
../../hasy-data/v2-29575.png,89,\sigma,16925
../../hasy-data/v2-29576.png,89,\sigma,16925
../../hasy-data/v2-29577.png,89,\sigma,16925
../../hasy-data/v2-29578.png,89,\sigma,16925
../../hasy-data/v2-29579.png,89,\sigma,16925
../../hasy-data/v2-29580.png,89,\sigma,16925
../../hasy-data/v2-29581.png,89,\sigma,16925
../../hasy-data/v2-29582.png,89,\sigma,16925
../../hasy-data/v2-29583.png,89,\sigma,16925
../../hasy-data/v2-29584.png,89,\sigma,16925
../../hasy-data/v2-29585.png,89,\sigma,16925
../../hasy-data/v2-29586.png,89,\sigma,16925
../../hasy-data/v2-29587.png,89,\sigma,16925
../../hasy-data/v2-29588.png,89,\sigma,16925
../../hasy-data/v2-29589.png,89,\sigma,16925
../../hasy-data/v2-29590.png,89,\sigma,16925
../../hasy-data/v2-29591.png,89,\sigma,16925
../../hasy-data/v2-29592.png,89,\sigma,16925
../../hasy-data/v2-29593.png,89,\sigma,16925
../../hasy-data/v2-29594.png,89,\sigma,16925
../../hasy-data/v2-29595.png,89,\sigma,16925
../../hasy-data/v2-29596.png,89,\sigma,16925
../../hasy-data/v2-29597.png,89,\sigma,16925
../../hasy-data/v2-29598.png,89,\sigma,16925
../../hasy-data/v2-29599.png,89,\sigma,16925
../../hasy-data/v2-29600.png,89,\sigma,16925
../../hasy-data/v2-29601.png,89,\sigma,16925
../../hasy-data/v2-29602.png,89,\sigma,16925
../../hasy-data/v2-29603.png,89,\sigma,16925
../../hasy-data/v2-29604.png,89,\sigma,16925
../../hasy-data/v2-29605.png,89,\sigma,16925
../../hasy-data/v2-29606.png,89,\sigma,16925
../../hasy-data/v2-29607.png,89,\sigma,16925
../../hasy-data/v2-29608.png,89,\sigma,16925
../../hasy-data/v2-29609.png,89,\sigma,16925
../../hasy-data/v2-29610.png,89,\sigma,16925
../../hasy-data/v2-29611.png,89,\sigma,16925
../../hasy-data/v2-29612.png,89,\sigma,16925
../../hasy-data/v2-29613.png,89,\sigma,16925
../../hasy-data/v2-29614.png,89,\sigma,16925
../../hasy-data/v2-29615.png,89,\sigma,16925
../../hasy-data/v2-29616.png,89,\sigma,16925
../../hasy-data/v2-29617.png,89,\sigma,16925
../../hasy-data/v2-29618.png,89,\sigma,16925
../../hasy-data/v2-29619.png,89,\sigma,16925
../../hasy-data/v2-29620.png,89,\sigma,16925
../../hasy-data/v2-29621.png,89,\sigma,16925
../../hasy-data/v2-29622.png,89,\sigma,16925
../../hasy-data/v2-29623.png,89,\sigma,43476
../../hasy-data/v2-29624.png,89,\sigma,53615
../../hasy-data/v2-29625.png,89,\sigma,59154
../../hasy-data/v2-29626.png,89,\sigma,59154
../../hasy-data/v2-29627.png,89,\sigma,92768
../../hasy-data/v2-29628.png,89,\sigma,116471
../../hasy-data/v2-29629.png,89,\sigma,124916
../../hasy-data/v2-29630.png,89,\sigma,125926
../../hasy-data/v2-29631.png,90,a,10
../../hasy-data/v2-29632.png,90,a,15
../../hasy-data/v2-29633.png,90,a,10
../../hasy-data/v2-29634.png,90,a,23
../../hasy-data/v2-29635.png,90,a,10
../../hasy-data/v2-29636.png,90,a,10
../../hasy-data/v2-29637.png,90,a,10
../../hasy-data/v2-29638.png,90,a,34
../../hasy-data/v2-29639.png,90,a,44
../../hasy-data/v2-29640.png,90,a,44
../../hasy-data/v2-29641.png,90,a,15
../../hasy-data/v2-29642.png,90,a,50
../../hasy-data/v2-29643.png,90,a,10
../../hasy-data/v2-29644.png,90,a,10
../../hasy-data/v2-29645.png,90,a,10
../../hasy-data/v2-29646.png,90,a,10
../../hasy-data/v2-29647.png,90,a,10
../../hasy-data/v2-29648.png,90,a,10
../../hasy-data/v2-29649.png,90,a,10
../../hasy-data/v2-29650.png,90,a,10
../../hasy-data/v2-29651.png,90,a,10
../../hasy-data/v2-29652.png,90,a,10
../../hasy-data/v2-29653.png,90,a,1710
../../hasy-data/v2-29654.png,90,a,3620
../../hasy-data/v2-29655.png,90,a,4435
../../hasy-data/v2-29656.png,90,a,5579
../../hasy-data/v2-29657.png,90,a,5877
../../hasy-data/v2-29658.png,90,a,5864
../../hasy-data/v2-29659.png,90,a,6084
../../hasy-data/v2-29660.png,90,a,6188
../../hasy-data/v2-29661.png,90,a,6483
../../hasy-data/v2-29662.png,90,a,6567
../../hasy-data/v2-29663.png,90,a,6483
../../hasy-data/v2-29664.png,90,a,6662
../../hasy-data/v2-29665.png,90,a,6672
../../hasy-data/v2-29666.png,90,a,5879
../../hasy-data/v2-29667.png,90,a,7045
../../hasy-data/v2-29668.png,90,a,7637
../../hasy-data/v2-29669.png,90,a,7713
../../hasy-data/v2-29670.png,90,a,1696
../../hasy-data/v2-29671.png,90,a,8071
../../hasy-data/v2-29672.png,90,a,8457
../../hasy-data/v2-29673.png,90,a,8486
../../hasy-data/v2-29674.png,90,a,8633
../../hasy-data/v2-29675.png,90,a,8754
../../hasy-data/v2-29676.png,90,a,9017
../../hasy-data/v2-29677.png,90,a,6958
../../hasy-data/v2-29678.png,90,a,9153
../../hasy-data/v2-29679.png,90,a,10
../../hasy-data/v2-29680.png,90,a,9283
../../hasy-data/v2-29681.png,90,a,50
../../hasy-data/v2-29682.png,90,a,50
../../hasy-data/v2-29683.png,90,a,15
../../hasy-data/v2-29684.png,90,a,8486
../../hasy-data/v2-29685.png,90,a,16925
../../hasy-data/v2-29686.png,90,a,16925
../../hasy-data/v2-29687.png,90,a,16925
../../hasy-data/v2-29688.png,90,a,16925
../../hasy-data/v2-29689.png,90,a,16925
../../hasy-data/v2-29690.png,90,a,16925
../../hasy-data/v2-29691.png,90,a,16925
../../hasy-data/v2-29692.png,90,a,16925
../../hasy-data/v2-29693.png,90,a,16925
../../hasy-data/v2-29694.png,90,a,17324
../../hasy-data/v2-29695.png,90,a,16925
../../hasy-data/v2-29696.png,90,a,16925
../../hasy-data/v2-29697.png,90,a,16925
../../hasy-data/v2-29698.png,90,a,16925
../../hasy-data/v2-29699.png,90,a,44
../../hasy-data/v2-29700.png,90,a,44
../../hasy-data/v2-29701.png,90,a,44
../../hasy-data/v2-29702.png,90,a,44
../../hasy-data/v2-29703.png,90,a,44
../../hasy-data/v2-29704.png,90,a,59154
../../hasy-data/v2-29705.png,90,a,60528
../../hasy-data/v2-29706.png,90,a,101256
../../hasy-data/v2-29707.png,90,a,116471
../../hasy-data/v2-29708.png,91,b,10
../../hasy-data/v2-29709.png,91,b,10
../../hasy-data/v2-29710.png,91,b,23
../../hasy-data/v2-29711.png,91,b,10
../../hasy-data/v2-29712.png,91,b,34
../../hasy-data/v2-29713.png,91,b,44
../../hasy-data/v2-29714.png,91,b,15
../../hasy-data/v2-29715.png,91,b,46
../../hasy-data/v2-29716.png,91,b,48
../../hasy-data/v2-29717.png,91,b,60
../../hasy-data/v2-29718.png,91,b,1710
../../hasy-data/v2-29719.png,91,b,3620
../../hasy-data/v2-29720.png,91,b,4435
../../hasy-data/v2-29721.png,91,b,5579
../../hasy-data/v2-29722.png,91,b,5572
../../hasy-data/v2-29723.png,91,b,5877
../../hasy-data/v2-29724.png,91,b,4142
../../hasy-data/v2-29725.png,91,b,6483
../../hasy-data/v2-29726.png,91,b,6567
../../hasy-data/v2-29727.png,91,b,6483
../../hasy-data/v2-29728.png,91,b,6643
../../hasy-data/v2-29729.png,91,b,6662
../../hasy-data/v2-29730.png,91,b,6672
../../hasy-data/v2-29731.png,91,b,5879
../../hasy-data/v2-29732.png,91,b,7052
../../hasy-data/v2-29733.png,91,b,7713
../../hasy-data/v2-29734.png,91,b,1696
../../hasy-data/v2-29735.png,91,b,7841
../../hasy-data/v2-29736.png,91,b,8457
../../hasy-data/v2-29737.png,91,b,8486
../../hasy-data/v2-29738.png,91,b,6483
../../hasy-data/v2-29739.png,91,b,8633
../../hasy-data/v2-29740.png,91,b,8633
../../hasy-data/v2-29741.png,91,b,8754
../../hasy-data/v2-29742.png,91,b,6958
../../hasy-data/v2-29743.png,91,b,9153
../../hasy-data/v2-29744.png,91,b,15
../../hasy-data/v2-29745.png,91,b,9283
../../hasy-data/v2-29746.png,91,b,9505
../../hasy-data/v2-29747.png,91,b,8486
../../hasy-data/v2-29748.png,91,b,10
../../hasy-data/v2-29749.png,91,b,10
../../hasy-data/v2-29750.png,91,b,10
../../hasy-data/v2-29751.png,91,b,10
../../hasy-data/v2-29752.png,91,b,10
../../hasy-data/v2-29753.png,91,b,10
../../hasy-data/v2-29754.png,91,b,10
../../hasy-data/v2-29755.png,91,b,10
../../hasy-data/v2-29756.png,91,b,59154
../../hasy-data/v2-29757.png,91,b,101257
../../hasy-data/v2-29758.png,91,b,116471
../../hasy-data/v2-29759.png,92,c,10
../../hasy-data/v2-29760.png,92,c,15
../../hasy-data/v2-29761.png,92,c,10
../../hasy-data/v2-29762.png,92,c,10
../../hasy-data/v2-29763.png,92,c,10
../../hasy-data/v2-29764.png,92,c,10
../../hasy-data/v2-29765.png,92,c,10
../../hasy-data/v2-29766.png,92,c,10
../../hasy-data/v2-29767.png,92,c,10
../../hasy-data/v2-29768.png,92,c,23
../../hasy-data/v2-29769.png,92,c,34
../../hasy-data/v2-29770.png,92,c,40
../../hasy-data/v2-29771.png,92,c,35
../../hasy-data/v2-29772.png,92,c,44
../../hasy-data/v2-29773.png,92,c,15
../../hasy-data/v2-29774.png,92,c,48
../../hasy-data/v2-29775.png,92,c,46
../../hasy-data/v2-29776.png,92,c,50
../../hasy-data/v2-29777.png,92,c,1710
../../hasy-data/v2-29778.png,92,c,4435
../../hasy-data/v2-29779.png,92,c,5572
../../hasy-data/v2-29780.png,92,c,5877
../../hasy-data/v2-29781.png,92,c,4142
../../hasy-data/v2-29782.png,92,c,6188
../../hasy-data/v2-29783.png,92,c,6567
../../hasy-data/v2-29784.png,92,c,6483
../../hasy-data/v2-29785.png,92,c,6643
../../hasy-data/v2-29786.png,92,c,6662
../../hasy-data/v2-29787.png,92,c,6672
../../hasy-data/v2-29788.png,92,c,6483
../../hasy-data/v2-29789.png,92,c,5879
../../hasy-data/v2-29790.png,92,c,7045
../../hasy-data/v2-29791.png,92,c,7713
../../hasy-data/v2-29792.png,92,c,1696
../../hasy-data/v2-29793.png,92,c,7957
../../hasy-data/v2-29794.png,92,c,7841
../../hasy-data/v2-29795.png,92,c,8082
../../hasy-data/v2-29796.png,92,c,8633
../../hasy-data/v2-29797.png,92,c,8633
../../hasy-data/v2-29798.png,92,c,8754
../../hasy-data/v2-29799.png,92,c,9017
../../hasy-data/v2-29800.png,92,c,6958
../../hasy-data/v2-29801.png,92,c,9153
../../hasy-data/v2-29802.png,92,c,15
../../hasy-data/v2-29803.png,92,c,15
../../hasy-data/v2-29804.png,92,c,9283
../../hasy-data/v2-29805.png,92,c,9499
../../hasy-data/v2-29806.png,92,c,9505
../../hasy-data/v2-29807.png,92,c,50
../../hasy-data/v2-29808.png,92,c,15
../../hasy-data/v2-29809.png,92,c,5879
../../hasy-data/v2-29810.png,92,c,17598
../../hasy-data/v2-29811.png,92,c,17598
../../hasy-data/v2-29812.png,92,c,17598
../../hasy-data/v2-29813.png,92,c,17598
../../hasy-data/v2-29814.png,92,c,17598
../../hasy-data/v2-29815.png,92,c,59154
../../hasy-data/v2-29816.png,92,c,88044
../../hasy-data/v2-29817.png,92,c,101258
../../hasy-data/v2-29818.png,92,c,116471
../../hasy-data/v2-29819.png,93,d,15
../../hasy-data/v2-29820.png,93,d,10
../../hasy-data/v2-29821.png,93,d,23
../../hasy-data/v2-29822.png,93,d,34
../../hasy-data/v2-29823.png,93,d,40
../../hasy-data/v2-29824.png,93,d,15
../../hasy-data/v2-29825.png,93,d,50
../../hasy-data/v2-29826.png,93,d,62
../../hasy-data/v2-29827.png,93,d,1710
../../hasy-data/v2-29828.png,93,d,3328
../../hasy-data/v2-29829.png,93,d,3620
../../hasy-data/v2-29830.png,93,d,4435
../../hasy-data/v2-29831.png,93,d,5579
../../hasy-data/v2-29832.png,93,d,5572
../../hasy-data/v2-29833.png,93,d,5879
../../hasy-data/v2-29834.png,93,d,10
../../hasy-data/v2-29835.png,93,d,4142
../../hasy-data/v2-29836.png,93,d,6483
../../hasy-data/v2-29837.png,93,d,6567
../../hasy-data/v2-29838.png,93,d,6483
../../hasy-data/v2-29839.png,93,d,6662
../../hasy-data/v2-29840.png,93,d,6672
../../hasy-data/v2-29841.png,93,d,6483
../../hasy-data/v2-29842.png,93,d,6483
../../hasy-data/v2-29843.png,93,d,7637
../../hasy-data/v2-29844.png,93,d,1696
../../hasy-data/v2-29845.png,93,d,8082
../../hasy-data/v2-29846.png,93,d,8457
../../hasy-data/v2-29847.png,93,d,8486
../../hasy-data/v2-29848.png,93,d,8633
../../hasy-data/v2-29849.png,93,d,8754
../../hasy-data/v2-29850.png,93,d,6483
../../hasy-data/v2-29851.png,93,d,9017
../../hasy-data/v2-29852.png,93,d,6958
../../hasy-data/v2-29853.png,93,d,9283
../../hasy-data/v2-29854.png,93,d,9505
../../hasy-data/v2-29855.png,93,d,50
../../hasy-data/v2-29856.png,93,d,15
../../hasy-data/v2-29857.png,93,d,15
../../hasy-data/v2-29858.png,93,d,15
../../hasy-data/v2-29859.png,93,d,27562
../../hasy-data/v2-29860.png,93,d,10
../../hasy-data/v2-29861.png,93,d,10
../../hasy-data/v2-29862.png,93,d,10
../../hasy-data/v2-29863.png,93,d,10
../../hasy-data/v2-29864.png,93,d,10
../../hasy-data/v2-29865.png,93,d,10
../../hasy-data/v2-29866.png,93,d,10
../../hasy-data/v2-29867.png,93,d,10
../../hasy-data/v2-29868.png,93,d,59154
../../hasy-data/v2-29869.png,93,d,101259
../../hasy-data/v2-29870.png,93,d,116471
../../hasy-data/v2-29871.png,94,e,10
../../hasy-data/v2-29872.png,94,e,10
../../hasy-data/v2-29873.png,94,e,23
../../hasy-data/v2-29874.png,94,e,34
../../hasy-data/v2-29875.png,94,e,35
../../hasy-data/v2-29876.png,94,e,40
../../hasy-data/v2-29877.png,94,e,44
../../hasy-data/v2-29878.png,94,e,48
../../hasy-data/v2-29879.png,94,e,46
../../hasy-data/v2-29880.png,94,e,50
../../hasy-data/v2-29881.png,94,e,55
../../hasy-data/v2-29882.png,94,e,1710
../../hasy-data/v2-29883.png,94,e,3620
../../hasy-data/v2-29884.png,94,e,5572
../../hasy-data/v2-29885.png,94,e,5877
../../hasy-data/v2-29886.png,94,e,4142
../../hasy-data/v2-29887.png,94,e,10
../../hasy-data/v2-29888.png,94,e,10
../../hasy-data/v2-29889.png,94,e,10
../../hasy-data/v2-29890.png,94,e,10
../../hasy-data/v2-29891.png,94,e,6188
../../hasy-data/v2-29892.png,94,e,6483
../../hasy-data/v2-29893.png,94,e,6567
../../hasy-data/v2-29894.png,94,e,6483
../../hasy-data/v2-29895.png,94,e,6662
../../hasy-data/v2-29896.png,94,e,6672
../../hasy-data/v2-29897.png,94,e,6933
../../hasy-data/v2-29898.png,94,e,6483
../../hasy-data/v2-29899.png,94,e,6483
../../hasy-data/v2-29900.png,94,e,5879
../../hasy-data/v2-29901.png,94,e,5879
../../hasy-data/v2-29902.png,94,e,8457
../../hasy-data/v2-29903.png,94,e,8486
../../hasy-data/v2-29904.png,94,e,8633
../../hasy-data/v2-29905.png,94,e,6483
../../hasy-data/v2-29906.png,94,e,8754
../../hasy-data/v2-29907.png,94,e,9017
../../hasy-data/v2-29908.png,94,e,9153
../../hasy-data/v2-29909.png,94,e,9283
../../hasy-data/v2-29910.png,94,e,9505
../../hasy-data/v2-29911.png,94,e,50
../../hasy-data/v2-29912.png,94,e,50
../../hasy-data/v2-29913.png,94,e,50
../../hasy-data/v2-29914.png,94,e,16925
../../hasy-data/v2-29915.png,94,e,16925
../../hasy-data/v2-29916.png,94,e,16925
../../hasy-data/v2-29917.png,94,e,16925
../../hasy-data/v2-29918.png,94,e,17292
../../hasy-data/v2-29919.png,94,e,16925
../../hasy-data/v2-29920.png,94,e,16925
../../hasy-data/v2-29921.png,94,e,59154
../../hasy-data/v2-29922.png,94,e,97509
../../hasy-data/v2-29923.png,94,e,100852
../../hasy-data/v2-29924.png,94,e,101260
../../hasy-data/v2-29925.png,94,e,116471
../../hasy-data/v2-29926.png,94,e,130087
../../hasy-data/v2-29927.png,95,f,48
../../hasy-data/v2-29928.png,95,f,10
../../hasy-data/v2-29929.png,95,f,46
../../hasy-data/v2-29930.png,95,f,50
../../hasy-data/v2-29931.png,95,f,1692
../../hasy-data/v2-29932.png,95,f,1710
../../hasy-data/v2-29933.png,95,f,3328
../../hasy-data/v2-29934.png,95,f,4435
../../hasy-data/v2-29935.png,95,f,5572
../../hasy-data/v2-29936.png,95,f,5684
../../hasy-data/v2-29937.png,95,f,5790
../../hasy-data/v2-29938.png,95,f,5790
../../hasy-data/v2-29939.png,95,f,5790
../../hasy-data/v2-29940.png,95,f,5790
../../hasy-data/v2-29941.png,95,f,5822
../../hasy-data/v2-29942.png,95,f,5852
../../hasy-data/v2-29943.png,95,f,5877
../../hasy-data/v2-29944.png,95,f,5879
../../hasy-data/v2-29945.png,95,f,5864
../../hasy-data/v2-29946.png,95,f,4142
../../hasy-data/v2-29947.png,95,f,6084
../../hasy-data/v2-29948.png,95,f,6483
../../hasy-data/v2-29949.png,95,f,6567
../../hasy-data/v2-29950.png,95,f,6565
../../hasy-data/v2-29951.png,95,f,6640
../../hasy-data/v2-29952.png,95,f,6662
../../hasy-data/v2-29953.png,95,f,6662
../../hasy-data/v2-29954.png,95,f,6672
../../hasy-data/v2-29955.png,95,f,6899
../../hasy-data/v2-29956.png,95,f,6902
../../hasy-data/v2-29957.png,95,f,6483
../../hasy-data/v2-29958.png,95,f,6672
../../hasy-data/v2-29959.png,95,f,7713
../../hasy-data/v2-29960.png,95,f,1696
../../hasy-data/v2-29961.png,95,f,6958
../../hasy-data/v2-29962.png,95,f,7957
../../hasy-data/v2-29963.png,95,f,8457
../../hasy-data/v2-29964.png,95,f,8486
../../hasy-data/v2-29965.png,95,f,8633
../../hasy-data/v2-29966.png,95,f,8754
../../hasy-data/v2-29967.png,95,f,9017
../../hasy-data/v2-29968.png,95,f,9153
../../hasy-data/v2-29969.png,95,f,15
../../hasy-data/v2-29970.png,95,f,9281
../../hasy-data/v2-29971.png,95,f,9283
../../hasy-data/v2-29972.png,95,f,50
../../hasy-data/v2-29973.png,95,f,8486
../../hasy-data/v2-29974.png,95,f,15
../../hasy-data/v2-29975.png,95,f,15
../../hasy-data/v2-29976.png,95,f,16925
../../hasy-data/v2-29977.png,95,f,16925
../../hasy-data/v2-29978.png,95,f,59154
../../hasy-data/v2-29979.png,95,f,71715
../../hasy-data/v2-29980.png,95,f,92768
../../hasy-data/v2-29981.png,95,f,101262
../../hasy-data/v2-29982.png,95,f,116471
../../hasy-data/v2-29983.png,95,f,117684
../../hasy-data/v2-29984.png,95,f,124916
../../hasy-data/v2-29985.png,95,f,125926
../../hasy-data/v2-29986.png,96,g,10
../../hasy-data/v2-29987.png,96,g,15
../../hasy-data/v2-29988.png,96,g,10
../../hasy-data/v2-29989.png,96,g,23
../../hasy-data/v2-29990.png,96,g,40
../../hasy-data/v2-29991.png,96,g,44
../../hasy-data/v2-29992.png,96,g,45
../../hasy-data/v2-29993.png,96,g,48
../../hasy-data/v2-29994.png,96,g,50
../../hasy-data/v2-29995.png,96,g,1710
../../hasy-data/v2-29996.png,96,g,3620
../../hasy-data/v2-29997.png,96,g,4435
../../hasy-data/v2-29998.png,96,g,5572
../../hasy-data/v2-29999.png,96,g,5877
../../hasy-data/v2-30000.png,96,g,4142
../../hasy-data/v2-30001.png,96,g,10
../../hasy-data/v2-30002.png,96,g,10
../../hasy-data/v2-30003.png,96,g,10
../../hasy-data/v2-30004.png,96,g,10
../../hasy-data/v2-30005.png,96,g,10
../../hasy-data/v2-30006.png,96,g,6130
../../hasy-data/v2-30007.png,96,g,6483
../../hasy-data/v2-30008.png,96,g,6567
../../hasy-data/v2-30009.png,96,g,6662
../../hasy-data/v2-30010.png,96,g,6672
../../hasy-data/v2-30011.png,96,g,5879
../../hasy-data/v2-30012.png,96,g,7045
../../hasy-data/v2-30013.png,96,g,7637
../../hasy-data/v2-30014.png,96,g,7713
../../hasy-data/v2-30015.png,96,g,1696
../../hasy-data/v2-30016.png,96,g,7841
../../hasy-data/v2-30017.png,96,g,8457
../../hasy-data/v2-30018.png,96,g,8486
../../hasy-data/v2-30019.png,96,g,8633
../../hasy-data/v2-30020.png,96,g,8754
../../hasy-data/v2-30021.png,96,g,9017
../../hasy-data/v2-30022.png,96,g,15
../../hasy-data/v2-30023.png,96,g,9153
../../hasy-data/v2-30024.png,96,g,15
../../hasy-data/v2-30025.png,96,g,9224
../../hasy-data/v2-30026.png,96,g,9283
../../hasy-data/v2-30027.png,96,g,15
../../hasy-data/v2-30028.png,96,g,10
../../hasy-data/v2-30029.png,96,g,10
../../hasy-data/v2-30030.png,96,g,10
../../hasy-data/v2-30031.png,96,g,10
../../hasy-data/v2-30032.png,96,g,59154
../../hasy-data/v2-30033.png,96,g,96162
../../hasy-data/v2-30034.png,96,g,101263
../../hasy-data/v2-30035.png,96,g,116471
../../hasy-data/v2-30036.png,97,h,10
../../hasy-data/v2-30037.png,97,h,15
../../hasy-data/v2-30038.png,97,h,10
../../hasy-data/v2-30039.png,97,h,10
../../hasy-data/v2-30040.png,97,h,23
../../hasy-data/v2-30041.png,97,h,34
../../hasy-data/v2-30042.png,97,h,40
../../hasy-data/v2-30043.png,97,h,44
../../hasy-data/v2-30044.png,97,h,46
../../hasy-data/v2-30045.png,97,h,48
../../hasy-data/v2-30046.png,97,h,50
../../hasy-data/v2-30047.png,97,h,1710
../../hasy-data/v2-30048.png,97,h,4435
../../hasy-data/v2-30049.png,97,h,5572
../../hasy-data/v2-30050.png,97,h,5877
../../hasy-data/v2-30051.png,97,h,4142
../../hasy-data/v2-30052.png,97,h,10
../../hasy-data/v2-30053.png,97,h,6188
../../hasy-data/v2-30054.png,97,h,6483
../../hasy-data/v2-30055.png,97,h,6567
../../hasy-data/v2-30056.png,97,h,6567
../../hasy-data/v2-30057.png,97,h,6483
../../hasy-data/v2-30058.png,97,h,6662
../../hasy-data/v2-30059.png,97,h,6662
../../hasy-data/v2-30060.png,97,h,6672
../../hasy-data/v2-30061.png,97,h,5879
../../hasy-data/v2-30062.png,97,h,1696
../../hasy-data/v2-30063.png,97,h,8082
../../hasy-data/v2-30064.png,97,h,8071
../../hasy-data/v2-30065.png,97,h,3320
../../hasy-data/v2-30066.png,97,h,8175
../../hasy-data/v2-30067.png,97,h,8486
../../hasy-data/v2-30068.png,97,h,10
../../hasy-data/v2-30069.png,97,h,8633
../../hasy-data/v2-30070.png,97,h,8754
../../hasy-data/v2-30071.png,97,h,9017
../../hasy-data/v2-30072.png,97,h,15
../../hasy-data/v2-30073.png,97,h,9283
../../hasy-data/v2-30074.png,97,h,9499
../../hasy-data/v2-30075.png,97,h,15
../../hasy-data/v2-30076.png,97,h,15
../../hasy-data/v2-30077.png,97,h,5879
../../hasy-data/v2-30078.png,97,h,16925
../../hasy-data/v2-30079.png,97,h,16925
../../hasy-data/v2-30080.png,97,h,10
../../hasy-data/v2-30081.png,97,h,10
../../hasy-data/v2-30082.png,97,h,10
../../hasy-data/v2-30083.png,97,h,10
../../hasy-data/v2-30084.png,97,h,10
../../hasy-data/v2-30085.png,97,h,59154
../../hasy-data/v2-30086.png,97,h,101264
../../hasy-data/v2-30087.png,97,h,116471
../../hasy-data/v2-30088.png,98,i,48
../../hasy-data/v2-30089.png,98,i,46
../../hasy-data/v2-30090.png,98,i,50
../../hasy-data/v2-30091.png,98,i,10
../../hasy-data/v2-30092.png,98,i,10
../../hasy-data/v2-30093.png,98,i,10
../../hasy-data/v2-30094.png,98,i,10
../../hasy-data/v2-30095.png,98,i,10
../../hasy-data/v2-30096.png,98,i,10
../../hasy-data/v2-30097.png,98,i,10
../../hasy-data/v2-30098.png,98,i,10
../../hasy-data/v2-30099.png,98,i,1710
../../hasy-data/v2-30100.png,98,i,3620
../../hasy-data/v2-30101.png,98,i,4435
../../hasy-data/v2-30102.png,98,i,5572
../../hasy-data/v2-30103.png,98,i,4142
../../hasy-data/v2-30104.png,98,i,6188
../../hasy-data/v2-30105.png,98,i,6483
../../hasy-data/v2-30106.png,98,i,6567
../../hasy-data/v2-30107.png,98,i,6483
../../hasy-data/v2-30108.png,98,i,6643
../../hasy-data/v2-30109.png,98,i,6662
../../hasy-data/v2-30110.png,98,i,6662
../../hasy-data/v2-30111.png,98,i,6672
../../hasy-data/v2-30112.png,98,i,10
../../hasy-data/v2-30113.png,98,i,1696
../../hasy-data/v2-30114.png,98,i,8082
../../hasy-data/v2-30115.png,98,i,8071
../../hasy-data/v2-30116.png,98,i,8457
../../hasy-data/v2-30117.png,98,i,8486
../../hasy-data/v2-30118.png,98,i,8633
../../hasy-data/v2-30119.png,98,i,8633
../../hasy-data/v2-30120.png,98,i,8754
../../hasy-data/v2-30121.png,98,i,9017
../../hasy-data/v2-30122.png,98,i,6958
../../hasy-data/v2-30123.png,98,i,9283
../../hasy-data/v2-30124.png,98,i,9499
../../hasy-data/v2-30125.png,98,i,9505
../../hasy-data/v2-30126.png,98,i,50
../../hasy-data/v2-30127.png,98,i,50
../../hasy-data/v2-30128.png,98,i,15
../../hasy-data/v2-30129.png,98,i,15
../../hasy-data/v2-30130.png,98,i,8486
../../hasy-data/v2-30131.png,98,i,10
../../hasy-data/v2-30132.png,98,i,16925
../../hasy-data/v2-30133.png,98,i,16925
../../hasy-data/v2-30134.png,98,i,16925
../../hasy-data/v2-30135.png,98,i,16925
../../hasy-data/v2-30136.png,98,i,59154
../../hasy-data/v2-30137.png,98,i,10
../../hasy-data/v2-30138.png,98,i,101266
../../hasy-data/v2-30139.png,98,i,101268
../../hasy-data/v2-30140.png,98,i,116471
../../hasy-data/v2-30141.png,99,j,10
../../hasy-data/v2-30142.png,99,j,48
../../hasy-data/v2-30143.png,99,j,10
../../hasy-data/v2-30144.png,99,j,46
../../hasy-data/v2-30145.png,99,j,3620
../../hasy-data/v2-30146.png,99,j,4435
../../hasy-data/v2-30147.png,99,j,5877
../../hasy-data/v2-30148.png,99,j,4142
../../hasy-data/v2-30149.png,99,j,10
../../hasy-data/v2-30150.png,99,j,10
../../hasy-data/v2-30151.png,99,j,10
../../hasy-data/v2-30152.png,99,j,10
../../hasy-data/v2-30153.png,99,j,6188
../../hasy-data/v2-30154.png,99,j,6348
../../hasy-data/v2-30155.png,99,j,6483
../../hasy-data/v2-30156.png,99,j,6567
../../hasy-data/v2-30157.png,99,j,6483
../../hasy-data/v2-30158.png,99,j,6643
../../hasy-data/v2-30159.png,99,j,6662
../../hasy-data/v2-30160.png,99,j,6672
../../hasy-data/v2-30161.png,99,j,5879
../../hasy-data/v2-30162.png,99,j,7045
../../hasy-data/v2-30163.png,99,j,7637
../../hasy-data/v2-30164.png,99,j,7713
../../hasy-data/v2-30165.png,99,j,1696
../../hasy-data/v2-30166.png,99,j,7957
../../hasy-data/v2-30167.png,99,j,8486
../../hasy-data/v2-30168.png,99,j,8754
../../hasy-data/v2-30169.png,99,j,9017
../../hasy-data/v2-30170.png,99,j,6958
../../hasy-data/v2-30171.png,99,j,15
../../hasy-data/v2-30172.png,99,j,15
../../hasy-data/v2-30173.png,99,j,9505
../../hasy-data/v2-30174.png,99,j,50
../../hasy-data/v2-30175.png,99,j,15
../../hasy-data/v2-30176.png,99,j,15
../../hasy-data/v2-30177.png,99,j,15
../../hasy-data/v2-30178.png,99,j,15
../../hasy-data/v2-30179.png,99,j,8486
../../hasy-data/v2-30180.png,99,j,15
../../hasy-data/v2-30181.png,99,j,14751
../../hasy-data/v2-30182.png,99,j,10
../../hasy-data/v2-30183.png,99,j,10
../../hasy-data/v2-30184.png,99,j,10
../../hasy-data/v2-30185.png,99,j,59154
../../hasy-data/v2-30186.png,99,j,8633
../../hasy-data/v2-30187.png,99,j,116471
../../hasy-data/v2-30188.png,100,k,10
../../hasy-data/v2-30189.png,100,k,15
../../hasy-data/v2-30190.png,100,k,48
../../hasy-data/v2-30191.png,100,k,46
../../hasy-data/v2-30192.png,100,k,50
../../hasy-data/v2-30193.png,100,k,1710
../../hasy-data/v2-30194.png,100,k,3530
../../hasy-data/v2-30195.png,100,k,4435
../../hasy-data/v2-30196.png,100,k,5572
../../hasy-data/v2-30197.png,100,k,5877
../../hasy-data/v2-30198.png,100,k,4142
../../hasy-data/v2-30199.png,100,k,10
../../hasy-data/v2-30200.png,100,k,10
../../hasy-data/v2-30201.png,100,k,6188
../../hasy-data/v2-30202.png,100,k,6483
../../hasy-data/v2-30203.png,100,k,6567
../../hasy-data/v2-30204.png,100,k,6483
../../hasy-data/v2-30205.png,100,k,6662
../../hasy-data/v2-30206.png,100,k,5879
../../hasy-data/v2-30207.png,100,k,7052
../../hasy-data/v2-30208.png,100,k,10
../../hasy-data/v2-30209.png,100,k,1696
../../hasy-data/v2-30210.png,100,k,3320
../../hasy-data/v2-30211.png,100,k,8457
../../hasy-data/v2-30212.png,100,k,8486
../../hasy-data/v2-30213.png,100,k,8633
../../hasy-data/v2-30214.png,100,k,8754
../../hasy-data/v2-30215.png,100,k,6958
../../hasy-data/v2-30216.png,100,k,15
../../hasy-data/v2-30217.png,100,k,15
../../hasy-data/v2-30218.png,100,k,9283
../../hasy-data/v2-30219.png,100,k,9499
../../hasy-data/v2-30220.png,100,k,9505
../../hasy-data/v2-30221.png,100,k,50
../../hasy-data/v2-30222.png,100,k,50
../../hasy-data/v2-30223.png,100,k,15
../../hasy-data/v2-30224.png,100,k,15
../../hasy-data/v2-30225.png,100,k,15
../../hasy-data/v2-30226.png,100,k,5879
../../hasy-data/v2-30227.png,100,k,16925
../../hasy-data/v2-30228.png,100,k,10
../../hasy-data/v2-30229.png,100,k,10
../../hasy-data/v2-30230.png,100,k,10
../../hasy-data/v2-30231.png,100,k,10
../../hasy-data/v2-30232.png,100,k,10
../../hasy-data/v2-30233.png,100,k,10
../../hasy-data/v2-30234.png,100,k,10
../../hasy-data/v2-30235.png,100,k,10
../../hasy-data/v2-30236.png,100,k,10
../../hasy-data/v2-30237.png,100,k,59154
../../hasy-data/v2-30238.png,100,k,101273
../../hasy-data/v2-30239.png,100,k,116471
../../hasy-data/v2-30240.png,101,l,10
../../hasy-data/v2-30241.png,101,l,15
../../hasy-data/v2-30242.png,101,l,10
../../hasy-data/v2-30243.png,101,l,10
../../hasy-data/v2-30244.png,101,l,10
../../hasy-data/v2-30245.png,101,l,34
../../hasy-data/v2-30246.png,101,l,35
../../hasy-data/v2-30247.png,101,l,44
../../hasy-data/v2-30248.png,101,l,50
../../hasy-data/v2-30249.png,101,l,1710
../../hasy-data/v2-30250.png,101,l,3328
../../hasy-data/v2-30251.png,101,l,3620
../../hasy-data/v2-30252.png,101,l,4435
../../hasy-data/v2-30253.png,101,l,5572
../../hasy-data/v2-30254.png,101,l,5877
../../hasy-data/v2-30255.png,101,l,4142
../../hasy-data/v2-30256.png,101,l,10
../../hasy-data/v2-30257.png,101,l,6188
../../hasy-data/v2-30258.png,101,l,6483
../../hasy-data/v2-30259.png,101,l,6567
../../hasy-data/v2-30260.png,101,l,6483
../../hasy-data/v2-30261.png,101,l,6643
../../hasy-data/v2-30262.png,101,l,6662
../../hasy-data/v2-30263.png,101,l,6662
../../hasy-data/v2-30264.png,101,l,6672
../../hasy-data/v2-30265.png,101,l,6899
../../hasy-data/v2-30266.png,101,l,7052
../../hasy-data/v2-30267.png,101,l,7713
../../hasy-data/v2-30268.png,101,l,1696
../../hasy-data/v2-30269.png,101,l,8457
../../hasy-data/v2-30270.png,101,l,8486
../../hasy-data/v2-30271.png,101,l,8633
../../hasy-data/v2-30272.png,101,l,8754
../../hasy-data/v2-30273.png,101,l,6958
../../hasy-data/v2-30274.png,101,l,15
../../hasy-data/v2-30275.png,101,l,9283
../../hasy-data/v2-30276.png,101,l,9505
../../hasy-data/v2-30277.png,101,l,50
../../hasy-data/v2-30278.png,101,l,16925
../../hasy-data/v2-30279.png,101,l,10
../../hasy-data/v2-30280.png,101,l,10
../../hasy-data/v2-30281.png,101,l,10
../../hasy-data/v2-30282.png,101,l,10
../../hasy-data/v2-30283.png,101,l,10
../../hasy-data/v2-30284.png,101,l,10
../../hasy-data/v2-30285.png,101,l,10
../../hasy-data/v2-30286.png,101,l,10
../../hasy-data/v2-30287.png,101,l,10
../../hasy-data/v2-30288.png,101,l,59154
../../hasy-data/v2-30289.png,101,l,116471
../../hasy-data/v2-30290.png,102,m,10
../../hasy-data/v2-30291.png,102,m,15
../../hasy-data/v2-30292.png,102,m,10
../../hasy-data/v2-30293.png,102,m,23
../../hasy-data/v2-30294.png,102,m,34
../../hasy-data/v2-30295.png,102,m,40
../../hasy-data/v2-30296.png,102,m,44
../../hasy-data/v2-30297.png,102,m,48
../../hasy-data/v2-30298.png,102,m,46
../../hasy-data/v2-30299.png,102,m,50
../../hasy-data/v2-30300.png,102,m,10
../../hasy-data/v2-30301.png,102,m,10
../../hasy-data/v2-30302.png,102,m,10
../../hasy-data/v2-30303.png,102,m,10
../../hasy-data/v2-30304.png,102,m,1626
../../hasy-data/v2-30305.png,102,m,1710
../../hasy-data/v2-30306.png,102,m,3620
../../hasy-data/v2-30307.png,102,m,5572
../../hasy-data/v2-30308.png,102,m,4142
../../hasy-data/v2-30309.png,102,m,6483
../../hasy-data/v2-30310.png,102,m,6095
../../hasy-data/v2-30311.png,102,m,6567
../../hasy-data/v2-30312.png,102,m,6483
../../hasy-data/v2-30313.png,102,m,6662
../../hasy-data/v2-30314.png,102,m,6483
../../hasy-data/v2-30315.png,102,m,6483
../../hasy-data/v2-30316.png,102,m,5879
../../hasy-data/v2-30317.png,102,m,1696
../../hasy-data/v2-30318.png,102,m,8082
../../hasy-data/v2-30319.png,102,m,3320
../../hasy-data/v2-30320.png,102,m,8457
../../hasy-data/v2-30321.png,102,m,8486
../../hasy-data/v2-30322.png,102,m,8486
../../hasy-data/v2-30323.png,102,m,8633
../../hasy-data/v2-30324.png,102,m,8754
../../hasy-data/v2-30325.png,102,m,9017
../../hasy-data/v2-30326.png,102,m,6958
../../hasy-data/v2-30327.png,102,m,9283
../../hasy-data/v2-30328.png,102,m,9505
../../hasy-data/v2-30329.png,102,m,50
../../hasy-data/v2-30330.png,102,m,15
../../hasy-data/v2-30331.png,102,m,8486
../../hasy-data/v2-30332.png,102,m,15
../../hasy-data/v2-30333.png,102,m,16925
../../hasy-data/v2-30334.png,102,m,10
../../hasy-data/v2-30335.png,102,m,10
../../hasy-data/v2-30336.png,102,m,10
../../hasy-data/v2-30337.png,102,m,43857
../../hasy-data/v2-30338.png,102,m,59154
../../hasy-data/v2-30339.png,102,m,101275
../../hasy-data/v2-30340.png,102,m,116471
../../hasy-data/v2-30341.png,103,n,15
../../hasy-data/v2-30342.png,103,n,10
../../hasy-data/v2-30343.png,103,n,10
../../hasy-data/v2-30344.png,103,n,10
../../hasy-data/v2-30345.png,103,n,23
../../hasy-data/v2-30346.png,103,n,34
../../hasy-data/v2-30347.png,103,n,40
../../hasy-data/v2-30348.png,103,n,44
../../hasy-data/v2-30349.png,103,n,44
../../hasy-data/v2-30350.png,103,n,48
../../hasy-data/v2-30351.png,103,n,46
../../hasy-data/v2-30352.png,103,n,46
../../hasy-data/v2-30353.png,103,n,50
../../hasy-data/v2-30354.png,103,n,1710
../../hasy-data/v2-30355.png,103,n,3328
../../hasy-data/v2-30356.png,103,n,3620
../../hasy-data/v2-30357.png,103,n,4435
../../hasy-data/v2-30358.png,103,n,5572
../../hasy-data/v2-30359.png,103,n,5684
../../hasy-data/v2-30360.png,103,n,5877
../../hasy-data/v2-30361.png,103,n,4142
../../hasy-data/v2-30362.png,103,n,6188
../../hasy-data/v2-30363.png,103,n,6567
../../hasy-data/v2-30364.png,103,n,6483
../../hasy-data/v2-30365.png,103,n,6662
../../hasy-data/v2-30366.png,103,n,6672
../../hasy-data/v2-30367.png,103,n,6483
../../hasy-data/v2-30368.png,103,n,5879
../../hasy-data/v2-30369.png,103,n,7045
../../hasy-data/v2-30370.png,103,n,7637
../../hasy-data/v2-30371.png,103,n,1696
../../hasy-data/v2-30372.png,103,n,7841
../../hasy-data/v2-30373.png,103,n,8082
../../hasy-data/v2-30374.png,103,n,8457
../../hasy-data/v2-30375.png,103,n,8486
../../hasy-data/v2-30376.png,103,n,8633
../../hasy-data/v2-30377.png,103,n,8633
../../hasy-data/v2-30378.png,103,n,8754
../../hasy-data/v2-30379.png,103,n,9017
../../hasy-data/v2-30380.png,103,n,9153
../../hasy-data/v2-30381.png,103,n,15
../../hasy-data/v2-30382.png,103,n,9281
../../hasy-data/v2-30383.png,103,n,9283
../../hasy-data/v2-30384.png,103,n,9505
../../hasy-data/v2-30385.png,103,n,50
../../hasy-data/v2-30386.png,103,n,50
../../hasy-data/v2-30387.png,103,n,50
../../hasy-data/v2-30388.png,103,n,15
../../hasy-data/v2-30389.png,103,n,15
../../hasy-data/v2-30390.png,103,n,8486
../../hasy-data/v2-30391.png,103,n,17324
../../hasy-data/v2-30392.png,103,n,59154
../../hasy-data/v2-30393.png,103,n,101276
../../hasy-data/v2-30394.png,103,n,116471
../../hasy-data/v2-30395.png,104,o,10
../../hasy-data/v2-30396.png,104,o,15
../../hasy-data/v2-30397.png,104,o,10
../../hasy-data/v2-30398.png,104,o,23
../../hasy-data/v2-30399.png,104,o,25
../../hasy-data/v2-30400.png,104,o,34
../../hasy-data/v2-30401.png,104,o,44
../../hasy-data/v2-30402.png,104,o,48
../../hasy-data/v2-30403.png,104,o,50
../../hasy-data/v2-30404.png,104,o,1710
../../hasy-data/v2-30405.png,104,o,4435
../../hasy-data/v2-30406.png,104,o,4142
../../hasy-data/v2-30407.png,104,o,5572
../../hasy-data/v2-30408.png,104,o,5877
../../hasy-data/v2-30409.png,104,o,10
../../hasy-data/v2-30410.png,104,o,10
../../hasy-data/v2-30411.png,104,o,10
../../hasy-data/v2-30412.png,104,o,6483
../../hasy-data/v2-30413.png,104,o,6483
../../hasy-data/v2-30414.png,104,o,6640
../../hasy-data/v2-30415.png,104,o,6662
../../hasy-data/v2-30416.png,104,o,6672
../../hasy-data/v2-30417.png,104,o,5879
../../hasy-data/v2-30418.png,104,o,7052
../../hasy-data/v2-30419.png,104,o,7713
../../hasy-data/v2-30420.png,104,o,1696
../../hasy-data/v2-30421.png,104,o,8082
../../hasy-data/v2-30422.png,104,o,3320
../../hasy-data/v2-30423.png,104,o,8457
../../hasy-data/v2-30424.png,104,o,8486
../../hasy-data/v2-30425.png,104,o,8633
../../hasy-data/v2-30426.png,104,o,8633
../../hasy-data/v2-30427.png,104,o,8754
../../hasy-data/v2-30428.png,104,o,9017
../../hasy-data/v2-30429.png,104,o,15
../../hasy-data/v2-30430.png,104,o,9153
../../hasy-data/v2-30431.png,104,o,10
../../hasy-data/v2-30432.png,104,o,9283
../../hasy-data/v2-30433.png,104,o,9505
../../hasy-data/v2-30434.png,104,o,50
../../hasy-data/v2-30435.png,104,o,15
../../hasy-data/v2-30436.png,104,o,16925
../../hasy-data/v2-30437.png,104,o,16925
../../hasy-data/v2-30438.png,104,o,16925
../../hasy-data/v2-30439.png,104,o,10
../../hasy-data/v2-30440.png,104,o,10
../../hasy-data/v2-30441.png,104,o,10
../../hasy-data/v2-30442.png,104,o,10
../../hasy-data/v2-30443.png,104,o,10
../../hasy-data/v2-30444.png,104,o,10
../../hasy-data/v2-30445.png,104,o,10
../../hasy-data/v2-30446.png,104,o,59154
../../hasy-data/v2-30447.png,104,o,89334
../../hasy-data/v2-30448.png,104,o,90081
../../hasy-data/v2-30449.png,104,o,101277
../../hasy-data/v2-30450.png,105,p,10
../../hasy-data/v2-30451.png,105,p,15
../../hasy-data/v2-30452.png,105,p,10
../../hasy-data/v2-30453.png,105,p,23
../../hasy-data/v2-30454.png,105,p,44
../../hasy-data/v2-30455.png,105,p,48
../../hasy-data/v2-30456.png,105,p,46
../../hasy-data/v2-30457.png,105,p,1710
../../hasy-data/v2-30458.png,105,p,3620
../../hasy-data/v2-30459.png,105,p,4435
../../hasy-data/v2-30460.png,105,p,5572
../../hasy-data/v2-30461.png,105,p,5877
../../hasy-data/v2-30462.png,105,p,4142
../../hasy-data/v2-30463.png,105,p,10
../../hasy-data/v2-30464.png,105,p,10
../../hasy-data/v2-30465.png,105,p,6188
../../hasy-data/v2-30466.png,105,p,6483
../../hasy-data/v2-30467.png,105,p,6567
../../hasy-data/v2-30468.png,105,p,6483
../../hasy-data/v2-30469.png,105,p,6483
../../hasy-data/v2-30470.png,105,p,6662
../../hasy-data/v2-30471.png,105,p,6483
../../hasy-data/v2-30472.png,105,p,6483
../../hasy-data/v2-30473.png,105,p,5879
../../hasy-data/v2-30474.png,105,p,10
../../hasy-data/v2-30475.png,105,p,3320
../../hasy-data/v2-30476.png,105,p,8071
../../hasy-data/v2-30477.png,105,p,8457
../../hasy-data/v2-30478.png,105,p,8486
../../hasy-data/v2-30479.png,105,p,8486
../../hasy-data/v2-30480.png,105,p,8633
../../hasy-data/v2-30481.png,105,p,8633
../../hasy-data/v2-30482.png,105,p,8754
../../hasy-data/v2-30483.png,105,p,9017
../../hasy-data/v2-30484.png,105,p,9153
../../hasy-data/v2-30485.png,105,p,9283
../../hasy-data/v2-30486.png,105,p,9505
../../hasy-data/v2-30487.png,105,p,15
../../hasy-data/v2-30488.png,105,p,10
../../hasy-data/v2-30489.png,105,p,10
../../hasy-data/v2-30490.png,105,p,10
../../hasy-data/v2-30491.png,105,p,10
../../hasy-data/v2-30492.png,105,p,10
../../hasy-data/v2-30493.png,105,p,10
../../hasy-data/v2-30494.png,105,p,10
../../hasy-data/v2-30495.png,105,p,59154
../../hasy-data/v2-30496.png,105,p,101278
../../hasy-data/v2-30497.png,105,p,116471
../../hasy-data/v2-30498.png,105,p,125926
../../hasy-data/v2-30499.png,106,q,10
../../hasy-data/v2-30500.png,106,q,15
../../hasy-data/v2-30501.png,106,q,10
../../hasy-data/v2-30502.png,106,q,23
../../hasy-data/v2-30503.png,106,q,34
../../hasy-data/v2-30504.png,106,q,40
../../hasy-data/v2-30505.png,106,q,44
../../hasy-data/v2-30506.png,106,q,44
../../hasy-data/v2-30507.png,106,q,10
../../hasy-data/v2-30508.png,106,q,10
../../hasy-data/v2-30509.png,106,q,10
../../hasy-data/v2-30510.png,106,q,10
../../hasy-data/v2-30511.png,106,q,10
../../hasy-data/v2-30512.png,106,q,10
../../hasy-data/v2-30513.png,106,q,10
../../hasy-data/v2-30514.png,106,q,10
../../hasy-data/v2-30515.png,106,q,10
../../hasy-data/v2-30516.png,106,q,10
../../hasy-data/v2-30517.png,106,q,10
../../hasy-data/v2-30518.png,106,q,10
../../hasy-data/v2-30519.png,106,q,46
../../hasy-data/v2-30520.png,106,q,50
../../hasy-data/v2-30521.png,106,q,1710
../../hasy-data/v2-30522.png,106,q,3530
../../hasy-data/v2-30523.png,106,q,3620
../../hasy-data/v2-30524.png,106,q,4435
../../hasy-data/v2-30525.png,106,q,5572
../../hasy-data/v2-30526.png,106,q,5877
../../hasy-data/v2-30527.png,106,q,4142
../../hasy-data/v2-30528.png,106,q,6498
../../hasy-data/v2-30529.png,106,q,6483
../../hasy-data/v2-30530.png,106,q,6567
../../hasy-data/v2-30531.png,106,q,6483
../../hasy-data/v2-30532.png,106,q,6662
../../hasy-data/v2-30533.png,106,q,6672
../../hasy-data/v2-30534.png,106,q,6483
../../hasy-data/v2-30535.png,106,q,5879
../../hasy-data/v2-30536.png,106,q,6672
../../hasy-data/v2-30537.png,106,q,7052
../../hasy-data/v2-30538.png,106,q,1696
../../hasy-data/v2-30539.png,106,q,8071
../../hasy-data/v2-30540.png,106,q,3320
../../hasy-data/v2-30541.png,106,q,8457
../../hasy-data/v2-30542.png,106,q,8486
../../hasy-data/v2-30543.png,106,q,8633
../../hasy-data/v2-30544.png,106,q,8633
../../hasy-data/v2-30545.png,106,q,8633
../../hasy-data/v2-30546.png,106,q,8633
../../hasy-data/v2-30547.png,106,q,8754
../../hasy-data/v2-30548.png,106,q,9017
../../hasy-data/v2-30549.png,106,q,9283
../../hasy-data/v2-30550.png,106,q,9505
../../hasy-data/v2-30551.png,106,q,50
../../hasy-data/v2-30552.png,106,q,50
../../hasy-data/v2-30553.png,106,q,50
../../hasy-data/v2-30554.png,106,q,50
../../hasy-data/v2-30555.png,106,q,15
../../hasy-data/v2-30556.png,106,q,5879
../../hasy-data/v2-30557.png,106,q,17324
../../hasy-data/v2-30558.png,106,q,59154
../../hasy-data/v2-30559.png,106,q,101279
../../hasy-data/v2-30560.png,106,q,116471
../../hasy-data/v2-30561.png,107,r,10
../../hasy-data/v2-30562.png,107,r,15
../../hasy-data/v2-30563.png,107,r,10
../../hasy-data/v2-30564.png,107,r,23
../../hasy-data/v2-30565.png,107,r,34
../../hasy-data/v2-30566.png,107,r,40
../../hasy-data/v2-30567.png,107,r,44
../../hasy-data/v2-30568.png,107,r,48
../../hasy-data/v2-30569.png,107,r,50
../../hasy-data/v2-30570.png,107,r,1710
../../hasy-data/v2-30571.png,107,r,3620
../../hasy-data/v2-30572.png,107,r,4435
../../hasy-data/v2-30573.png,107,r,5572
../../hasy-data/v2-30574.png,107,r,5877
../../hasy-data/v2-30575.png,107,r,5879
../../hasy-data/v2-30576.png,107,r,4142
../../hasy-data/v2-30577.png,107,r,10
../../hasy-data/v2-30578.png,107,r,6188
../../hasy-data/v2-30579.png,107,r,6483
../../hasy-data/v2-30580.png,107,r,6567
../../hasy-data/v2-30581.png,107,r,6483
../../hasy-data/v2-30582.png,107,r,6483
../../hasy-data/v2-30583.png,107,r,6643
../../hasy-data/v2-30584.png,107,r,6662
../../hasy-data/v2-30585.png,107,r,6662
../../hasy-data/v2-30586.png,107,r,6662
../../hasy-data/v2-30587.png,107,r,6672
../../hasy-data/v2-30588.png,107,r,7713
../../hasy-data/v2-30589.png,107,r,1696
../../hasy-data/v2-30590.png,107,r,8457
../../hasy-data/v2-30591.png,107,r,8754
../../hasy-data/v2-30592.png,107,r,9017
../../hasy-data/v2-30593.png,107,r,9283
../../hasy-data/v2-30594.png,107,r,9505
../../hasy-data/v2-30595.png,107,r,15
../../hasy-data/v2-30596.png,107,r,15
../../hasy-data/v2-30597.png,107,r,10
../../hasy-data/v2-30598.png,107,r,10
../../hasy-data/v2-30599.png,107,r,10
../../hasy-data/v2-30600.png,107,r,10
../../hasy-data/v2-30601.png,107,r,10
../../hasy-data/v2-30602.png,107,r,10
../../hasy-data/v2-30603.png,107,r,10
../../hasy-data/v2-30604.png,107,r,10
../../hasy-data/v2-30605.png,107,r,10
../../hasy-data/v2-30606.png,107,r,10
../../hasy-data/v2-30607.png,107,r,10
../../hasy-data/v2-30608.png,107,r,10
../../hasy-data/v2-30609.png,107,r,10
../../hasy-data/v2-30610.png,107,r,10
../../hasy-data/v2-30611.png,107,r,10
../../hasy-data/v2-30612.png,107,r,59154
../../hasy-data/v2-30613.png,107,r,101280
../../hasy-data/v2-30614.png,107,r,116471
../../hasy-data/v2-30615.png,108,s,10
../../hasy-data/v2-30616.png,108,s,15
../../hasy-data/v2-30617.png,108,s,10
../../hasy-data/v2-30618.png,108,s,10
../../hasy-data/v2-30619.png,108,s,23
../../hasy-data/v2-30620.png,108,s,40
../../hasy-data/v2-30621.png,108,s,35
../../hasy-data/v2-30622.png,108,s,44
../../hasy-data/v2-30623.png,108,s,48
../../hasy-data/v2-30624.png,108,s,46
../../hasy-data/v2-30625.png,108,s,50
../../hasy-data/v2-30626.png,108,s,1710
../../hasy-data/v2-30627.png,108,s,3620
../../hasy-data/v2-30628.png,108,s,4435
../../hasy-data/v2-30629.png,108,s,5572
../../hasy-data/v2-30630.png,108,s,5877
../../hasy-data/v2-30631.png,108,s,4142
../../hasy-data/v2-30632.png,108,s,10
../../hasy-data/v2-30633.png,108,s,10
../../hasy-data/v2-30634.png,108,s,6188
../../hasy-data/v2-30635.png,108,s,6498
../../hasy-data/v2-30636.png,108,s,6483
../../hasy-data/v2-30637.png,108,s,6567
../../hasy-data/v2-30638.png,108,s,6483
../../hasy-data/v2-30639.png,108,s,6643
../../hasy-data/v2-30640.png,108,s,6662
../../hasy-data/v2-30641.png,108,s,6483
../../hasy-data/v2-30642.png,108,s,6483
../../hasy-data/v2-30643.png,108,s,5879
../../hasy-data/v2-30644.png,108,s,7052
../../hasy-data/v2-30645.png,108,s,1696
../../hasy-data/v2-30646.png,108,s,7957
../../hasy-data/v2-30647.png,108,s,7841
../../hasy-data/v2-30648.png,108,s,8082
../../hasy-data/v2-30649.png,108,s,8071
../../hasy-data/v2-30650.png,108,s,8457
../../hasy-data/v2-30651.png,108,s,8486
../../hasy-data/v2-30652.png,108,s,8633
../../hasy-data/v2-30653.png,108,s,8754
../../hasy-data/v2-30654.png,108,s,9017
../../hasy-data/v2-30655.png,108,s,9153
../../hasy-data/v2-30656.png,108,s,9283
../../hasy-data/v2-30657.png,108,s,9505
../../hasy-data/v2-30658.png,108,s,50
../../hasy-data/v2-30659.png,108,s,15
../../hasy-data/v2-30660.png,108,s,8486
../../hasy-data/v2-30661.png,108,s,5879
../../hasy-data/v2-30662.png,108,s,16925
../../hasy-data/v2-30663.png,108,s,17598
../../hasy-data/v2-30664.png,108,s,17598
../../hasy-data/v2-30665.png,108,s,59154
../../hasy-data/v2-30666.png,108,s,91466
../../hasy-data/v2-30667.png,108,s,116471
../../hasy-data/v2-30668.png,110,u,10
../../hasy-data/v2-30669.png,110,u,15
../../hasy-data/v2-30670.png,110,u,10
../../hasy-data/v2-30671.png,110,u,23
../../hasy-data/v2-30672.png,110,u,10
../../hasy-data/v2-30673.png,110,u,10
../../hasy-data/v2-30674.png,110,u,10
../../hasy-data/v2-30675.png,110,u,10
../../hasy-data/v2-30676.png,110,u,34
../../hasy-data/v2-30677.png,110,u,40
../../hasy-data/v2-30678.png,110,u,44
../../hasy-data/v2-30679.png,110,u,48
../../hasy-data/v2-30680.png,110,u,46
../../hasy-data/v2-30681.png,110,u,517
../../hasy-data/v2-30682.png,110,u,1710
../../hasy-data/v2-30683.png,110,u,3620
../../hasy-data/v2-30684.png,110,u,4435
../../hasy-data/v2-30685.png,110,u,5572
../../hasy-data/v2-30686.png,110,u,5877
../../hasy-data/v2-30687.png,110,u,4142
../../hasy-data/v2-30688.png,110,u,6188
../../hasy-data/v2-30689.png,110,u,6498
../../hasy-data/v2-30690.png,110,u,6567
../../hasy-data/v2-30691.png,110,u,6643
../../hasy-data/v2-30692.png,110,u,6662
../../hasy-data/v2-30693.png,110,u,6672
../../hasy-data/v2-30694.png,110,u,6672
../../hasy-data/v2-30695.png,110,u,6483
../../hasy-data/v2-30696.png,110,u,5879
../../hasy-data/v2-30697.png,110,u,7045
../../hasy-data/v2-30698.png,110,u,7052
../../hasy-data/v2-30699.png,110,u,1696
../../hasy-data/v2-30700.png,110,u,8082
../../hasy-data/v2-30701.png,110,u,8457
../../hasy-data/v2-30702.png,110,u,8486
../../hasy-data/v2-30703.png,110,u,10
../../hasy-data/v2-30704.png,110,u,8633
../../hasy-data/v2-30705.png,110,u,8633
../../hasy-data/v2-30706.png,110,u,8754
../../hasy-data/v2-30707.png,110,u,9017
../../hasy-data/v2-30708.png,110,u,9224
../../hasy-data/v2-30709.png,110,u,9283
../../hasy-data/v2-30710.png,110,u,9505
../../hasy-data/v2-30711.png,110,u,50
../../hasy-data/v2-30712.png,110,u,15
../../hasy-data/v2-30713.png,110,u,15
../../hasy-data/v2-30714.png,110,u,15
../../hasy-data/v2-30715.png,110,u,59154
../../hasy-data/v2-30716.png,110,u,101286
../../hasy-data/v2-30717.png,110,u,101332
../../hasy-data/v2-30718.png,110,u,116471
../../hasy-data/v2-30719.png,111,v,10
../../hasy-data/v2-30720.png,111,v,15
../../hasy-data/v2-30721.png,111,v,10
../../hasy-data/v2-30722.png,111,v,23
../../hasy-data/v2-30723.png,111,v,34
../../hasy-data/v2-30724.png,111,v,40
../../hasy-data/v2-30725.png,111,v,35
../../hasy-data/v2-30726.png,111,v,44
../../hasy-data/v2-30727.png,111,v,48
../../hasy-data/v2-30728.png,111,v,46
../../hasy-data/v2-30729.png,111,v,50
../../hasy-data/v2-30730.png,111,v,3620
../../hasy-data/v2-30731.png,111,v,4435
../../hasy-data/v2-30732.png,111,v,5877
../../hasy-data/v2-30733.png,111,v,4142
../../hasy-data/v2-30734.png,111,v,10
../../hasy-data/v2-30735.png,111,v,10
../../hasy-data/v2-30736.png,111,v,10
../../hasy-data/v2-30737.png,111,v,6188
../../hasy-data/v2-30738.png,111,v,6483
../../hasy-data/v2-30739.png,111,v,6483
../../hasy-data/v2-30740.png,111,v,6643
../../hasy-data/v2-30741.png,111,v,6662
../../hasy-data/v2-30742.png,111,v,6672
../../hasy-data/v2-30743.png,111,v,7045
../../hasy-data/v2-30744.png,111,v,10
../../hasy-data/v2-30745.png,111,v,8082
../../hasy-data/v2-30746.png,111,v,8457
../../hasy-data/v2-30747.png,111,v,8486
../../hasy-data/v2-30748.png,111,v,8633
../../hasy-data/v2-30749.png,111,v,8754
../../hasy-data/v2-30750.png,111,v,9017
../../hasy-data/v2-30751.png,111,v,15
../../hasy-data/v2-30752.png,111,v,9505
../../hasy-data/v2-30753.png,111,v,16925
../../hasy-data/v2-30754.png,111,v,10
../../hasy-data/v2-30755.png,111,v,10
../../hasy-data/v2-30756.png,111,v,10
../../hasy-data/v2-30757.png,111,v,10
../../hasy-data/v2-30758.png,111,v,10
../../hasy-data/v2-30759.png,111,v,10
../../hasy-data/v2-30760.png,111,v,10
../../hasy-data/v2-30761.png,111,v,10
../../hasy-data/v2-30762.png,111,v,10
../../hasy-data/v2-30763.png,111,v,10
../../hasy-data/v2-30764.png,111,v,10
../../hasy-data/v2-30765.png,111,v,10
../../hasy-data/v2-30766.png,111,v,10
../../hasy-data/v2-30767.png,111,v,10
../../hasy-data/v2-30768.png,111,v,10
../../hasy-data/v2-30769.png,111,v,10
../../hasy-data/v2-30770.png,111,v,10
../../hasy-data/v2-30771.png,111,v,59154
../../hasy-data/v2-30772.png,111,v,101287
../../hasy-data/v2-30773.png,111,v,101333
../../hasy-data/v2-30774.png,111,v,116471
../../hasy-data/v2-30775.png,112,w,10
../../hasy-data/v2-30776.png,112,w,15
../../hasy-data/v2-30777.png,112,w,10
../../hasy-data/v2-30778.png,112,w,23
../../hasy-data/v2-30779.png,112,w,34
../../hasy-data/v2-30780.png,112,w,35
../../hasy-data/v2-30781.png,112,w,44
../../hasy-data/v2-30782.png,112,w,50
../../hasy-data/v2-30783.png,112,w,1709
../../hasy-data/v2-30784.png,112,w,1710
../../hasy-data/v2-30785.png,112,w,3620
../../hasy-data/v2-30786.png,112,w,4435
../../hasy-data/v2-30787.png,112,w,5572
../../hasy-data/v2-30788.png,112,w,5877
../../hasy-data/v2-30789.png,112,w,4142
../../hasy-data/v2-30790.png,112,w,10
../../hasy-data/v2-30791.png,112,w,10
../../hasy-data/v2-30792.png,112,w,6188
../../hasy-data/v2-30793.png,112,w,6483
../../hasy-data/v2-30794.png,112,w,6567
../../hasy-data/v2-30795.png,112,w,6643
../../hasy-data/v2-30796.png,112,w,6662
../../hasy-data/v2-30797.png,112,w,6672
../../hasy-data/v2-30798.png,112,w,5879
../../hasy-data/v2-30799.png,112,w,1696
../../hasy-data/v2-30800.png,112,w,8457
../../hasy-data/v2-30801.png,112,w,8486
../../hasy-data/v2-30802.png,112,w,8633
../../hasy-data/v2-30803.png,112,w,8633
../../hasy-data/v2-30804.png,112,w,9017
../../hasy-data/v2-30805.png,112,w,9153
../../hasy-data/v2-30806.png,112,w,9224
../../hasy-data/v2-30807.png,112,w,9224
../../hasy-data/v2-30808.png,112,w,9283
../../hasy-data/v2-30809.png,112,w,9505
../../hasy-data/v2-30810.png,112,w,50
../../hasy-data/v2-30811.png,112,w,15
../../hasy-data/v2-30812.png,112,w,15
../../hasy-data/v2-30813.png,112,w,15
../../hasy-data/v2-30814.png,112,w,5879
../../hasy-data/v2-30815.png,112,w,16925
../../hasy-data/v2-30816.png,112,w,10
../../hasy-data/v2-30817.png,112,w,10
../../hasy-data/v2-30818.png,112,w,10
../../hasy-data/v2-30819.png,112,w,10
../../hasy-data/v2-30820.png,112,w,59154
../../hasy-data/v2-30821.png,112,w,101288
../../hasy-data/v2-30822.png,112,w,101289
../../hasy-data/v2-30823.png,112,w,101334
../../hasy-data/v2-30824.png,112,w,116471
../../hasy-data/v2-30825.png,113,x,10
../../hasy-data/v2-30826.png,113,x,46
../../hasy-data/v2-30827.png,113,x,50
../../hasy-data/v2-30828.png,113,x,1692
../../hasy-data/v2-30829.png,113,x,3620
../../hasy-data/v2-30830.png,113,x,4435
../../hasy-data/v2-30831.png,113,x,5572
../../hasy-data/v2-30832.png,113,x,5852
../../hasy-data/v2-30833.png,113,x,5877
../../hasy-data/v2-30834.png,113,x,5879
../../hasy-data/v2-30835.png,113,x,5895
../../hasy-data/v2-30836.png,113,x,5864
../../hasy-data/v2-30837.png,113,x,4142
../../hasy-data/v2-30838.png,113,x,6188
../../hasy-data/v2-30839.png,113,x,6411
../../hasy-data/v2-30840.png,113,x,6483
../../hasy-data/v2-30841.png,113,x,6567
../../hasy-data/v2-30842.png,113,x,6565
../../hasy-data/v2-30843.png,113,x,6483
../../hasy-data/v2-30844.png,113,x,6662
../../hasy-data/v2-30845.png,113,x,6672
../../hasy-data/v2-30846.png,113,x,6899
../../hasy-data/v2-30847.png,113,x,6902
../../hasy-data/v2-30848.png,113,x,5879
../../hasy-data/v2-30849.png,113,x,7637
../../hasy-data/v2-30850.png,113,x,1696
../../hasy-data/v2-30851.png,113,x,6958
../../hasy-data/v2-30852.png,113,x,7957
../../hasy-data/v2-30853.png,113,x,8082
../../hasy-data/v2-30854.png,113,x,8457
../../hasy-data/v2-30855.png,113,x,8486
../../hasy-data/v2-30856.png,113,x,8633
../../hasy-data/v2-30857.png,113,x,8633
../../hasy-data/v2-30858.png,113,x,8633
../../hasy-data/v2-30859.png,113,x,8633
../../hasy-data/v2-30860.png,113,x,8754
../../hasy-data/v2-30861.png,113,x,9017
../../hasy-data/v2-30862.png,113,x,9017
../../hasy-data/v2-30863.png,113,x,9017
../../hasy-data/v2-30864.png,113,x,9283
../../hasy-data/v2-30865.png,113,x,9505
../../hasy-data/v2-30866.png,113,x,15
../../hasy-data/v2-30867.png,113,x,15
../../hasy-data/v2-30868.png,113,x,15
../../hasy-data/v2-30869.png,113,x,15
../../hasy-data/v2-30870.png,113,x,16925
../../hasy-data/v2-30871.png,113,x,16925
../../hasy-data/v2-30872.png,113,x,16925
../../hasy-data/v2-30873.png,113,x,16925
../../hasy-data/v2-30874.png,113,x,16925
../../hasy-data/v2-30875.png,113,x,16925
../../hasy-data/v2-30876.png,113,x,59154
../../hasy-data/v2-30877.png,113,x,92768
../../hasy-data/v2-30878.png,113,x,101291
../../hasy-data/v2-30879.png,113,x,101358
../../hasy-data/v2-30880.png,113,x,116471
../../hasy-data/v2-30881.png,113,x,117684
../../hasy-data/v2-30882.png,113,x,124916
../../hasy-data/v2-30883.png,113,x,125926
../../hasy-data/v2-30884.png,114,y,10
../../hasy-data/v2-30885.png,114,y,10
../../hasy-data/v2-30886.png,114,y,23
../../hasy-data/v2-30887.png,114,y,30
../../hasy-data/v2-30888.png,114,y,34
../../hasy-data/v2-30889.png,114,y,40
../../hasy-data/v2-30890.png,114,y,48
../../hasy-data/v2-30891.png,114,y,50
../../hasy-data/v2-30892.png,114,y,1710
../../hasy-data/v2-30893.png,114,y,3620
../../hasy-data/v2-30894.png,114,y,4435
../../hasy-data/v2-30895.png,114,y,5572
../../hasy-data/v2-30896.png,114,y,5877
../../hasy-data/v2-30897.png,114,y,4142
../../hasy-data/v2-30898.png,114,y,10
../../hasy-data/v2-30899.png,114,y,6188
../../hasy-data/v2-30900.png,114,y,6483
../../hasy-data/v2-30901.png,114,y,6567
../../hasy-data/v2-30902.png,114,y,6567
../../hasy-data/v2-30903.png,114,y,6662
../../hasy-data/v2-30904.png,114,y,6672
../../hasy-data/v2-30905.png,114,y,6483
../../hasy-data/v2-30906.png,114,y,5879
../../hasy-data/v2-30907.png,114,y,5879
../../hasy-data/v2-30908.png,114,y,5879
../../hasy-data/v2-30909.png,114,y,8486
../../hasy-data/v2-30910.png,114,y,8633
../../hasy-data/v2-30911.png,114,y,8754
../../hasy-data/v2-30912.png,114,y,15
../../hasy-data/v2-30913.png,114,y,9153
../../hasy-data/v2-30914.png,114,y,9224
../../hasy-data/v2-30915.png,114,y,9283
../../hasy-data/v2-30916.png,114,y,9499
../../hasy-data/v2-30917.png,114,y,9505
../../hasy-data/v2-30918.png,114,y,50
../../hasy-data/v2-30919.png,114,y,50
../../hasy-data/v2-30920.png,114,y,15
../../hasy-data/v2-30921.png,114,y,5879
../../hasy-data/v2-30922.png,114,y,16925
../../hasy-data/v2-30923.png,114,y,10
../../hasy-data/v2-30924.png,114,y,10
../../hasy-data/v2-30925.png,114,y,10
../../hasy-data/v2-30926.png,114,y,10
../../hasy-data/v2-30927.png,114,y,10
../../hasy-data/v2-30928.png,114,y,10
../../hasy-data/v2-30929.png,114,y,10
../../hasy-data/v2-30930.png,114,y,10
../../hasy-data/v2-30931.png,114,y,10
../../hasy-data/v2-30932.png,114,y,10
../../hasy-data/v2-30933.png,114,y,59154
../../hasy-data/v2-30934.png,114,y,101292
../../hasy-data/v2-30935.png,114,y,116471
../../hasy-data/v2-30936.png,115,z,15
../../hasy-data/v2-30937.png,115,z,23
../../hasy-data/v2-30938.png,115,z,34
../../hasy-data/v2-30939.png,115,z,35
../../hasy-data/v2-30940.png,115,z,48
../../hasy-data/v2-30941.png,115,z,50
../../hasy-data/v2-30942.png,115,z,1710
../../hasy-data/v2-30943.png,115,z,3620
../../hasy-data/v2-30944.png,115,z,5572
../../hasy-data/v2-30945.png,115,z,5877
../../hasy-data/v2-30946.png,115,z,5864
../../hasy-data/v2-30947.png,115,z,4142
../../hasy-data/v2-30948.png,115,z,10
../../hasy-data/v2-30949.png,115,z,6188
../../hasy-data/v2-30950.png,115,z,6483
../../hasy-data/v2-30951.png,115,z,6567
../../hasy-data/v2-30952.png,115,z,6567
../../hasy-data/v2-30953.png,115,z,6483
../../hasy-data/v2-30954.png,115,z,6662
../../hasy-data/v2-30955.png,115,z,6672
../../hasy-data/v2-30956.png,115,z,6483
../../hasy-data/v2-30957.png,115,z,5879
../../hasy-data/v2-30958.png,115,z,10
../../hasy-data/v2-30959.png,115,z,1696
../../hasy-data/v2-30960.png,115,z,8082
../../hasy-data/v2-30961.png,115,z,10
../../hasy-data/v2-30962.png,115,z,6483
../../hasy-data/v2-30963.png,115,z,8457
../../hasy-data/v2-30964.png,115,z,8486
../../hasy-data/v2-30965.png,115,z,8633
../../hasy-data/v2-30966.png,115,z,8633
../../hasy-data/v2-30967.png,115,z,8754
../../hasy-data/v2-30968.png,115,z,9017
../../hasy-data/v2-30969.png,115,z,9153
../../hasy-data/v2-30970.png,115,z,9281
../../hasy-data/v2-30971.png,115,z,9283
../../hasy-data/v2-30972.png,115,z,9505
../../hasy-data/v2-30973.png,115,z,50
../../hasy-data/v2-30974.png,115,z,5879
../../hasy-data/v2-30975.png,115,z,10
../../hasy-data/v2-30976.png,115,z,10
../../hasy-data/v2-30977.png,115,z,10
../../hasy-data/v2-30978.png,115,z,10
../../hasy-data/v2-30979.png,115,z,10
../../hasy-data/v2-30980.png,115,z,10
../../hasy-data/v2-30981.png,115,z,10
../../hasy-data/v2-30982.png,115,z,10
../../hasy-data/v2-30983.png,115,z,10
../../hasy-data/v2-30984.png,115,z,10
../../hasy-data/v2-30985.png,115,z,59154
../../hasy-data/v2-30986.png,115,z,60295
../../hasy-data/v2-30987.png,115,z,101294
../../hasy-data/v2-30988.png,115,z,101337
../../hasy-data/v2-30989.png,115,z,116471